after pos [(26, 7), (22, 23), (24, 21), (30, 11)]
current pos [(26, 7), (22, 23), (24, 21), (30, 11)]
after pos [(30, 9), (30, 15), (28, 7), (22, 5)]
current pos [(30, 9), (30, 15), (28, 7), (22, 5)]
after pos [(16, 27), (16, 5), (26, 5), (10, 7)]
current pos [(16, 27), (16, 5), (26, 5), (10, 7)]
after pos [(20, 25), (26, 23), (30, 19), (22, 3)]
current pos [(20, 25), (26, 23), (30, 19), (22, 3)]
after pos [(16, 3), (22, 25), (10, 5), (6, 9)]
current pos [(16, 3), (22, 25), (10, 5), (6, 9)]
after pos [(14, 3), (28, 21), (6, 13), (32, 15)]
current pos [(14, 3), (28, 21), (6, 13), (32, 15)]
after pos [(6, 7), (32, 13), (32, 9), (22, 27)]
current pos [(6, 7), (32, 13), (32, 9), (22, 27)]
after pos [(30, 23), (32, 7), (32, 11), (30, 5)]
│  map 6  steps=23  dist=[199.99658173704427, 201.71430620914396, 249.1227406028529, 300.0428355730311]  rmse=0.09162553
054778265  cov=5.220000073313713%  iou=0.29407737076343715  [57/200]
current pos [(30, 23), (32, 7), (32, 11), (30, 5)]
after pos [(1, 16), (3, 10), (3, 12), (3, 14)]
current pos [(1, 16), (3, 10), (3, 12), (3, 14)]
after pos [(16, 7), (12, 7), (14, 7), (10, 7)]
current pos [(16, 7), (12, 7), (14, 7), (10, 7)]
after pos [(16, 5), (14, 5), (12, 5), (6, 7)]
current pos [(16, 5), (14, 5), (12, 5), (6, 7)]
after pos [(12, 15), (18, 5), (8, 5), (10, 5)]
current pos [(12, 15), (18, 5), (8, 5), (10, 5)]
after pos [(14, 15), (10, 15), (14, 17), (14, 3)]
current pos [(14, 15), (10, 15), (14, 17), (14, 3)]
after pos [(16, 15), (8, 15), (18, 15), (16, 17)]
current pos [(16, 15), (8, 15), (18, 15), (16, 17)]
after pos [(20, 15), (6, 4), (18, 3), (16, 3)]
current pos [(20, 15), (6, 4), (18, 3), (16, 3)]
after pos [(20, 13), (8, 3), (22, 5), (8, 25)]
current pos [(20, 13), (8, 3), (22, 5), (8, 25)]
after pos [(22, 13), (22, 15), (12, 21), (9, 31)]
current pos [(22, 13), (22, 15), (12, 21), (9, 31)]
after pos [(8, 1), (20, 17), (24, 5), (12, 2)]
current pos [(8, 1), (20, 17), (24, 5), (12, 2)]
after pos [(16, 1), (12, 23), (20, 1), (24, 13)]
current pos [(16, 1), (12, 23), (20, 1), (24, 13)]
after pos [(22, 19), (24, 15), (14, 29), (16, 27)]
current pos [(22, 19), (24, 15), (14, 29), (16, 27)]
after pos [(8, 44), (8, 40), (9, 38), (12, 25)]
current pos [(8, 44), (8, 40), (9, 38), (12, 25)]
after pos [(8, 60), (8, 64), (8, 56), (9, 54)]
current pos [(8, 60), (8, 64), (8, 56), (9, 54)]
after pos [(8, 88), (9, 86), (9, 82), (8, 76)]
current pos [(8, 88), (9, 86), (9, 82), (8, 76)]
after pos [(33, 74), (33, 78), (32, 70), (29, 78)]
current pos [(33, 74), (33, 78), (32, 70), (29, 78)]
after pos [(61, 78), (62, 76), (59, 78), (57, 78)]
current pos [(61, 78), (62, 76), (59, 78), (57, 78)]
after pos [(85, 86), (85, 82), (84, 84), (81, 82)]
current pos [(85, 86), (85, 82), (84, 84), (81, 82)]
after pos [(68, 89), (56, 89), (57, 87), (58, 89)]
│  map 7  steps=19  dist=[289.6601721127722, 303.0564581825934, 316.77103285299336, 323.6139740965538]  rmse=0.053687992
39677783  cov=8.060000091791153%  iou=0.5465425531914894  [58/200]
current pos [(68, 89), (56, 89), (57, 87), (58, 89)]
after pos [(38, 89), (39, 82), (39, 84), (39, 86)]
current pos [(38, 89), (39, 82), (39, 84), (39, 86)]
after pos [(9, 85), (9, 82), (10, 79), (10, 87)]
current pos [(9, 85), (9, 82), (10, 79), (10, 87)]
after pos [(8, 73), (8, 79), (8, 77), (8, 75)]
current pos [(8, 73), (8, 79), (8, 77), (8, 75)]
after pos [(6, 77), (6, 79), (6, 81), (10, 75)]
current pos [(6, 77), (6, 79), (6, 81), (10, 75)]
after pos [(12, 77), (10, 73), (14, 77), (8, 87)]
current pos [(12, 77), (10, 73), (14, 77), (8, 87)]
after pos [(12, 75), (14, 75), (6, 73), (6, 83)]
current pos [(12, 75), (14, 75), (6, 73), (6, 83)]
after pos [(10, 71), (8, 71), (12, 71), (14, 71)]
current pos [(10, 71), (8, 71), (12, 71), (14, 71)]
after pos [(6, 71), (10, 69), (12, 69), (8, 69)]
current pos [(6, 71), (10, 69), (12, 69), (8, 69)]
after pos [(8, 67), (10, 67), (6, 69), (14, 69)]
current pos [(8, 67), (10, 67), (6, 69), (14, 69)]
after pos [(12, 67), (6, 67), (14, 67), (6, 87)]
current pos [(12, 67), (6, 67), (14, 67), (6, 87)]
after pos [(8, 65), (20, 79), (4, 76), (16, 77)]
current pos [(8, 65), (20, 79), (4, 76), (16, 77)]
after pos [(8, 63), (6, 65), (16, 73), (10, 89)]
current pos [(8, 63), (6, 65), (16, 73), (10, 89)]
after pos [(8, 89), (16, 71), (8, 91), (8, 61)]
current pos [(8, 89), (16, 71), (8, 91), (8, 61)]
after pos [(6, 89), (12, 89), (10, 91), (4, 72)]
current pos [(6, 89), (12, 89), (10, 91), (4, 72)]
after pos [(12, 91), (18, 71), (4, 80), (14, 89)]
current pos [(12, 91), (18, 71), (4, 80), (14, 89)]
after pos [(22, 79), (4, 78), (22, 85), (8, 93)]
current pos [(22, 79), (4, 78), (22, 85), (8, 93)]
after pos [(24, 79), (8, 57), (8, 59), (16, 91)]
current pos [(24, 79), (8, 57), (8, 59), (16, 91)]
after pos [(22, 77), (14, 65), (16, 67), (4, 84)]
current pos [(22, 77), (14, 65), (16, 67), (4, 84)]
after pos [(8, 55), (8, 53), (8, 51), (6, 91)]
current pos [(8, 55), (8, 53), (8, 51), (6, 91)]
after pos [(8, 28), (8, 44), (8, 48), (4, 66)]
current pos [(8, 28), (8, 44), (8, 48), (4, 66)]
after pos [(8, 10), (8, 16), (8, 26), (12, 55)]
current pos [(8, 10), (8, 16), (8, 26), (12, 55)]
after pos [(32, 10), (24, 10), (28, 10), (24, 28)]
│  map 8  steps=22  dist=[257.05499215310635, 283.1170091302804, 283.5125966964464, 317.4157304417305]  rmse=0.063444885
27266631  cov=6.570000201463699%  iou=0.6787700359829899  [59/200]
current pos [(32, 10), (24, 10), (28, 10), (24, 28)]
after pos [(2, 10), (3, 3), (3, 5), (3, 7)]
current pos [(2, 10), (3, 3), (3, 5), (3, 7)]
after pos [(8, 32), (8, 28), (9, 30), (8, 26)]
current pos [(8, 32), (8, 28), (9, 30), (8, 26)]
after pos [(8, 40), (8, 44), (8, 48), (8, 42)]
current pos [(8, 40), (8, 44), (8, 48), (8, 42)]
after pos [(8, 56), (8, 53), (8, 60), (8, 51)]
current pos [(8, 56), (8, 53), (8, 60), (8, 51)]
after pos [(6, 55), (10, 51), (10, 55), (6, 53)]
current pos [(6, 55), (10, 51), (10, 55), (6, 53)]
after pos [(10, 49), (6, 49), (12, 55), (10, 47)]
current pos [(10, 49), (6, 49), (12, 55), (10, 47)]
after pos [(6, 47), (12, 53), (12, 49), (10, 45)]
current pos [(6, 47), (12, 53), (12, 49), (10, 45)]
after pos [(12, 47), (14, 53), (14, 51), (14, 49)]
current pos [(12, 47), (14, 53), (14, 51), (14, 49)]
after pos [(6, 45), (10, 43), (14, 45), (14, 55)]
current pos [(6, 45), (10, 43), (14, 45), (14, 55)]
after pos [(12, 43), (14, 43), (16, 51), (6, 59)]
current pos [(12, 43), (14, 43), (16, 51), (6, 59)]
after pos [(12, 41), (10, 41), (6, 43), (16, 53)]
current pos [(12, 41), (10, 41), (6, 43), (16, 53)]
after pos [(14, 39), (6, 41), (16, 45), (12, 39)]
current pos [(14, 39), (6, 41), (16, 45), (12, 39)]
after pos [(16, 43), (18, 43), (18, 49), (18, 51)]
current pos [(16, 43), (18, 43), (18, 49), (18, 51)]
after pos [(16, 39), (18, 41), (18, 45), (14, 37)]
current pos [(16, 39), (18, 41), (18, 45), (14, 37)]
after pos [(18, 39), (12, 37), (20, 45), (20, 47)]
current pos [(18, 39), (12, 37), (20, 45), (20, 47)]
after pos [(20, 43), (14, 35), (20, 49), (18, 37)]
current pos [(20, 43), (14, 35), (20, 49), (18, 37)]
after pos [(18, 55), (20, 51), (22, 47), (14, 59)]
current pos [(18, 55), (20, 51), (22, 47), (14, 59)]
after pos [(22, 45), (12, 59), (22, 43), (22, 51)]
current pos [(22, 45), (12, 59), (22, 43), (22, 51)]
after pos [(22, 41), (8, 65), (6, 39), (22, 39)]
current pos [(22, 41), (8, 65), (6, 39), (22, 39)]
after pos [(24, 47), (24, 45), (6, 36), (24, 43)]
current pos [(24, 47), (24, 45), (6, 36), (24, 43)]
after pos [(24, 49), (24, 51), (12, 63), (18, 59)]
current pos [(24, 49), (24, 51), (12, 63), (18, 59)]
after pos [(22, 55), (26, 47), (26, 51), (26, 43)]
current pos [(22, 55), (26, 47), (26, 51), (26, 43)]
after pos [(28, 47), (26, 55), (26, 41), (22, 59)]
current pos [(28, 47), (26, 55), (26, 41), (22, 59)]
after pos [(28, 51), (28, 45), (28, 53), (20, 59)]
current pos [(28, 51), (28, 45), (28, 53), (20, 59)]
after pos [(30, 51), (30, 49), (28, 55), (30, 47)]
│  map 9  steps=25  dist=[186.72958997636795, 230.95785355281942, 243.83144189319475, 302.2807147719763]  rmse=0.0808889
4639641586  cov=5.3199999034404755%  iou=0.5951700031776295  [60/200]
└─ done

┌─ model=ensemble  policy=epsilon_greedy
current pos [(30, 51), (30, 49), (28, 55), (30, 47)]
after pos [(31, 78), (31, 32), (16, 57), (53, 58)]
current pos [(31, 78), (31, 32), (16, 57), (53, 58)]
after pos [(9, 86), (34, 59), (23, 63), (62, 45)]
current pos [(9, 86), (34, 59), (23, 63), (62, 45)]
after pos [(38, 82), (14, 42), (14, 57), (55, 30)]
current pos [(38, 82), (14, 42), (14, 57), (55, 30)]
after pos [(51, 66), (11, 22), (27, 59), (41, 16)]
current pos [(51, 66), (11, 22), (27, 59), (41, 16)]
after pos [(53, 56), (34, 32), (9, 66), (68, 26)]
current pos [(53, 56), (34, 32), (9, 66), (68, 26)]
after pos [(70, 36), (56, 16), (26, 83), (75, 47)]
current pos [(70, 36), (56, 16), (26, 83), (75, 47)]
after pos [(83, 52), (31, 7), (19, 87), (68, 41)]
current pos [(83, 52), (31, 7), (19, 87), (68, 41)]
after pos [(89, 33), (32, 11), (45, 98), (59, 57)]
current pos [(89, 33), (32, 11), (45, 98), (59, 57)]
after pos [(81, 6), (9, 18), (0, 0), (44, 43)]
current pos [(81, 6), (9, 18), (0, 0), (44, 43)]
after pos [(63, 14), (19, 14), (3, 26), (44, 67)]
current pos [(63, 14), (19, 14), (3, 26), (44, 67)]
after pos [(86, 1), (4, 1), (27, 27), (69, 82)]
current pos [(86, 1), (4, 1), (27, 27), (69, 82)]
after pos [(73, 5), (30, 2), (17, 55), (66, 93)]
│  map 0  steps=12  dist=[265.18436937583846, 254.3252963339452, 312.76626210855625, 241.2386272801104]  rmse=0.04358488
733688369  cov=9.149999916553497%  iou=0.6985138004246284  [61/200]
current pos [(73, 5), (30, 2), (17, 55), (66, 93)]
after pos [(80, 20), (28, 29), (0, 31), (83, 89)]
current pos [(80, 20), (28, 29), (0, 31), (83, 89)]
after pos [(96, 19), (16, 12), (10, 43), (83, 97)]
current pos [(96, 19), (16, 12), (10, 43), (83, 97)]
after pos [(93, 4), (22, 15), (16, 16), (86, 92)]
current pos [(93, 4), (22, 15), (16, 16), (86, 92)]
after pos [(77, 11), (38, 4), (19, 32), (91, 69)]
current pos [(77, 11), (38, 4), (19, 32), (91, 69)]
after pos [(91, 10), (61, 15), (31, 35), (61, 69)]
current pos [(91, 10), (61, 15), (31, 35), (61, 69)]
after pos [(79, 2), (45, 22), (39, 57), (50, 55)]
current pos [(79, 2), (45, 22), (39, 57), (50, 55)]
after pos [(52, 14), (49, 4), (55, 71), (33, 59)]
current pos [(52, 14), (49, 4), (55, 71), (33, 59)]
after pos [(34, 12), (41, 27), (40, 59), (44, 57)]
current pos [(34, 12), (41, 27), (40, 59), (44, 57)]
after pos [(9, 10), (35, 7), (66, 48), (25, 78)]
current pos [(9, 10), (35, 7), (66, 48), (25, 78)]
after pos [(10, 8), (26, 19), (72, 45), (34, 64)]
current pos [(10, 8), (26, 19), (72, 45), (34, 64)]
after pos [(16, 0), (3, 27), (55, 28), (17, 61)]
current pos [(16, 0), (3, 27), (55, 28), (17, 61)]
after pos [(40, 15), (17, 46), (66, 4), (25, 83)]
current pos [(40, 15), (17, 46), (66, 4), (25, 83)]
after pos [(29, 37), (2, 40), (57, 9), (38, 93)]
current pos [(29, 37), (2, 40), (57, 9), (38, 93)]
after pos [(42, 26), (7, 12), (57, 6), (52, 76)]
current pos [(42, 26), (7, 12), (57, 6), (52, 76)]
after pos [(43, 8), (2, 13), (46, 15), (54, 97)]
current pos [(43, 8), (2, 13), (46, 15), (54, 97)]
after pos [(60, 31), (9, 6), (70, 24), (44, 69)]
│  map 1  steps=16  dist=[295.3331638371496, 303.1873295246567, 303.7393089607651, 306.1675820160798]  rmse=0.0532436001
54196345  cov=10.010000318288803%  iou=0.8516613924050633  [62/200]
current pos [(60, 31), (9, 6), (70, 24), (44, 69)]
after pos [(35, 21), (34, 15), (68, 5), (51, 85)]
current pos [(35, 21), (34, 15), (68, 5), (51, 85)]
after pos [(51, 31), (11, 13), (46, 9), (51, 60)]
current pos [(51, 31), (11, 13), (46, 9), (51, 60)]
after pos [(68, 41), (7, 11), (32, 25), (69, 82)]
current pos [(68, 41), (7, 11), (32, 25), (69, 82)]
after pos [(47, 56), (18, 28), (52, 29), (90, 62)]
current pos [(47, 56), (18, 28), (52, 29), (90, 62)]
after pos [(53, 74), (43, 19), (57, 5), (82, 79)]
current pos [(53, 74), (43, 19), (57, 5), (82, 79)]
after pos [(34, 65), (31, 42), (75, 14), (91, 89)]
current pos [(34, 65), (31, 42), (75, 14), (91, 89)]
after pos [(60, 63), (9, 62), (92, 1), (79, 71)]
current pos [(60, 63), (9, 62), (92, 1), (79, 71)]
after pos [(79, 60), (1, 85), (70, 9), (0, 0)]
current pos [(79, 60), (1, 85), (70, 9), (0, 0)]
after pos [(72, 75), (3, 90), (52, 20), (20, 7)]
current pos [(72, 75), (3, 90), (52, 20), (20, 7)]
after pos [(50, 71), (32, 85), (40, 32), (44, 24)]
│  map 2  steps=10  dist=[215.54712584159518, 215.78772157670565, 210.63785600981984, 310.5820778779227]  rmse=0.0583678
5801229332  cov=7.900000363588333%  iou=0.84251968503937  [63/200]
current pos [(50, 71), (32, 85), (40, 32), (44, 24)]
after pos [(36, 61), (4, 76), (10, 32), (39, 28)]
current pos [(36, 61), (4, 76), (10, 32), (39, 28)]
after pos [(15, 72), (5, 98), (32, 28), (16, 10)]
current pos [(15, 72), (5, 98), (32, 28), (16, 10)]
after pos [(27, 90), (2, 81), (24, 41), (24, 10)]
current pos [(27, 90), (2, 81), (24, 41), (24, 10)]
after pos [(27, 86), (10, 56), (9, 62), (38, 6)]
current pos [(27, 86), (10, 56), (9, 62), (38, 6)]
after pos [(21, 98), (10, 79), (17, 50), (58, 3)]
current pos [(21, 98), (10, 79), (17, 50), (58, 3)]
after pos [(8, 75), (8, 59), (26, 22), (47, 2)]
current pos [(8, 75), (8, 59), (26, 22), (47, 2)]
after pos [(9, 47), (19, 74), (27, 7), (73, 16)]
current pos [(9, 47), (19, 74), (27, 7), (73, 16)]
after pos [(12, 75), (26, 65), (45, 6), (71, 5)]
current pos [(12, 75), (26, 65), (45, 6), (71, 5)]
after pos [(25, 74), (40, 68), (38, 22), (44, 3)]
current pos [(25, 74), (40, 68), (38, 22), (44, 3)]
after pos [(8, 79), (12, 77), (57, 9), (0, 0)]
current pos [(8, 79), (12, 77), (57, 9), (0, 0)]
after pos [(17, 59), (7, 76), (65, 35), (12, 12)]
current pos [(17, 59), (7, 76), (65, 35), (12, 12)]
after pos [(13, 35), (14, 74), (68, 7), (35, 26)]
current pos [(13, 35), (14, 74), (68, 7), (35, 26)]
after pos [(37, 50), (37, 83), (67, 6), (19, 29)]
current pos [(37, 50), (37, 83), (67, 6), (19, 29)]
after pos [(48, 65), (36, 57), (82, 7), (33, 12)]
current pos [(48, 65), (36, 57), (82, 7), (33, 12)]
after pos [(41, 89), (18, 37), (86, 6), (61, 13)]
│  map 3  steps=15  dist=[311.4829329059113, 301.7801472476425, 286.7459236233615, 311.5405044521241]  rmse=0.0532002948
8919096  cov=9.97999981045723%  iou=0.782312925170068  [64/200]
current pos [(41, 89), (18, 37), (86, 6), (61, 13)]
after pos [(40, 75), (18, 8), (56, 6), (36, 16)]
current pos [(40, 75), (18, 8), (56, 6), (36, 16)]
after pos [(64, 84), (30, 2), (60, 8), (43, 2)]
current pos [(64, 84), (30, 2), (60, 8), (43, 2)]
after pos [(51, 58), (27, 30), (75, 1), (30, 5)]
current pos [(51, 58), (27, 30), (75, 1), (30, 5)]
after pos [(74, 62), (9, 54), (80, 16), (39, 20)]
current pos [(74, 62), (9, 54), (80, 16), (39, 20)]
after pos [(79, 40), (13, 62), (57, 34), (50, 33)]
current pos [(79, 40), (13, 62), (57, 34), (50, 33)]
after pos [(95, 49), (19, 60), (36, 41), (56, 45)]
current pos [(95, 49), (19, 60), (36, 41), (56, 45)]
after pos [(74, 37), (5, 51), (29, 40), (53, 66)]
current pos [(74, 37), (5, 51), (29, 40), (53, 66)]
after pos [(98, 39), (26, 71), (53, 43), (75, 46)]
current pos [(98, 39), (26, 71), (53, 43), (75, 46)]
after pos [(98, 60), (44, 85), (52, 63), (75, 36)]
current pos [(98, 60), (44, 85), (52, 63), (75, 36)]
after pos [(78, 54), (59, 96), (65, 39), (82, 16)]
current pos [(78, 54), (59, 96), (65, 39), (82, 16)]
after pos [(52, 65), (34, 81), (87, 20), (75, 14)]
current pos [(52, 65), (34, 81), (87, 20), (75, 14)]
after pos [(64, 62), (14, 59), (82, 5), (74, 19)]
current pos [(64, 62), (14, 59), (82, 5), (74, 19)]
after pos [(77, 81), (15, 59), (59, 0), (63, 40)]
current pos [(77, 81), (15, 59), (59, 0), (63, 40)]
after pos [(97, 86), (25, 69), (72, 1), (44, 46)]
│  map 4  steps=14  dist=[307.38872466563987, 276.92242408540085, 278.21197195708584, 240.2576349070688]  rmse=0.0771751
9308253115  cov=9.149999916553497%  iou=0.8219550038789759  [65/200]
current pos [(97, 86), (25, 69), (72, 1), (44, 46)]
after pos [(91, 99), (20, 98), (73, 26), (61, 34)]
current pos [(91, 99), (20, 98), (73, 26), (61, 34)]
after pos [(87, 70), (9, 86), (45, 21), (42, 53)]
current pos [(87, 70), (9, 86), (45, 21), (42, 53)]
after pos [(64, 75), (9, 88), (17, 11), (55, 47)]
current pos [(64, 75), (9, 88), (17, 11), (55, 47)]
after pos [(79, 77), (3, 99), (28, 6), (39, 58)]
current pos [(79, 77), (3, 99), (28, 6), (39, 58)]
after pos [(55, 62), (26, 81), (37, 24), (28, 74)]
current pos [(55, 62), (26, 81), (37, 24), (28, 74)]
after pos [(45, 37), (53, 75), (34, 47), (44, 88)]
current pos [(45, 37), (53, 75), (34, 47), (44, 88)]
after pos [(23, 22), (73, 89), (35, 76), (42, 85)]
current pos [(23, 22), (73, 89), (35, 76), (42, 85)]
after pos [(18, 1), (89, 76), (34, 99), (63, 71)]
current pos [(18, 1), (89, 76), (34, 99), (63, 71)]
after pos [(18, 30), (67, 60), (49, 89), (75, 84)]
current pos [(18, 30), (67, 60), (49, 89), (75, 84)]
after pos [(24, 44), (63, 33), (56, 70), (60, 89)]
current pos [(24, 44), (63, 33), (56, 70), (60, 89)]
after pos [(36, 71), (34, 31), (38, 58), (62, 73)]
current pos [(36, 71), (34, 31), (38, 58), (62, 73)]
after pos [(16, 66), (34, 35), (27, 36), (39, 82)]
current pos [(16, 66), (34, 35), (27, 36), (39, 82)]
after pos [(19, 76), (56, 35), (50, 24), (29, 67)]
│  map 5  steps=13  dist=[290.5381426844554, 271.69661193870104, 301.08501676786585, 243.28785256029644]  rmse=0.0508817
791814092  cov=9.459999948740005%  iou=0.6119402985074627  [66/200]
current pos [(19, 76), (56, 35), (50, 24), (29, 67)]
after pos [(29, 61), (34, 19), (53, 50), (0, 60)]
current pos [(29, 61), (34, 19), (53, 50), (0, 60)]
after pos [(29, 59), (9, 14), (69, 29), (0, 58)]
current pos [(29, 59), (9, 14), (69, 29), (0, 58)]
after pos [(53, 73), (3, 37), (84, 43), (9, 30)]
current pos [(53, 73), (3, 37), (84, 43), (9, 30)]
after pos [(31, 93), (4, 17), (80, 23), (6, 10)]
current pos [(31, 93), (4, 17), (80, 23), (6, 10)]
after pos [(28, 97), (5, 36), (99, 27), (33, 5)]
current pos [(28, 97), (5, 36), (99, 27), (33, 5)]
after pos [(56, 87), (11, 56), (85, 45), (33, 29)]
current pos [(56, 87), (11, 56), (85, 45), (33, 29)]
after pos [(85, 86), (33, 69), (79, 27), (34, 13)]
current pos [(85, 86), (33, 69), (79, 27), (34, 13)]
after pos [(79, 94), (32, 50), (68, 18), (25, 27)]
current pos [(79, 94), (32, 50), (68, 18), (25, 27)]
after pos [(57, 85), (55, 53), (82, 44), (20, 17)]
current pos [(57, 85), (55, 53), (82, 44), (20, 17)]
after pos [(69, 86), (43, 48), (63, 30), (5, 18)]
current pos [(69, 86), (43, 48), (63, 30), (5, 18)]
after pos [(48, 92), (46, 55), (83, 46), (30, 10)]
current pos [(48, 92), (46, 55), (83, 46), (30, 10)]
after pos [(39, 98), (59, 46), (84, 51), (48, 22)]
current pos [(39, 98), (59, 46), (84, 51), (48, 22)]
after pos [(65, 92), (73, 30), (72, 74), (57, 34)]
current pos [(65, 92), (73, 30), (72, 74), (57, 34)]
after pos [(62, 95), (77, 11), (65, 62), (61, 62)]
current pos [(62, 95), (77, 11), (65, 62), (61, 62)]
after pos [(40, 81), (52, 26), (77, 74), (85, 73)]
│  map 6  steps=15  dist=[276.7652407598052, 310.43335185984387, 309.5412178163154, 309.3818777185006]  rmse=0.070668254
33573952  cov=9.98999997973442%  iou=0.6026629292221444  [67/200]
current pos [(40, 81), (52, 26), (77, 74), (85, 73)]
after pos [(48, 91), (28, 13), (60, 86), (94, 81)]
current pos [(48, 91), (28, 13), (60, 86), (94, 81)]
after pos [(33, 66), (16, 0), (79, 86), (77, 83)]
current pos [(33, 66), (16, 0), (79, 86), (77, 83)]
after pos [(8, 72), (28, 1), (73, 98), (57, 62)]
current pos [(8, 72), (28, 1), (73, 98), (57, 62)]
after pos [(8, 50), (37, 20), (65, 75), (33, 45)]
current pos [(8, 50), (37, 20), (65, 75), (33, 45)]
after pos [(9, 58), (14, 2), (90, 90), (23, 73)]
current pos [(9, 58), (14, 2), (90, 90), (23, 73)]
after pos [(31, 68), (20, 27), (75, 87), (39, 68)]
current pos [(31, 68), (20, 27), (75, 87), (39, 68)]
after pos [(36, 87), (25, 13), (67, 83), (11, 78)]
current pos [(36, 87), (25, 13), (67, 83), (11, 78)]
after pos [(41, 72), (44, 33), (46, 84), (4, 95)]
current pos [(41, 72), (44, 33), (46, 84), (4, 95)]
after pos [(44, 45), (24, 39), (24, 89), (5, 99)]
current pos [(44, 45), (24, 39), (24, 89), (5, 99)]
after pos [(53, 35), (16, 13), (6, 65), (14, 96)]
current pos [(53, 35), (16, 13), (6, 65), (14, 96)]
after pos [(74, 38), (24, 25), (21, 75), (32, 77)]
current pos [(74, 38), (24, 25), (21, 75), (32, 77)]
after pos [(75, 22), (20, 16), (8, 48), (46, 97)]
current pos [(75, 22), (20, 16), (8, 48), (46, 97)]
after pos [(50, 26), (40, 17), (15, 57), (67, 92)]
current pos [(50, 26), (40, 17), (15, 57), (67, 92)]
after pos [(50, 10), (57, 20), (34, 60), (53, 68)]
current pos [(50, 10), (57, 20), (34, 60), (53, 68)]
after pos [(49, 17), (47, 28), (38, 64), (56, 78)]
│  map 7  steps=15  dist=[283.61079696734873, 297.8687922642013, 288.8459626144634, 306.18960772841405]  rmse=0.03610820
351084414  cov=9.709999710321426%  iou=0.7317939609236235  [68/200]
current pos [(49, 17), (47, 28), (38, 64), (56, 78)]
after pos [(49, 21), (56, 55), (30, 51), (59, 68)]
current pos [(49, 21), (56, 55), (30, 51), (59, 68)]
after pos [(49, 10), (57, 82), (5, 64), (75, 93)]
current pos [(49, 10), (57, 82), (5, 64), (75, 93)]
after pos [(24, 18), (41, 69), (26, 83), (66, 77)]
current pos [(24, 18), (41, 69), (26, 83), (66, 77)]
after pos [(27, 32), (63, 78), (50, 98), (38, 84)]
current pos [(27, 32), (63, 78), (50, 98), (38, 84)]
after pos [(28, 44), (75, 64), (59, 75), (28, 97)]
current pos [(28, 44), (75, 64), (59, 75), (28, 97)]
after pos [(0, 40), (57, 48), (64, 97), (34, 99)]
current pos [(0, 40), (57, 48), (64, 97), (34, 99)]
after pos [(6, 58), (52, 34), (47, 87), (58, 81)]
current pos [(6, 58), (52, 34), (47, 87), (58, 81)]
after pos [(11, 75), (62, 62), (67, 65), (73, 94)]
current pos [(11, 75), (62, 62), (67, 65), (73, 94)]
after pos [(8, 69), (45, 51), (85, 63), (84, 90)]
current pos [(8, 69), (45, 51), (85, 63), (84, 90)]
after pos [(8, 71), (45, 81), (83, 54), (68, 88)]
current pos [(8, 71), (45, 81), (83, 54), (68, 88)]
after pos [(15, 52), (26, 70), (64, 75), (58, 63)]
current pos [(15, 52), (26, 70), (64, 75), (58, 63)]
after pos [(14, 25), (9, 94), (50, 71), (46, 70)]
current pos [(14, 25), (9, 94), (50, 71), (46, 70)]
after pos [(4, 36), (19, 69), (43, 77), (17, 65)]
│  map 8  steps=13  dist=[203.42744907737062, 315.5244137107464, 276.20800136306804, 257.9918191982677]  rmse=0.04896141
4564008016  cov=8.510000258684158%  iou=0.8780177890724269  [69/200]
current pos [(4, 36), (19, 69), (43, 77), (17, 65)]
after pos [(14, 17), (26, 93), (55, 87), (12, 79)]
current pos [(14, 17), (26, 93), (55, 87), (12, 79)]
after pos [(28, 31), (32, 81), (81, 75), (10, 71)]
current pos [(28, 31), (32, 81), (81, 75), (10, 71)]
after pos [(41, 23), (57, 94), (94, 60), (9, 50)]
current pos [(41, 23), (57, 94), (94, 60), (9, 50)]
after pos [(32, 28), (33, 93), (80, 77), (11, 30)]
current pos [(32, 28), (33, 93), (80, 77), (11, 30)]
after pos [(48, 45), (29, 90), (55, 79), (25, 46)]
current pos [(48, 45), (29, 90), (55, 79), (25, 46)]
after pos [(41, 26), (15, 90), (53, 98), (8, 53)]
current pos [(41, 26), (15, 90), (53, 98), (8, 53)]
after pos [(46, 52), (15, 93), (79, 86), (6, 41)]
current pos [(46, 52), (15, 93), (79, 86), (6, 41)]
after pos [(60, 40), (24, 99), (72, 83), (15, 37)]
current pos [(60, 40), (24, 99), (72, 83), (15, 37)]
after pos [(64, 59), (11, 72), (85, 88), (42, 24)]
current pos [(64, 59), (11, 72), (85, 88), (42, 24)]
after pos [(93, 66), (36, 78), (87, 79), (54, 6)]
current pos [(93, 66), (36, 78), (87, 79), (54, 6)]
after pos [(71, 55), (12, 61), (88, 51), (63, 0)]
current pos [(71, 55), (12, 61), (88, 51), (63, 0)]
after pos [(94, 73), (10, 51), (98, 58), (44, 8)]
current pos [(94, 73), (10, 51), (98, 58), (44, 8)]
after pos [(75, 76), (8, 55), (96, 50), (28, 20)]
current pos [(75, 76), (8, 55), (96, 50), (28, 20)]
after pos [(51, 75), (7, 44), (92, 46), (31, 45)]
│  map 9  steps=14  dist=[301.6475288511936, 234.23487832851623, 243.839956383301, 254.10677243997227]  rmse=0.090688363
48324323  cov=8.560000360012054%  iou=0.7579418344519016  [70/200]
└─ done

┌─ model=ensemble  policy=orienteering
current pos [(51, 75), (7, 44), (92, 46), (31, 45)]
after pos [(44, 74), (8, 46), (92, 44), (32, 42)]
current pos [(44, 74), (8, 46), (92, 44), (32, 42)]
after pos [(42, 74), (8, 48), (92, 42), (32, 40)]
current pos [(42, 74), (8, 48), (92, 42), (32, 40)]
after pos [(40, 74), (8, 50), (92, 40), (32, 48)]
current pos [(40, 74), (8, 50), (92, 40), (32, 48)]
after pos [(38, 72), (8, 52), (86, 42), (32, 50)]
current pos [(38, 72), (8, 52), (86, 42), (32, 50)]
after pos [(36, 72), (8, 54), (84, 42), (32, 52)]
current pos [(36, 72), (8, 54), (84, 42), (32, 52)]
after pos [(34, 72), (8, 56), (82, 42), (32, 54)]
current pos [(34, 72), (8, 56), (82, 42), (32, 54)]
after pos [(32, 72), (8, 58), (80, 42), (28, 56)]
current pos [(32, 72), (8, 58), (80, 42), (28, 56)]
after pos [(30, 74), (8, 60), (78, 42), (26, 58)]
current pos [(30, 74), (8, 60), (78, 42), (26, 58)]
after pos [(28, 76), (8, 62), (76, 42), (20, 66)]
current pos [(28, 76), (8, 62), (76, 42), (20, 66)]
after pos [(22, 78), (8, 64), (74, 42), (20, 68)]
current pos [(22, 78), (8, 64), (74, 42), (20, 68)]
after pos [(20, 78), (8, 66), (70, 48), (16, 74)]
current pos [(20, 78), (8, 66), (70, 48), (16, 74)]
after pos [(18, 80), (8, 68), (68, 52), (14, 76)]
current pos [(18, 80), (8, 68), (68, 52), (14, 76)]
after pos [(16, 80), (8, 70), (68, 54), (12, 76)]
current pos [(16, 80), (8, 70), (68, 54), (12, 76)]
after pos [(14, 82), (8, 72), (68, 56), (10, 78)]
current pos [(14, 82), (8, 72), (68, 56), (10, 78)]
after pos [(12, 82), (8, 74), (68, 58), (8, 80)]
current pos [(12, 82), (8, 74), (68, 58), (8, 80)]
after pos [(10, 82), (8, 76), (68, 60), (8, 90)]
current pos [(10, 82), (8, 76), (68, 60), (8, 90)]
after pos [(10, 90), (22, 84), (68, 62), (10, 88)]
current pos [(10, 90), (22, 84), (68, 62), (10, 88)]
after pos [(12, 90), (24, 84), (68, 64), (12, 88)]
current pos [(12, 90), (24, 84), (68, 64), (12, 88)]
after pos [(14, 90), (26, 84), (68, 66), (14, 88)]
current pos [(14, 90), (26, 84), (68, 66), (14, 88)]
after pos [(20, 88), (28, 84), (70, 68), (16, 88)]
current pos [(20, 88), (28, 84), (70, 68), (16, 88)]
after pos [(22, 88), (30, 84), (70, 70), (18, 88)]
current pos [(22, 88), (30, 84), (70, 70), (18, 88)]
after pos [(24, 88), (32, 84), (70, 72), (26, 88)]
current pos [(24, 88), (32, 84), (70, 72), (26, 88)]
after pos [(28, 88), (34, 84), (68, 74), (30, 88)]
current pos [(28, 88), (34, 84), (68, 74), (30, 88)]
after pos [(32, 88), (36, 84), (66, 76), (34, 88)]
current pos [(32, 88), (36, 84), (66, 76), (34, 88)]
after pos [(36, 88), (38, 84), (70, 76), (38, 88)]
current pos [(36, 88), (38, 84), (70, 76), (38, 88)]
after pos [(40, 88), (40, 84), (72, 76), (42, 88)]
current pos [(40, 88), (40, 84), (72, 76), (42, 88)]
after pos [(44, 88), (42, 84), (76, 78), (46, 88)]
current pos [(44, 88), (42, 84), (76, 78), (46, 88)]
after pos [(48, 88), (44, 84), (80, 80), (50, 88)]
current pos [(48, 88), (44, 84), (80, 80), (50, 88)]
after pos [(52, 88), (46, 84), (80, 82), (54, 88)]
current pos [(52, 88), (46, 84), (80, 82), (54, 88)]
after pos [(56, 88), (48, 82), (86, 90), (58, 88)]
current pos [(56, 88), (48, 82), (86, 90), (58, 88)]
after pos [(60, 88), (50, 82), (82, 88), (62, 88)]
current pos [(60, 88), (50, 82), (82, 88), (62, 88)]
after pos [(64, 88), (52, 82), (80, 88), (66, 88)]
current pos [(64, 88), (52, 82), (80, 88), (66, 88)]
after pos [(66, 86), (54, 84), (78, 86), (68, 88)]
current pos [(66, 86), (54, 84), (78, 86), (68, 88)]
after pos [(60, 84), (60, 86), (76, 88), (70, 88)]
current pos [(60, 84), (60, 86), (76, 88), (70, 88)]
after pos [(60, 82), (58, 82), (76, 84), (70, 90)]
current pos [(60, 82), (58, 82), (76, 84), (70, 90)]
after pos [(60, 80), (56, 78), (74, 88), (76, 90)]
current pos [(60, 80), (56, 78), (74, 88), (76, 90)]
after pos [(60, 78), (56, 76), (70, 86), (82, 90)]
current pos [(60, 78), (56, 76), (70, 86), (82, 90)]
after pos [(58, 72), (56, 74), (70, 84), (78, 82)]
current pos [(58, 72), (56, 74), (70, 84), (78, 82)]
after pos [(58, 70), (56, 72), (76, 82), (66, 84)]
current pos [(58, 70), (56, 72), (76, 82), (66, 84)]
after pos [(56, 68), (56, 70), (66, 80), (64, 82)]
current pos [(56, 68), (56, 70), (66, 80), (64, 82)]
after pos [(54, 66), (54, 68), (64, 78), (62, 76)]
current pos [(54, 66), (54, 68), (64, 78), (62, 76)]
after pos [(54, 64), (52, 62), (60, 72), (60, 70)]
current pos [(54, 64), (52, 62), (60, 72), (60, 70)]
after pos [(54, 62), (50, 60), (56, 64), (48, 54)]
current pos [(54, 62), (50, 60), (56, 64), (48, 54)]
after pos [(54, 60), (48, 58), (48, 52), (46, 50)]
current pos [(54, 60), (48, 58), (48, 52), (46, 50)]
after pos [(52, 52), (46, 54), (44, 48), (46, 48)]
current pos [(52, 52), (46, 54), (44, 48), (46, 48)]
after pos [(50, 48), (44, 50), (42, 44), (44, 44)]
current pos [(50, 48), (44, 50), (42, 44), (44, 44)]
after pos [(48, 44), (42, 48), (40, 40), (42, 40)]
current pos [(48, 44), (42, 48), (40, 40), (42, 40)]
after pos [(42, 36), (38, 42), (38, 34), (40, 38)]
current pos [(42, 36), (38, 42), (38, 34), (40, 38)]
after pos [(40, 32), (36, 40), (30, 32), (36, 30)]
current pos [(40, 32), (36, 40), (30, 32), (36, 30)]
after pos [(38, 28), (34, 36), (28, 30), (28, 28)]
current pos [(38, 28), (34, 36), (28, 30), (28, 28)]
after pos [(34, 26), (26, 28), (24, 26), (24, 28)]
current pos [(34, 26), (26, 28), (24, 26), (24, 28)]
after pos [(30, 24), (24, 22), (14, 20), (22, 28)]
current pos [(30, 24), (24, 22), (14, 20), (22, 28)]
after pos [(28, 20), (22, 18), (12, 20), (20, 28)]
current pos [(28, 20), (22, 18), (12, 20), (20, 28)]
after pos [(26, 16), (22, 16), (8, 20), (18, 28)]
current pos [(26, 16), (22, 16), (8, 20), (18, 28)]
after pos [(24, 14), (20, 16), (8, 10), (16, 28)]
current pos [(24, 14), (20, 16), (8, 10), (16, 28)]
after pos [(18, 12), (18, 14), (10, 10), (14, 28)]
current pos [(18, 12), (18, 14), (10, 10), (14, 28)]
after pos [(20, 10), (16, 12), (12, 10), (12, 28)]
current pos [(20, 10), (16, 12), (12, 10), (12, 28)]
after pos [(22, 10), (18, 8), (12, 8), (8, 28)]
current pos [(22, 10), (18, 8), (12, 8), (8, 28)]
after pos [(24, 10), (16, 8), (16, 16), (10, 22)]
current pos [(24, 10), (16, 8), (16, 16), (10, 22)]
after pos [(22, 6), (12, 6), (20, 18), (10, 18)]
current pos [(22, 6), (12, 6), (20, 18), (10, 18)]
after pos [(22, 8), (10, 6), (20, 20), (12, 14)]
current pos [(22, 8), (10, 6), (20, 20), (12, 14)]
after pos [(18, 6), (10, 14), (18, 20), (14, 18)]
current pos [(18, 6), (10, 14), (18, 20), (14, 18)]
after pos [(18, 4), (4, 14), (12, 18), (14, 16)]
current pos [(18, 4), (4, 14), (12, 18), (14, 16)]
after pos [(16, 4), (8, 6), (12, 26), (12, 22)]
current pos [(16, 4), (8, 6), (12, 26), (12, 22)]
after pos [(14, 4), (6, 16), (8, 30), (16, 24)]
current pos [(14, 4), (6, 16), (8, 30), (16, 24)]
after pos [(12, 4), (6, 22), (8, 38), (16, 26)]
current pos [(12, 4), (6, 22), (8, 38), (16, 26)]
after pos [(8, 4), (6, 28), (10, 38), (16, 30)]
current pos [(8, 4), (6, 28), (10, 38), (16, 30)]
after pos [(20, 4), (12, 30), (12, 36), (16, 32)]
current pos [(20, 4), (12, 30), (12, 36), (16, 32)]
after pos [(22, 4), (28, 12), (14, 36), (18, 30)]
current pos [(22, 4), (28, 12), (14, 36), (18, 30)]
after pos [(30, 10), (26, 8), (16, 36), (20, 26)]
│  map 0  steps=70  dist=[259.9456864622422, 271.11418361783785, 291.9845327146116, 302.3763862622397]  rmse=0.084421834
37607667  cov=9.200000017881393%  iou=0.6461100569259962  [71/200]
current pos [(30, 10), (26, 8), (16, 36), (20, 26)]
after pos [(32, 10), (26, 10), (16, 34), (20, 28)]
current pos [(32, 10), (26, 10), (16, 34), (20, 28)]
after pos [(34, 10), (26, 12), (16, 32), (20, 30)]
current pos [(34, 10), (26, 12), (16, 32), (20, 30)]
after pos [(36, 10), (26, 14), (16, 30), (20, 32)]
current pos [(36, 10), (26, 14), (16, 30), (20, 32)]
after pos [(38, 10), (24, 14), (14, 32), (20, 34)]
current pos [(38, 10), (24, 14), (14, 32), (20, 34)]
after pos [(40, 10), (22, 14), (12, 34), (22, 42)]
current pos [(40, 10), (22, 14), (12, 34), (22, 42)]
after pos [(42, 10), (20, 14), (10, 36), (24, 48)]
current pos [(42, 10), (20, 14), (10, 36), (24, 48)]
after pos [(44, 10), (18, 12), (8, 38), (28, 50)]
current pos [(44, 10), (18, 12), (8, 38), (28, 50)]
after pos [(46, 10), (16, 12), (8, 40), (32, 52)]
current pos [(46, 10), (16, 12), (8, 40), (32, 52)]
after pos [(48, 10), (14, 10), (8, 42), (32, 54)]
current pos [(48, 10), (14, 10), (8, 42), (32, 54)]
after pos [(50, 10), (12, 8), (8, 44), (32, 56)]
current pos [(50, 10), (12, 8), (8, 44), (32, 56)]
after pos [(52, 10), (8, 10), (8, 46), (32, 58)]
current pos [(52, 10), (8, 10), (8, 46), (32, 58)]
after pos [(54, 10), (8, 12), (8, 48), (32, 60)]
current pos [(54, 10), (8, 12), (8, 48), (32, 60)]
after pos [(56, 10), (8, 14), (8, 50), (32, 62)]
current pos [(56, 10), (8, 14), (8, 50), (32, 62)]
after pos [(58, 10), (8, 16), (8, 52), (32, 64)]
current pos [(58, 10), (8, 16), (8, 52), (32, 64)]
after pos [(60, 10), (8, 30), (8, 54), (34, 64)]
current pos [(60, 10), (8, 30), (8, 54), (34, 64)]
after pos [(62, 10), (8, 32), (8, 56), (36, 64)]
current pos [(62, 10), (8, 32), (8, 56), (36, 64)]
after pos [(64, 10), (8, 34), (8, 72), (38, 64)]
current pos [(64, 10), (8, 34), (8, 72), (38, 64)]
after pos [(66, 10), (10, 40), (8, 88), (42, 56)]
current pos [(66, 10), (10, 40), (8, 88), (42, 56)]
after pos [(64, 14), (10, 42), (10, 84), (44, 58)]
current pos [(64, 14), (10, 42), (10, 84), (44, 58)]
after pos [(64, 16), (10, 44), (12, 76), (46, 60)]
current pos [(64, 16), (10, 44), (12, 76), (46, 60)]
after pos [(64, 18), (10, 46), (10, 76), (46, 68)]
current pos [(64, 18), (10, 46), (10, 76), (46, 68)]
after pos [(62, 24), (10, 48), (10, 74), (44, 70)]
current pos [(62, 24), (10, 48), (10, 74), (44, 70)]
after pos [(62, 26), (10, 50), (10, 72), (42, 70)]
current pos [(62, 26), (10, 50), (10, 72), (42, 70)]
after pos [(62, 28), (10, 52), (10, 58), (40, 68)]
current pos [(62, 28), (10, 52), (10, 58), (40, 68)]
after pos [(52, 52), (10, 56), (12, 62), (38, 68)]
current pos [(52, 52), (10, 56), (12, 62), (38, 68)]
after pos [(52, 54), (12, 56), (14, 66), (30, 66)]
current pos [(52, 54), (12, 56), (14, 66), (30, 66)]
after pos [(52, 56), (14, 56), (14, 68), (26, 64)]
current pos [(52, 56), (14, 56), (14, 68), (26, 64)]
after pos [(52, 58), (14, 58), (12, 72), (24, 64)]
current pos [(52, 58), (14, 58), (12, 72), (24, 64)]
after pos [(52, 60), (14, 62), (12, 66), (26, 62)]
current pos [(52, 60), (14, 62), (12, 66), (26, 62)]
after pos [(52, 74), (16, 60), (18, 68), (24, 56)]
current pos [(52, 74), (16, 60), (18, 68), (24, 56)]
after pos [(50, 74), (18, 60), (16, 64), (22, 54)]
current pos [(50, 74), (18, 60), (16, 64), (22, 54)]
after pos [(48, 74), (20, 60), (18, 64), (20, 52)]
current pos [(48, 74), (20, 60), (18, 64), (20, 52)]
after pos [(44, 76), (20, 62), (18, 62), (18, 52)]
current pos [(44, 76), (20, 62), (18, 62), (18, 52)]
after pos [(44, 74), (20, 64), (16, 58), (16, 52)]
current pos [(44, 74), (20, 64), (16, 58), (16, 52)]
after pos [(44, 72), (20, 66), (20, 56), (12, 54)]
current pos [(44, 72), (20, 66), (20, 56), (12, 54)]
after pos [(44, 62), (22, 62), (18, 56), (12, 48)]
current pos [(44, 62), (22, 62), (18, 56), (12, 48)]
after pos [(42, 66), (22, 64), (22, 58), (16, 50)]
current pos [(42, 66), (22, 64), (22, 58), (16, 50)]
after pos [(42, 64), (22, 66), (26, 56), (18, 50)]
current pos [(42, 64), (22, 66), (26, 56), (18, 50)]
after pos [(38, 66), (22, 68), (30, 64), (16, 56)]
current pos [(38, 66), (22, 68), (30, 64), (16, 56)]
after pos [(40, 66), (22, 70), (30, 56), (38, 60)]
current pos [(40, 66), (22, 70), (30, 56), (38, 60)]
after pos [(42, 60), (24, 70), (38, 58), (36, 56)]
current pos [(42, 60), (24, 70), (38, 58), (36, 56)]
after pos [(40, 56), (26, 70), (38, 54), (34, 62)]
current pos [(40, 56), (26, 70), (38, 54), (34, 62)]
after pos [(38, 52), (28, 70), (42, 52), (34, 52)]
current pos [(38, 52), (28, 70), (42, 52), (34, 52)]
after pos [(42, 54), (30, 70), (44, 52), (48, 56)]
current pos [(42, 54), (30, 70), (44, 52), (48, 56)]
after pos [(48, 52), (32, 70), (48, 54), (48, 58)]
current pos [(48, 52), (32, 70), (48, 54), (48, 58)]
after pos [(48, 60), (38, 70), (50, 56), (50, 62)]
current pos [(48, 60), (38, 70), (50, 56), (50, 62)]
after pos [(48, 68), (38, 72), (50, 50), (50, 64)]
current pos [(48, 68), (38, 72), (50, 50), (50, 64)]
after pos [(46, 72), (40, 72), (50, 48), (50, 68)]
current pos [(46, 72), (40, 72), (50, 48), (50, 68)]
after pos [(50, 70), (42, 72), (48, 48), (54, 66)]
current pos [(50, 70), (42, 72), (48, 48), (54, 66)]
after pos [(50, 72), (42, 76), (44, 48), (56, 64)]
current pos [(50, 72), (42, 76), (44, 48), (56, 64)]
after pos [(54, 72), (40, 76), (44, 50), (56, 58)]
current pos [(54, 72), (40, 76), (44, 50), (56, 58)]
after pos [(54, 70), (38, 76), (40, 50), (54, 54)]
current pos [(54, 70), (38, 76), (40, 50), (54, 54)]
after pos [(54, 68), (36, 76), (34, 50), (54, 56)]
current pos [(54, 68), (36, 76), (34, 50), (54, 56)]
after pos [(54, 58), (36, 72), (38, 48), (54, 62)]
current pos [(54, 58), (36, 72), (38, 48), (54, 62)]
after pos [(60, 68), (26, 72), (42, 46), (58, 66)]
current pos [(60, 68), (26, 72), (42, 46), (58, 66)]
after pos [(58, 72), (24, 72), (48, 44), (56, 72)]
current pos [(58, 72), (24, 72), (48, 44), (56, 72)]
after pos [(56, 76), (22, 72), (46, 42), (54, 74)]
current pos [(56, 76), (22, 72), (46, 42), (54, 74)]
after pos [(54, 78), (20, 72), (44, 42), (54, 76)]
current pos [(54, 78), (20, 72), (44, 42), (54, 76)]
after pos [(52, 80), (20, 68), (42, 42), (52, 78)]
current pos [(52, 80), (20, 68), (42, 42), (52, 78)]
after pos [(50, 80), (16, 74), (38, 44), (50, 78)]
current pos [(50, 80), (16, 74), (38, 44), (50, 78)]
after pos [(48, 82), (22, 76), (32, 48), (48, 78)]
current pos [(48, 82), (22, 76), (32, 48), (48, 78)]
after pos [(46, 82), (24, 76), (28, 56), (46, 78)]
current pos [(46, 82), (24, 76), (28, 56), (46, 78)]
after pos [(44, 82), (28, 78), (26, 52), (42, 80)]
current pos [(44, 82), (28, 78), (26, 52), (42, 80)]
after pos [(42, 82), (26, 80), (26, 54), (40, 82)]
current pos [(42, 82), (26, 80), (26, 54), (40, 82)]
after pos [(38, 82), (24, 82), (20, 50), (38, 84)]
current pos [(38, 82), (24, 82), (20, 50), (38, 84)]
after pos [(36, 82), (22, 82), (12, 44), (36, 86)]
current pos [(36, 82), (22, 82), (12, 44), (36, 86)]
after pos [(32, 84), (22, 80), (6, 56), (34, 86)]
│  map 1  steps=67  dist=[256.78648258493433, 194.24718380507738, 304.92129200346795, 275.1281369889012]  rmse=0.0972756
5510674321  cov=9.040000289678574%  iou=0.6874412777951769  [72/200]
current pos [(32, 84), (22, 80), (6, 56), (34, 86)]
after pos [(30, 84), (22, 78), (6, 58), (32, 86)]
current pos [(30, 84), (22, 78), (6, 58), (32, 86)]
after pos [(28, 84), (22, 76), (6, 60), (30, 86)]
current pos [(28, 84), (22, 76), (6, 60), (30, 86)]
after pos [(26, 84), (22, 74), (6, 62), (28, 86)]
current pos [(26, 84), (22, 74), (6, 62), (28, 86)]
after pos [(24, 84), (20, 74), (6, 64), (30, 80)]
current pos [(24, 84), (20, 74), (6, 64), (30, 80)]
after pos [(18, 86), (18, 74), (8, 64), (38, 78)]
current pos [(18, 86), (18, 74), (8, 64), (38, 78)]
after pos [(16, 86), (16, 74), (8, 66), (38, 76)]
current pos [(16, 86), (16, 74), (8, 66), (38, 76)]
after pos [(14, 86), (14, 74), (8, 68), (38, 74)]
current pos [(14, 86), (14, 74), (8, 68), (38, 74)]
after pos [(12, 86), (12, 74), (8, 70), (38, 72)]
current pos [(12, 86), (12, 74), (8, 70), (38, 72)]
after pos [(10, 84), (8, 74), (8, 72), (38, 70)]
current pos [(10, 84), (8, 74), (8, 72), (38, 70)]
after pos [(10, 82), (8, 88), (8, 86), (36, 70)]
current pos [(10, 82), (8, 88), (8, 86), (36, 70)]
after pos [(10, 80), (6, 88), (6, 86), (36, 68)]
current pos [(10, 80), (6, 88), (6, 86), (36, 68)]
after pos [(10, 76), (6, 84), (6, 82), (36, 66)]
current pos [(10, 76), (6, 84), (6, 82), (36, 66)]
after pos [(10, 66), (6, 70), (6, 80), (38, 66)]
current pos [(10, 66), (6, 70), (6, 80), (38, 66)]
after pos [(10, 64), (6, 66), (14, 76), (40, 66)]
current pos [(10, 64), (6, 66), (14, 76), (40, 66)]
after pos [(10, 62), (16, 68), (12, 70), (42, 66)]
current pos [(10, 62), (16, 68), (12, 70), (42, 66)]
after pos [(10, 60), (14, 64), (12, 62), (44, 66)]
current pos [(10, 60), (14, 64), (12, 62), (44, 66)]
after pos [(8, 58), (12, 60), (10, 58), (46, 66)]
current pos [(8, 58), (12, 60), (10, 58), (46, 66)]
after pos [(8, 56), (12, 58), (10, 56), (48, 64)]
current pos [(8, 56), (12, 58), (10, 56), (48, 64)]
after pos [(8, 54), (12, 56), (10, 54), (50, 64)]
current pos [(8, 54), (12, 56), (10, 54), (50, 64)]
after pos [(8, 44), (12, 54), (10, 48), (52, 66)]
current pos [(8, 44), (12, 54), (10, 48), (52, 66)]
after pos [(8, 42), (18, 56), (10, 46), (52, 68)]
current pos [(8, 42), (18, 56), (10, 46), (52, 68)]
after pos [(8, 40), (20, 56), (10, 44), (52, 70)]
current pos [(8, 40), (20, 56), (10, 44), (52, 70)]
after pos [(8, 38), (22, 56), (10, 42), (52, 72)]
current pos [(8, 38), (22, 56), (10, 42), (52, 72)]
after pos [(8, 36), (28, 58), (10, 40), (54, 72)]
current pos [(8, 36), (28, 58), (10, 40), (54, 72)]
after pos [(8, 34), (28, 60), (10, 38), (56, 72)]
current pos [(8, 34), (28, 60), (10, 38), (56, 72)]
after pos [(8, 32), (28, 62), (10, 36), (58, 72)]
current pos [(8, 32), (28, 62), (10, 36), (58, 72)]
after pos [(8, 30), (28, 64), (10, 34), (56, 66)]
current pos [(8, 30), (28, 64), (10, 34), (56, 66)]
after pos [(8, 28), (28, 66), (10, 32), (58, 66)]
current pos [(8, 28), (28, 66), (10, 32), (58, 66)]
after pos [(8, 26), (28, 68), (10, 30), (60, 66)]
current pos [(8, 26), (28, 68), (10, 30), (60, 66)]
after pos [(8, 24), (28, 70), (10, 28), (62, 66)]
current pos [(8, 24), (28, 70), (10, 28), (62, 66)]
after pos [(8, 22), (30, 72), (8, 8), (62, 60)]
current pos [(8, 22), (30, 72), (8, 8), (62, 60)]
after pos [(8, 20), (32, 72), (10, 8), (60, 64)]
current pos [(8, 20), (32, 72), (10, 8), (60, 64)]
after pos [(12, 18), (34, 72), (10, 10), (60, 62)]
current pos [(12, 18), (34, 72), (10, 10), (60, 62)]
after pos [(18, 16), (42, 76), (12, 10), (56, 62)]
current pos [(18, 16), (42, 76), (12, 10), (56, 62)]
after pos [(20, 14), (44, 76), (14, 10), (54, 62)]
current pos [(20, 14), (44, 76), (14, 10), (54, 62)]
after pos [(26, 12), (50, 78), (16, 10), (54, 70)]
current pos [(26, 12), (50, 78), (16, 10), (54, 70)]
after pos [(26, 14), (52, 80), (18, 10), (60, 68)]
current pos [(26, 14), (52, 80), (18, 10), (60, 68)]
after pos [(26, 16), (54, 80), (20, 18), (60, 78)]
current pos [(26, 16), (54, 80), (20, 18), (60, 78)]
after pos [(26, 18), (56, 80), (22, 26), (62, 72)]
current pos [(26, 18), (56, 80), (22, 26), (62, 72)]
after pos [(30, 24), (56, 78), (24, 34), (62, 68)]
current pos [(30, 24), (56, 78), (24, 34), (62, 68)]
after pos [(32, 28), (56, 76), (24, 36), (66, 66)]
current pos [(32, 28), (56, 76), (24, 36), (66, 66)]
after pos [(36, 34), (56, 74), (30, 44), (66, 68)]
current pos [(36, 34), (56, 74), (30, 44), (66, 68)]
after pos [(38, 40), (62, 78), (34, 46), (64, 72)]
current pos [(38, 40), (62, 78), (34, 46), (64, 72)]
after pos [(46, 46), (64, 74), (40, 50), (64, 70)]
current pos [(46, 46), (64, 74), (40, 50), (64, 70)]
after pos [(48, 48), (64, 76), (44, 52), (64, 64)]
current pos [(48, 48), (64, 76), (44, 52), (64, 64)]
after pos [(52, 50), (70, 74), (48, 54), (68, 62)]
current pos [(52, 50), (70, 74), (48, 54), (68, 62)]
after pos [(54, 52), (72, 72), (54, 56), (68, 64)]
current pos [(54, 52), (72, 72), (54, 56), (68, 64)]
after pos [(56, 54), (70, 68), (56, 58), (68, 72)]
current pos [(56, 54), (70, 68), (56, 58), (68, 72)]
after pos [(66, 58), (70, 60), (58, 58), (58, 78)]
current pos [(66, 58), (70, 60), (58, 58), (58, 78)]
after pos [(64, 62), (64, 60), (60, 58), (46, 74)]
current pos [(64, 62), (64, 60), (60, 58), (46, 74)]
after pos [(58, 64), (54, 60), (58, 60), (40, 72)]
current pos [(58, 64), (54, 60), (58, 60), (40, 72)]
after pos [(56, 64), (48, 72), (52, 62), (50, 70)]
current pos [(56, 64), (48, 72), (52, 62), (50, 70)]
after pos [(50, 62), (52, 74), (50, 60), (38, 68)]
current pos [(50, 62), (52, 74), (50, 60), (38, 68)]
after pos [(48, 62), (54, 74), (46, 62), (34, 68)]
current pos [(48, 62), (54, 74), (46, 62), (34, 68)]
after pos [(48, 68), (46, 80), (44, 62), (32, 68)]
current pos [(48, 68), (46, 80), (44, 62), (32, 68)]
after pos [(44, 78), (42, 82), (42, 62), (30, 68)]
current pos [(44, 78), (42, 82), (42, 62), (30, 68)]
after pos [(42, 78), (36, 84), (40, 62), (26, 72)]
current pos [(42, 78), (36, 84), (40, 62), (26, 72)]
after pos [(42, 80), (38, 86), (36, 64), (24, 72)]
current pos [(42, 80), (38, 86), (36, 64), (24, 72)]
after pos [(40, 80), (40, 86), (30, 66), (24, 70)]
current pos [(40, 80), (40, 86), (30, 66), (24, 70)]
after pos [(34, 82), (42, 84), (26, 66), (14, 70)]
current pos [(34, 82), (42, 84), (26, 66), (14, 70)]
after pos [(34, 74), (62, 86), (24, 66), (16, 76)]
current pos [(34, 74), (62, 86), (24, 66), (16, 76)]
after pos [(28, 76), (62, 82), (18, 66), (14, 78)]
current pos [(28, 76), (62, 82), (18, 66), (14, 78)]
after pos [(28, 80), (64, 80), (14, 58), (12, 82)]
current pos [(28, 80), (64, 80), (14, 58), (12, 82)]
after pos [(26, 80), (66, 80), (2, 64), (18, 84)]
current pos [(26, 80), (66, 80), (2, 64), (18, 84)]
after pos [(22, 82), (68, 78), (4, 76), (18, 76)]
current pos [(22, 82), (68, 78), (4, 76), (18, 76)]
after pos [(20, 78), (70, 78), (4, 80), (16, 80)]
current pos [(20, 78), (70, 78), (4, 80), (16, 80)]
after pos [(20, 80), (72, 78), (12, 90), (14, 88)]
current pos [(20, 80), (72, 78), (12, 90), (14, 88)]
after pos [(20, 82), (76, 80), (8, 92), (18, 90)]
│  map 2  steps=68  dist=[256.36268537156263, 288.5962907552575, 301.4146671079176, 288.8859755717021]  rmse=0.082705741
90848805  cov=9.939999878406525%  iou=0.8551126516464471  [73/200]
current pos [(20, 82), (76, 80), (8, 92), (18, 90)]
after pos [(20, 80), (74, 80), (10, 92), (20, 90)]
current pos [(20, 80), (74, 80), (10, 92), (20, 90)]
after pos [(20, 78), (72, 80), (12, 92), (22, 90)]
current pos [(20, 78), (72, 80), (12, 92), (22, 90)]
after pos [(20, 76), (70, 80), (14, 92), (24, 90)]
current pos [(20, 76), (70, 80), (14, 92), (24, 90)]
after pos [(14, 74), (68, 80), (12, 90), (26, 84)]
current pos [(14, 74), (68, 80), (12, 90), (26, 84)]
after pos [(12, 72), (66, 80), (10, 88), (34, 82)]
current pos [(12, 72), (66, 80), (10, 88), (34, 82)]
after pos [(12, 70), (64, 80), (10, 86), (34, 80)]
current pos [(12, 70), (64, 80), (10, 86), (34, 80)]
after pos [(10, 64), (62, 80), (10, 84), (34, 78)]
current pos [(10, 64), (62, 80), (10, 84), (34, 78)]
after pos [(8, 64), (60, 80), (10, 82), (34, 76)]
current pos [(8, 64), (60, 80), (10, 82), (34, 76)]
after pos [(8, 66), (58, 80), (10, 80), (32, 74)]
current pos [(8, 66), (58, 80), (10, 80), (32, 74)]
after pos [(8, 68), (56, 80), (10, 78), (30, 72)]
current pos [(8, 68), (56, 80), (10, 78), (30, 72)]
after pos [(8, 70), (54, 78), (10, 76), (28, 66)]
current pos [(8, 70), (54, 78), (10, 76), (28, 66)]
after pos [(8, 72), (52, 78), (8, 80), (20, 60)]
current pos [(8, 72), (52, 78), (8, 80), (20, 60)]
after pos [(8, 86), (52, 76), (8, 82), (18, 60)]
current pos [(8, 86), (52, 76), (8, 82), (18, 60)]
after pos [(4, 78), (52, 74), (4, 74), (16, 60)]
current pos [(4, 78), (52, 74), (4, 74), (16, 60)]
after pos [(6, 74), (52, 72), (6, 70), (14, 60)]
current pos [(6, 74), (52, 72), (6, 70), (14, 60)]
after pos [(6, 72), (52, 70), (6, 66), (12, 80)]
current pos [(6, 72), (52, 70), (6, 66), (12, 80)]
after pos [(8, 62), (52, 68), (6, 64), (12, 86)]
current pos [(8, 62), (52, 68), (6, 64), (12, 86)]
after pos [(8, 60), (52, 66), (6, 62), (16, 78)]
current pos [(8, 60), (52, 66), (6, 62), (16, 78)]
after pos [(8, 58), (58, 68), (6, 60), (10, 74)]
current pos [(8, 58), (58, 68), (6, 60), (10, 74)]
after pos [(8, 56), (62, 70), (6, 58), (10, 70)]
current pos [(8, 56), (62, 70), (6, 58), (10, 70)]
after pos [(8, 54), (66, 72), (6, 56), (10, 62)]
current pos [(8, 54), (66, 72), (6, 56), (10, 62)]
after pos [(8, 52), (70, 74), (6, 54), (10, 60)]
current pos [(8, 52), (70, 74), (6, 54), (10, 60)]
after pos [(8, 50), (74, 76), (6, 52), (10, 58)]
current pos [(8, 50), (74, 76), (6, 52), (10, 58)]
after pos [(8, 48), (76, 78), (6, 50), (10, 56)]
current pos [(8, 48), (76, 78), (6, 50), (10, 56)]
after pos [(8, 46), (78, 78), (8, 44), (10, 54)]
current pos [(8, 46), (78, 78), (8, 44), (10, 54)]
after pos [(8, 42), (80, 78), (8, 40), (10, 52)]
current pos [(8, 42), (80, 78), (8, 40), (10, 52)]
after pos [(8, 38), (82, 80), (8, 36), (10, 50)]
current pos [(8, 38), (82, 80), (8, 36), (10, 50)]
after pos [(8, 34), (82, 82), (8, 32), (10, 48)]
current pos [(8, 34), (82, 82), (8, 32), (10, 48)]
after pos [(8, 30), (84, 84), (8, 28), (10, 46)]
current pos [(8, 30), (84, 84), (8, 28), (10, 46)]
after pos [(8, 26), (80, 84), (8, 24), (10, 44)]
current pos [(8, 26), (80, 84), (8, 24), (10, 44)]
after pos [(8, 22), (78, 84), (8, 20), (10, 42)]
current pos [(8, 22), (78, 84), (8, 20), (10, 42)]
after pos [(8, 18), (78, 90), (8, 8), (10, 40)]
current pos [(8, 18), (78, 90), (8, 8), (10, 40)]
after pos [(14, 16), (72, 90), (10, 10), (10, 38)]
current pos [(14, 16), (72, 90), (10, 10), (10, 38)]
after pos [(18, 14), (70, 90), (16, 12), (14, 40)]
current pos [(18, 14), (70, 90), (16, 12), (14, 40)]
after pos [(20, 14), (68, 90), (18, 12), (16, 42)]
current pos [(20, 14), (68, 90), (18, 12), (16, 42)]
after pos [(24, 12), (64, 88), (20, 12), (18, 42)]
current pos [(24, 12), (64, 88), (20, 12), (18, 42)]
after pos [(26, 10), (62, 88), (22, 12), (20, 42)]
current pos [(26, 10), (62, 88), (22, 12), (20, 42)]
after pos [(28, 10), (60, 88), (24, 14), (22, 42)]
current pos [(28, 10), (60, 88), (24, 14), (22, 42)]
after pos [(30, 10), (56, 86), (26, 14), (24, 42)]
current pos [(30, 10), (56, 86), (26, 14), (24, 42)]
after pos [(32, 10), (54, 86), (32, 12), (26, 42)]
current pos [(32, 10), (54, 86), (32, 12), (26, 42)]
after pos [(34, 10), (52, 86), (36, 10), (28, 42)]
current pos [(34, 10), (52, 86), (36, 10), (28, 42)]
after pos [(38, 10), (50, 86), (40, 10), (30, 42)]
current pos [(38, 10), (50, 86), (40, 10), (30, 42)]
after pos [(42, 10), (48, 86), (44, 10), (32, 42)]
current pos [(42, 10), (48, 86), (44, 10), (32, 42)]
after pos [(46, 10), (46, 86), (48, 10), (34, 42)]
current pos [(46, 10), (46, 86), (48, 10), (34, 42)]
after pos [(50, 10), (36, 86), (52, 10), (36, 48)]
current pos [(50, 10), (36, 86), (52, 10), (36, 48)]
after pos [(52, 14), (28, 90), (54, 10), (38, 50)]
current pos [(52, 14), (28, 90), (54, 10), (38, 50)]
after pos [(54, 18), (32, 90), (50, 18), (38, 52)]
current pos [(54, 18), (32, 90), (50, 18), (38, 52)]
after pos [(52, 20), (34, 90), (50, 20), (40, 58)]
current pos [(52, 20), (34, 90), (50, 20), (40, 58)]
after pos [(50, 22), (40, 88), (50, 24), (42, 62)]
current pos [(50, 22), (40, 88), (50, 24), (42, 62)]
after pos [(60, 46), (42, 88), (50, 26), (44, 68)]
current pos [(60, 46), (42, 88), (50, 26), (44, 68)]
after pos [(52, 40), (44, 88), (48, 26), (46, 72)]
current pos [(52, 40), (44, 88), (48, 26), (46, 72)]
after pos [(50, 38), (46, 88), (46, 26), (46, 74)]
current pos [(50, 38), (46, 88), (46, 26), (46, 74)]
after pos [(48, 36), (48, 88), (44, 26), (44, 74)]
current pos [(48, 36), (48, 88), (44, 26), (44, 74)]
after pos [(44, 34), (50, 88), (42, 28), (44, 76)]
current pos [(44, 34), (50, 88), (42, 28), (44, 76)]
after pos [(38, 32), (52, 88), (36, 30), (44, 78)]
current pos [(38, 32), (52, 88), (36, 30), (44, 78)]
after pos [(36, 32), (60, 90), (34, 28), (50, 80)]
current pos [(36, 32), (60, 90), (34, 28), (50, 80)]
after pos [(34, 32), (64, 86), (32, 28), (52, 82)]
current pos [(34, 32), (64, 86), (32, 28), (52, 82)]
after pos [(32, 32), (66, 86), (30, 26), (56, 84)]
current pos [(32, 32), (66, 86), (30, 26), (56, 84)]
after pos [(30, 30), (72, 88), (26, 24), (58, 84)]
current pos [(30, 30), (72, 88), (26, 24), (58, 84)]
after pos [(28, 30), (74, 88), (24, 26), (60, 84)]
current pos [(28, 30), (74, 88), (24, 26), (60, 84)]
after pos [(26, 28), (74, 86), (22, 26), (62, 84)]
current pos [(26, 28), (74, 86), (22, 26), (62, 84)]
after pos [(24, 32), (76, 86), (20, 26), (64, 84)]
current pos [(24, 32), (76, 86), (20, 26), (64, 84)]
after pos [(24, 34), (80, 86), (18, 26), (66, 84)]
current pos [(24, 34), (80, 86), (18, 26), (66, 84)]
after pos [(24, 36), (90, 86), (20, 28), (68, 84)]
current pos [(24, 36), (90, 86), (20, 28), (68, 84)]
after pos [(24, 38), (88, 88), (20, 30), (80, 82)]
current pos [(24, 38), (88, 88), (20, 30), (80, 82)]
after pos [(22, 40), (80, 92), (20, 32), (84, 80)]
current pos [(22, 40), (80, 92), (20, 32), (84, 80)]
after pos [(20, 44), (80, 90), (18, 34), (88, 78)]
current pos [(20, 44), (80, 90), (18, 34), (88, 78)]
after pos [(18, 46), (80, 88), (16, 38), (86, 84)]
current pos [(18, 46), (80, 88), (16, 38), (86, 84)]
after pos [(16, 46), (82, 88), (12, 42), (90, 84)]
current pos [(16, 46), (82, 88), (12, 42), (90, 84)]
after pos [(16, 48), (84, 88), (12, 44), (90, 82)]
current pos [(16, 48), (84, 88), (12, 44), (90, 82)]
after pos [(16, 50), (84, 78), (12, 46), (90, 80)]
current pos [(16, 50), (84, 78), (12, 46), (90, 80)]
after pos [(16, 52), (84, 74), (12, 48), (90, 78)]
current pos [(16, 52), (84, 74), (12, 48), (90, 78)]
after pos [(16, 54), (82, 74), (12, 64), (86, 72)]
current pos [(16, 54), (82, 74), (12, 64), (86, 72)]
after pos [(16, 56), (80, 72), (16, 68), (80, 70)]
current pos [(16, 56), (80, 72), (16, 68), (80, 70)]
after pos [(16, 58), (78, 72), (16, 70), (90, 64)]
current pos [(16, 58), (78, 72), (16, 70), (90, 64)]
after pos [(16, 62), (76, 74), (18, 80), (90, 68)]
current pos [(16, 62), (76, 74), (18, 80), (90, 68)]
after pos [(18, 66), (82, 76), (14, 88), (90, 70)]
current pos [(18, 66), (82, 76), (14, 88), (90, 70)]
after pos [(20, 70), (72, 78), (16, 88), (94, 88)]
│  map 3  steps=78  dist=[289.44616301598944, 265.9196752324794, 278.2877355599746, 311.55035118662755]  rmse=0.03956522
94259792  cov=10.019999742507935%  iou=0.8693989071038252  [74/200]
current pos [(20, 70), (72, 78), (16, 88), (94, 88)]
after pos [(20, 68), (72, 76), (18, 88), (92, 88)]
current pos [(20, 68), (72, 76), (18, 88), (92, 88)]
after pos [(20, 66), (72, 74), (20, 88), (90, 88)]
current pos [(20, 66), (72, 74), (20, 88), (90, 88)]
after pos [(20, 64), (72, 72), (22, 88), (88, 88)]
current pos [(20, 64), (72, 72), (22, 88), (88, 88)]
after pos [(22, 64), (70, 72), (24, 84), (86, 88)]
current pos [(22, 64), (70, 72), (24, 84), (86, 88)]
after pos [(28, 62), (62, 70), (26, 76), (84, 88)]
current pos [(28, 62), (62, 70), (26, 76), (84, 88)]
after pos [(30, 62), (56, 68), (28, 74), (82, 88)]
current pos [(30, 62), (56, 68), (28, 74), (82, 88)]
after pos [(32, 62), (54, 68), (30, 70), (76, 86)]
current pos [(32, 62), (54, 68), (30, 70), (76, 86)]
after pos [(34, 62), (52, 68), (32, 68), (74, 86)]
current pos [(34, 62), (52, 68), (32, 68), (74, 86)]
after pos [(36, 62), (50, 68), (34, 68), (70, 84)]
current pos [(36, 62), (50, 68), (34, 68), (70, 84)]
after pos [(38, 60), (52, 66), (36, 68), (68, 84)]
current pos [(38, 60), (52, 66), (36, 68), (68, 84)]
after pos [(40, 58), (50, 64), (40, 66), (66, 84)]
current pos [(40, 58), (50, 64), (40, 66), (66, 84)]
after pos [(42, 58), (50, 62), (44, 64), (42, 74)]
current pos [(42, 58), (50, 62), (44, 64), (42, 74)]
after pos [(44, 58), (50, 60), (46, 62), (40, 68)]
current pos [(44, 58), (50, 60), (46, 62), (40, 68)]
after pos [(52, 58), (50, 58), (46, 60), (40, 62)]
current pos [(52, 58), (50, 58), (46, 60), (40, 62)]
after pos [(34, 64), (36, 64), (42, 62), (34, 66)]
current pos [(34, 64), (36, 64), (42, 62), (34, 66)]
after pos [(34, 60), (36, 58), (42, 60), (28, 64)]
current pos [(34, 60), (36, 58), (42, 60), (28, 64)]
after pos [(34, 58), (40, 56), (34, 54), (30, 60)]
current pos [(34, 58), (40, 56), (34, 54), (30, 60)]
after pos [(28, 60), (40, 54), (32, 54), (30, 58)]
current pos [(28, 60), (40, 54), (32, 54), (30, 58)]
after pos [(20, 62), (46, 56), (32, 60), (28, 58)]
current pos [(20, 62), (46, 56), (32, 60), (28, 58)]
after pos [(18, 62), (52, 54), (30, 56), (26, 58)]
current pos [(18, 62), (52, 54), (30, 56), (26, 58)]
after pos [(16, 62), (40, 52), (30, 54), (24, 58)]
current pos [(16, 62), (40, 52), (30, 54), (24, 58)]
after pos [(14, 62), (52, 50), (26, 56), (22, 58)]
current pos [(14, 62), (52, 50), (26, 56), (22, 58)]
after pos [(12, 64), (52, 48), (28, 56), (20, 58)]
current pos [(12, 64), (52, 48), (28, 56), (20, 58)]
after pos [(10, 68), (50, 48), (24, 56), (18, 58)]
current pos [(10, 68), (50, 48), (24, 56), (18, 58)]
after pos [(8, 68), (48, 48), (22, 56), (16, 58)]
current pos [(8, 68), (48, 48), (22, 56), (16, 58)]
after pos [(8, 70), (42, 50), (20, 54), (14, 58)]
current pos [(8, 70), (42, 50), (20, 54), (14, 58)]
after pos [(8, 84), (40, 50), (18, 52), (12, 58)]
current pos [(8, 84), (40, 50), (18, 52), (12, 58)]
after pos [(8, 90), (38, 50), (16, 52), (12, 60)]
current pos [(8, 90), (38, 50), (16, 52), (12, 60)]
after pos [(10, 86), (36, 50), (14, 52), (10, 62)]
current pos [(10, 86), (36, 50), (14, 52), (10, 62)]
after pos [(10, 84), (38, 54), (12, 52), (8, 66)]
current pos [(10, 84), (38, 54), (12, 52), (8, 66)]
after pos [(10, 70), (38, 52), (10, 54), (8, 62)]
current pos [(10, 70), (38, 52), (10, 54), (8, 62)]
after pos [(14, 68), (34, 52), (8, 58), (8, 48)]
current pos [(14, 68), (34, 52), (8, 58), (8, 48)]
after pos [(14, 66), (26, 52), (4, 66), (8, 42)]
current pos [(14, 66), (26, 52), (4, 66), (8, 42)]
after pos [(10, 58), (24, 50), (6, 70), (8, 36)]
current pos [(10, 58), (24, 50), (6, 70), (8, 36)]
after pos [(4, 56), (22, 48), (6, 66), (8, 34)]
current pos [(4, 56), (22, 48), (6, 66), (8, 34)]
after pos [(6, 52), (20, 48), (6, 80), (8, 32)]
current pos [(6, 52), (20, 48), (6, 80), (8, 32)]
after pos [(6, 54), (18, 48), (12, 76), (8, 30)]
current pos [(6, 54), (18, 48), (12, 76), (8, 30)]
after pos [(18, 56), (16, 48), (12, 72), (8, 28)]
current pos [(18, 56), (16, 48), (12, 72), (8, 28)]
after pos [(18, 60), (14, 48), (16, 70), (8, 26)]
current pos [(18, 60), (14, 48), (16, 70), (8, 26)]
after pos [(18, 64), (12, 48), (18, 70), (8, 24)]
current pos [(18, 64), (12, 48), (18, 70), (8, 24)]
after pos [(18, 68), (10, 48), (16, 64), (8, 22)]
current pos [(18, 68), (10, 48), (16, 64), (8, 22)]
after pos [(16, 72), (10, 40), (24, 68), (8, 20)]
current pos [(16, 72), (10, 40), (24, 68), (8, 20)]
after pos [(12, 80), (12, 40), (28, 66), (8, 18)]
current pos [(12, 80), (12, 40), (28, 66), (8, 18)]
after pos [(14, 80), (14, 40), (28, 68), (8, 8)]
current pos [(14, 80), (14, 40), (28, 68), (8, 8)]
after pos [(16, 80), (16, 40), (24, 76), (10, 8)]
current pos [(16, 80), (16, 40), (24, 76), (10, 8)]
after pos [(18, 80), (18, 40), (30, 74), (10, 10)]
current pos [(18, 80), (18, 40), (30, 74), (10, 10)]
after pos [(18, 72), (20, 40), (32, 72), (12, 10)]
current pos [(18, 72), (20, 40), (32, 72), (12, 10)]
after pos [(24, 72), (22, 40), (34, 70), (14, 10)]
current pos [(24, 72), (22, 40), (34, 70), (14, 10)]
after pos [(32, 76), (26, 42), (36, 70), (16, 10)]
current pos [(32, 76), (26, 42), (36, 70), (16, 10)]
after pos [(34, 76), (30, 44), (38, 70), (18, 10)]
current pos [(34, 76), (30, 44), (38, 70), (18, 10)]
after pos [(38, 76), (32, 44), (38, 72), (20, 10)]
current pos [(38, 76), (32, 44), (38, 72), (20, 10)]
after pos [(36, 72), (34, 44), (50, 70), (22, 10)]
current pos [(36, 72), (34, 44), (50, 70), (22, 10)]
after pos [(36, 74), (36, 44), (44, 66), (34, 10)]
current pos [(36, 74), (36, 44), (44, 66), (34, 10)]
after pos [(40, 74), (38, 44), (48, 64), (36, 14)]
current pos [(40, 74), (38, 44), (48, 64), (36, 14)]
after pos [(42, 68), (40, 44), (48, 62), (38, 20)]
current pos [(42, 68), (40, 44), (48, 62), (38, 20)]
after pos [(48, 72), (42, 42), (58, 64), (40, 24)]
current pos [(48, 72), (42, 42), (58, 64), (40, 24)]
after pos [(52, 74), (44, 42), (58, 62), (42, 28)]
current pos [(52, 74), (44, 42), (58, 62), (42, 28)]
after pos [(54, 74), (54, 46), (56, 60), (44, 32)]
current pos [(54, 74), (54, 46), (56, 60), (44, 32)]
after pos [(54, 72), (54, 48), (56, 58), (46, 36)]
current pos [(54, 72), (54, 48), (56, 58), (46, 36)]
after pos [(54, 70), (54, 50), (52, 60), (44, 38)]
current pos [(54, 70), (54, 50), (52, 60), (44, 38)]
after pos [(54, 66), (54, 52), (54, 60), (44, 40)]
current pos [(54, 66), (54, 52), (54, 60), (44, 40)]
after pos [(52, 72), (54, 56), (42, 80), (44, 44)]
current pos [(52, 72), (54, 56), (42, 80), (44, 44)]
after pos [(28, 82), (58, 54), (40, 82), (42, 46)]
│  map 4  steps=63  dist=[308.8423302146869, 228.38017387850087, 282.2597530533819, 240.77169284651018]  rmse=0.11396028
220258371  cov=9.130000323057175%  iou=0.7928464977645305  [75/200]
current pos [(28, 82), (58, 54), (40, 82), (42, 46)]
after pos [(28, 80), (60, 54), (42, 82), (40, 46)]
current pos [(28, 80), (60, 54), (42, 82), (40, 46)]
after pos [(28, 78), (62, 54), (44, 82), (38, 46)]
current pos [(28, 78), (62, 54), (44, 82), (38, 46)]
after pos [(28, 76), (64, 54), (46, 82), (36, 46)]
current pos [(28, 76), (64, 54), (46, 82), (36, 46)]
after pos [(28, 74), (64, 56), (44, 80), (34, 46)]
current pos [(28, 74), (64, 56), (44, 80), (34, 46)]
after pos [(28, 72), (64, 58), (44, 78), (32, 46)]
current pos [(28, 72), (64, 58), (44, 78), (32, 46)]
after pos [(28, 70), (64, 60), (44, 76), (30, 46)]
current pos [(28, 70), (64, 60), (44, 76), (30, 46)]
after pos [(26, 70), (64, 62), (46, 76), (30, 44)]
current pos [(26, 70), (64, 62), (46, 76), (30, 44)]
after pos [(24, 70), (64, 64), (48, 76), (30, 42)]
current pos [(24, 70), (64, 64), (48, 76), (30, 42)]
after pos [(22, 70), (64, 66), (50, 76), (30, 40)]
current pos [(22, 70), (64, 66), (50, 76), (30, 40)]
after pos [(20, 64), (66, 70), (52, 76), (30, 38)]
current pos [(20, 64), (66, 70), (52, 76), (30, 38)]
after pos [(18, 62), (68, 72), (54, 76), (30, 36)]
current pos [(18, 62), (68, 72), (54, 76), (30, 36)]
after pos [(16, 60), (68, 74), (56, 76), (30, 34)]
current pos [(16, 60), (68, 74), (56, 76), (30, 34)]
after pos [(14, 58), (68, 76), (58, 78), (26, 24)]
current pos [(14, 58), (68, 76), (58, 78), (26, 24)]
after pos [(12, 52), (70, 80), (64, 80), (24, 24)]
current pos [(12, 52), (70, 80), (64, 80), (24, 24)]
after pos [(10, 50), (72, 82), (68, 82), (22, 24)]
current pos [(10, 50), (72, 82), (68, 82), (22, 24)]
after pos [(8, 48), (74, 84), (72, 84), (20, 24)]
current pos [(8, 48), (74, 84), (72, 84), (20, 24)]
after pos [(8, 46), (76, 86), (76, 84), (20, 22)]
current pos [(8, 46), (76, 86), (76, 84), (20, 22)]
after pos [(8, 44), (78, 86), (78, 84), (20, 20)]
current pos [(8, 44), (78, 86), (78, 84), (20, 20)]
after pos [(8, 42), (80, 86), (80, 84), (20, 18)]
current pos [(8, 42), (80, 86), (80, 84), (20, 18)]
after pos [(8, 40), (82, 88), (82, 84), (18, 18)]
current pos [(8, 40), (82, 88), (82, 84), (18, 18)]
after pos [(8, 38), (84, 90), (84, 84), (16, 18)]
current pos [(8, 38), (84, 90), (84, 84), (16, 18)]
after pos [(8, 36), (80, 90), (76, 88), (14, 18)]
current pos [(8, 36), (80, 90), (76, 88), (14, 18)]
after pos [(8, 34), (78, 90), (74, 88), (12, 18)]
current pos [(8, 34), (78, 90), (74, 88), (12, 18)]
after pos [(8, 32), (76, 90), (72, 88), (8, 18)]
current pos [(8, 32), (76, 90), (72, 88), (8, 18)]
after pos [(8, 30), (74, 90), (70, 88), (8, 10)]
current pos [(8, 30), (74, 90), (70, 88), (8, 10)]
after pos [(8, 20), (72, 90), (68, 88), (10, 10)]
current pos [(8, 20), (72, 90), (68, 88), (10, 10)]
after pos [(18, 20), (70, 90), (66, 88), (12, 10)]
current pos [(18, 20), (70, 90), (66, 88), (12, 10)]
after pos [(18, 16), (68, 90), (64, 88), (14, 10)]
current pos [(18, 16), (68, 90), (64, 88), (14, 10)]
after pos [(18, 14), (66, 90), (62, 88), (16, 16)]
current pos [(18, 14), (66, 90), (62, 88), (16, 16)]
after pos [(18, 12), (64, 90), (60, 88), (10, 14)]
current pos [(18, 12), (64, 90), (60, 88), (10, 14)]
after pos [(18, 10), (62, 90), (58, 88), (12, 12)]
current pos [(18, 10), (62, 90), (58, 88), (12, 12)]
after pos [(18, 8), (60, 90), (56, 88), (24, 10)]
current pos [(18, 8), (60, 90), (56, 88), (24, 10)]
after pos [(12, 6), (58, 90), (54, 88), (12, 8)]
current pos [(12, 6), (58, 90), (54, 88), (12, 8)]
after pos [(8, 8), (56, 90), (52, 88), (8, 6)]
current pos [(8, 8), (56, 90), (52, 88), (8, 6)]
after pos [(6, 8), (54, 90), (50, 88), (10, 6)]
current pos [(6, 8), (54, 90), (50, 88), (10, 6)]
after pos [(6, 16), (52, 90), (48, 88), (24, 4)]
current pos [(6, 16), (52, 90), (48, 88), (24, 4)]
after pos [(6, 22), (50, 90), (46, 88), (24, 6)]
current pos [(6, 22), (50, 90), (46, 88), (24, 6)]
after pos [(18, 22), (48, 90), (44, 88), (20, 14)]
current pos [(18, 22), (48, 90), (44, 88), (20, 14)]
after pos [(24, 12), (46, 90), (42, 88), (24, 16)]
current pos [(24, 12), (46, 90), (42, 88), (24, 16)]
after pos [(28, 12), (44, 90), (40, 88), (22, 20)]
current pos [(28, 12), (44, 90), (40, 88), (22, 20)]
after pos [(28, 10), (42, 90), (38, 88), (32, 18)]
current pos [(28, 10), (42, 90), (38, 88), (32, 18)]
after pos [(12, 4), (36, 86), (36, 88), (34, 18)]
current pos [(12, 4), (36, 86), (36, 88), (34, 18)]
after pos [(8, 4), (34, 86), (34, 88), (34, 16)]
current pos [(8, 4), (34, 86), (34, 88), (34, 16)]
after pos [(8, 2), (32, 86), (32, 88), (34, 8)]
current pos [(8, 2), (32, 86), (32, 88), (34, 8)]
after pos [(10, 2), (30, 86), (30, 88), (32, 8)]
current pos [(10, 2), (30, 86), (30, 88), (32, 8)]
after pos [(22, 2), (28, 86), (28, 88), (30, 8)]
current pos [(22, 2), (28, 86), (28, 88), (30, 8)]
after pos [(26, 6), (26, 86), (26, 88), (26, 16)]
current pos [(26, 6), (26, 86), (26, 88), (26, 16)]
after pos [(32, 6), (24, 86), (24, 88), (32, 16)]
current pos [(32, 6), (24, 86), (24, 88), (32, 16)]
after pos [(34, 6), (22, 86), (22, 88), (30, 12)]
current pos [(34, 6), (22, 86), (22, 88), (30, 12)]
after pos [(36, 8), (20, 86), (20, 90), (30, 14)]
current pos [(36, 8), (20, 86), (20, 90), (30, 14)]
after pos [(38, 10), (18, 86), (16, 88), (32, 10)]
current pos [(38, 10), (18, 86), (16, 88), (32, 10)]
after pos [(40, 10), (16, 86), (14, 88), (32, 12)]
current pos [(40, 10), (16, 86), (14, 88), (32, 12)]
after pos [(50, 10), (14, 86), (12, 88), (22, 22)]
current pos [(50, 10), (14, 86), (12, 88), (22, 22)]
after pos [(48, 12), (12, 86), (10, 86), (18, 26)]
current pos [(48, 12), (12, 86), (10, 86), (18, 26)]
after pos [(48, 14), (10, 84), (8, 84), (16, 26)]
current pos [(48, 14), (10, 84), (8, 84), (16, 26)]
after pos [(46, 16), (8, 82), (8, 80), (16, 24)]
current pos [(46, 16), (8, 82), (8, 80), (16, 24)]
after pos [(44, 18), (8, 78), (8, 76), (12, 24)]
current pos [(44, 18), (8, 78), (8, 76), (12, 24)]
after pos [(42, 20), (10, 74), (8, 74), (10, 30)]
current pos [(42, 20), (10, 74), (8, 74), (10, 30)]
after pos [(18, 30), (8, 70), (8, 72), (12, 32)]
current pos [(18, 30), (8, 70), (8, 72), (12, 32)]
after pos [(18, 32), (8, 68), (10, 70), (14, 32)]
current pos [(18, 32), (8, 68), (10, 70), (14, 32)]
after pos [(18, 34), (10, 64), (8, 56), (16, 34)]
current pos [(18, 34), (10, 64), (8, 56), (16, 34)]
after pos [(18, 36), (10, 58), (8, 54), (14, 26)]
current pos [(18, 36), (10, 58), (8, 54), (14, 26)]
after pos [(20, 36), (10, 56), (8, 52), (18, 28)]
current pos [(20, 36), (10, 56), (8, 52), (18, 28)]
after pos [(20, 44), (10, 54), (10, 46), (22, 26)]
current pos [(20, 44), (10, 54), (10, 46), (22, 26)]
after pos [(14, 36), (10, 44), (10, 34), (36, 20)]
current pos [(14, 36), (10, 44), (10, 34), (36, 20)]
after pos [(2, 20), (6, 38), (4, 22), (36, 12)]
│  map 5  steps=66  dist=[304.96526581803596, 177.41030187482338, 199.53889665287824, 289.37074456280914]  rmse=0.078331
2013481599  cov=8.51999968290329%  iou=0.7430875576036866  [76/200]
current pos [(2, 20), (6, 38), (4, 22), (36, 12)]
after pos [(2, 22), (8, 38), (6, 22), (36, 14)]
current pos [(2, 22), (8, 38), (6, 22), (36, 14)]
after pos [(2, 24), (10, 38), (8, 22), (36, 16)]
current pos [(2, 24), (10, 38), (8, 22), (36, 16)]
after pos [(2, 26), (12, 38), (10, 22), (36, 18)]
current pos [(2, 26), (12, 38), (10, 22), (36, 18)]
after pos [(4, 26), (10, 40), (10, 14), (34, 18)]
current pos [(4, 26), (10, 40), (10, 14), (34, 18)]
after pos [(6, 26), (8, 42), (12, 10), (32, 18)]
current pos [(6, 26), (8, 42), (12, 10), (32, 18)]
after pos [(8, 26), (8, 44), (10, 8), (30, 18)]
current pos [(8, 26), (8, 44), (10, 8), (30, 18)]
after pos [(8, 24), (8, 46), (22, 8), (28, 18)]
current pos [(8, 24), (8, 46), (22, 8), (28, 18)]
after pos [(8, 8), (8, 48), (32, 8), (26, 18)]
current pos [(8, 8), (8, 48), (32, 8), (26, 18)]
after pos [(8, 6), (8, 50), (30, 6), (24, 18)]
current pos [(8, 6), (8, 50), (30, 6), (24, 18)]
after pos [(8, 4), (8, 52), (28, 6), (22, 18)]
current pos [(8, 4), (8, 52), (28, 6), (22, 18)]
after pos [(10, 4), (8, 54), (26, 6), (22, 16)]
current pos [(10, 4), (8, 54), (26, 6), (22, 16)]
after pos [(22, 6), (8, 56), (24, 6), (20, 16)]
current pos [(22, 6), (8, 56), (24, 6), (20, 16)]
after pos [(26, 10), (8, 58), (10, 6), (20, 26)]
current pos [(26, 10), (8, 58), (10, 6), (20, 26)]
after pos [(24, 12), (8, 60), (14, 14), (18, 24)]
current pos [(24, 12), (8, 60), (14, 14), (18, 24)]
after pos [(22, 12), (8, 62), (16, 14), (18, 22)]
current pos [(22, 12), (8, 62), (16, 14), (18, 22)]
after pos [(18, 10), (8, 64), (20, 14), (18, 20)]
current pos [(18, 10), (8, 64), (20, 14), (18, 20)]
after pos [(18, 12), (8, 66), (18, 18), (16, 18)]
current pos [(18, 12), (8, 66), (18, 18), (16, 18)]
after pos [(14, 10), (8, 68), (18, 16), (16, 16)]
current pos [(14, 10), (8, 68), (18, 16), (16, 16)]
after pos [(16, 10), (8, 70), (12, 18), (4, 14)]
current pos [(16, 10), (8, 70), (12, 18), (4, 14)]
after pos [(22, 14), (8, 72), (12, 24), (4, 16)]
current pos [(22, 14), (8, 72), (12, 24), (4, 16)]
after pos [(28, 16), (8, 74), (14, 20), (4, 18)]
current pos [(28, 16), (8, 74), (14, 20), (4, 18)]
after pos [(28, 10), (8, 76), (14, 22), (6, 18)]
current pos [(28, 10), (8, 76), (14, 22), (6, 18)]
after pos [(22, 22), (8, 90), (36, 6), (6, 8)]
current pos [(22, 22), (8, 90), (36, 6), (6, 8)]
after pos [(28, 24), (10, 90), (30, 4), (20, 30)]
current pos [(28, 24), (10, 90), (30, 4), (20, 30)]
after pos [(26, 20), (12, 90), (30, 16), (22, 30)]
current pos [(26, 20), (12, 90), (30, 16), (22, 30)]
after pos [(28, 20), (18, 88), (34, 14), (24, 30)]
current pos [(28, 20), (18, 88), (34, 14), (24, 30)]
after pos [(32, 26), (20, 88), (34, 12), (26, 30)]
current pos [(32, 26), (20, 88), (34, 12), (26, 30)]
after pos [(32, 28), (22, 88), (34, 16), (26, 26)]
current pos [(32, 28), (22, 88), (34, 16), (26, 26)]
after pos [(32, 30), (24, 88), (34, 20), (22, 28)]
current pos [(32, 30), (24, 88), (34, 20), (22, 28)]
after pos [(32, 32), (24, 86), (34, 22), (22, 24)]
current pos [(32, 32), (24, 86), (34, 22), (22, 24)]
after pos [(30, 34), (24, 84), (34, 24), (14, 26)]
current pos [(30, 34), (24, 84), (34, 24), (14, 26)]
after pos [(28, 36), (24, 82), (34, 26), (8, 28)]
current pos [(28, 36), (24, 82), (34, 26), (8, 28)]
after pos [(22, 34), (24, 80), (34, 28), (10, 24)]
current pos [(22, 34), (24, 80), (34, 28), (10, 24)]
after pos [(20, 34), (24, 78), (36, 32), (12, 30)]
current pos [(20, 34), (24, 78), (36, 32), (12, 30)]
after pos [(20, 32), (24, 76), (34, 36), (16, 28)]
current pos [(20, 32), (24, 76), (34, 36), (16, 28)]
after pos [(18, 32), (24, 74), (34, 38), (14, 28)]
current pos [(18, 32), (24, 74), (34, 38), (14, 28)]
after pos [(16, 32), (24, 72), (32, 42), (6, 32)]
current pos [(16, 32), (24, 72), (32, 42), (6, 32)]
after pos [(14, 32), (24, 70), (30, 46), (14, 34)]
current pos [(14, 32), (24, 70), (30, 46), (14, 34)]
after pos [(12, 32), (24, 68), (28, 46), (16, 36)]
current pos [(12, 32), (24, 68), (28, 46), (16, 36)]
after pos [(14, 40), (24, 66), (26, 46), (18, 38)]
current pos [(14, 40), (24, 66), (26, 46), (18, 38)]
after pos [(16, 42), (24, 64), (24, 46), (18, 40)]
current pos [(16, 42), (24, 64), (24, 46), (18, 40)]
after pos [(18, 44), (26, 62), (24, 48), (18, 42)]
current pos [(18, 44), (26, 62), (24, 48), (18, 42)]
after pos [(16, 48), (32, 60), (24, 50), (20, 44)]
current pos [(16, 48), (32, 60), (24, 50), (20, 44)]
after pos [(18, 52), (34, 60), (24, 52), (20, 46)]
current pos [(18, 52), (34, 60), (24, 52), (20, 46)]
after pos [(20, 52), (38, 58), (28, 54), (20, 48)]
current pos [(20, 52), (38, 58), (28, 54), (20, 48)]
after pos [(24, 54), (40, 62), (30, 54), (22, 40)]
current pos [(24, 54), (40, 62), (30, 54), (22, 40)]
after pos [(36, 70), (42, 66), (32, 58), (26, 32)]
current pos [(36, 70), (42, 66), (32, 58), (26, 32)]
after pos [(40, 72), (42, 68), (34, 62), (30, 30)]
current pos [(40, 72), (42, 68), (34, 62), (30, 30)]
after pos [(42, 72), (42, 70), (36, 66), (30, 28)]
current pos [(42, 72), (42, 70), (36, 66), (30, 28)]
after pos [(48, 76), (46, 72), (40, 76), (28, 26)]
current pos [(48, 76), (46, 72), (40, 76), (28, 26)]
after pos [(54, 78), (52, 74), (44, 78), (28, 28)]
current pos [(54, 78), (52, 74), (44, 78), (28, 28)]
after pos [(56, 78), (58, 76), (50, 80), (32, 20)]
current pos [(56, 78), (58, 76), (50, 80), (32, 20)]
after pos [(58, 78), (62, 78), (52, 82), (36, 20)]
current pos [(58, 78), (62, 78), (52, 82), (36, 20)]
after pos [(60, 78), (66, 80), (54, 84), (38, 20)]
current pos [(60, 78), (66, 80), (54, 84), (38, 20)]
after pos [(68, 82), (68, 80), (56, 84), (38, 18)]
current pos [(68, 82), (68, 80), (56, 84), (38, 18)]
after pos [(70, 82), (70, 80), (58, 84), (38, 10)]
current pos [(70, 82), (70, 80), (58, 84), (38, 10)]
after pos [(72, 82), (72, 80), (60, 84), (34, 10)]
current pos [(72, 82), (72, 80), (60, 84), (34, 10)]
after pos [(74, 84), (82, 86), (62, 86), (28, 4)]
current pos [(74, 84), (82, 86), (62, 86), (28, 4)]
after pos [(72, 90), (84, 86), (64, 88), (20, 4)]
current pos [(72, 90), (84, 86), (64, 88), (20, 4)]
after pos [(70, 90), (88, 86), (60, 88), (14, 2)]
current pos [(70, 90), (88, 86), (60, 88), (14, 2)]
after pos [(68, 90), (88, 88), (58, 88), (10, 0)]
current pos [(68, 90), (88, 88), (58, 88), (10, 0)]
after pos [(66, 90), (90, 90), (56, 88), (8, 2)]
current pos [(66, 90), (90, 90), (56, 88), (8, 2)]
after pos [(64, 90), (88, 90), (54, 88), (2, 10)]
current pos [(64, 90), (88, 90), (54, 88), (2, 10)]
after pos [(62, 90), (78, 90), (52, 88), (4, 12)]
current pos [(62, 90), (78, 90), (52, 88), (4, 12)]
after pos [(60, 90), (86, 80), (52, 86), (2, 12)]
current pos [(60, 90), (86, 80), (52, 86), (2, 12)]
after pos [(58, 90), (86, 78), (50, 86), (2, 14)]
current pos [(58, 90), (86, 78), (50, 86), (2, 14)]
after pos [(56, 90), (86, 76), (48, 86), (0, 14)]
current pos [(56, 90), (86, 76), (48, 86), (0, 14)]
after pos [(54, 90), (84, 74), (46, 86), (2, 16)]
current pos [(54, 90), (84, 74), (46, 86), (2, 16)]
after pos [(52, 90), (78, 72), (44, 86), (2, 18)]
current pos [(52, 90), (78, 72), (44, 86), (2, 18)]
after pos [(50, 90), (74, 70), (42, 86), (6, 20)]
current pos [(50, 90), (74, 70), (42, 86), (6, 20)]
after pos [(48, 90), (68, 68), (38, 88), (4, 20)]
│  map 6  steps=71  dist=[275.96086902426396, 231.86257149530485, 293.47167462122064, 301.56139135307257]  rmse=0.118066
95273803748  cov=9.66000035405159%  iou=0.7570671378091873  [77/200]
current pos [(48, 90), (68, 68), (38, 88), (4, 20)]
after pos [(50, 90), (70, 68), (36, 88), (6, 20)]
current pos [(50, 90), (70, 68), (36, 88), (6, 20)]
after pos [(52, 90), (72, 68), (34, 88), (8, 20)]
current pos [(52, 90), (72, 68), (34, 88), (8, 20)]
after pos [(54, 90), (74, 68), (32, 88), (10, 20)]
current pos [(54, 90), (74, 68), (32, 88), (10, 20)]
after pos [(56, 82), (66, 68), (32, 86), (10, 22)]
current pos [(56, 82), (66, 68), (32, 86), (10, 22)]
after pos [(54, 78), (64, 68), (32, 84), (10, 24)]
current pos [(54, 78), (64, 68), (32, 84), (10, 24)]
after pos [(52, 74), (62, 68), (32, 82), (8, 28)]
current pos [(52, 74), (62, 68), (32, 82), (8, 28)]
after pos [(46, 70), (60, 68), (32, 80), (8, 30)]
current pos [(46, 70), (60, 68), (32, 80), (8, 30)]
after pos [(44, 68), (56, 66), (32, 78), (8, 32)]
current pos [(44, 68), (56, 66), (32, 78), (8, 32)]
after pos [(36, 62), (50, 64), (32, 76), (8, 34)]
current pos [(36, 62), (50, 64), (32, 76), (8, 34)]
after pos [(34, 62), (44, 56), (30, 76), (8, 36)]
current pos [(34, 62), (44, 56), (30, 76), (8, 36)]
after pos [(32, 62), (42, 54), (24, 74), (8, 38)]
current pos [(32, 62), (42, 54), (24, 74), (8, 38)]
after pos [(30, 62), (36, 50), (18, 70), (8, 40)]
current pos [(30, 62), (36, 50), (18, 70), (8, 40)]
after pos [(28, 56), (34, 46), (16, 64), (8, 42)]
current pos [(28, 56), (34, 46), (16, 64), (8, 42)]
after pos [(26, 54), (32, 38), (14, 62), (8, 44)]
current pos [(26, 54), (32, 38), (14, 62), (8, 44)]
after pos [(24, 50), (30, 32), (12, 58), (8, 46)]
current pos [(24, 50), (30, 32), (12, 58), (8, 46)]
after pos [(24, 48), (28, 30), (10, 60), (8, 48)]
current pos [(24, 48), (28, 30), (10, 60), (8, 48)]
after pos [(24, 46), (26, 28), (8, 62), (8, 50)]
current pos [(24, 46), (26, 28), (8, 62), (8, 50)]
after pos [(22, 44), (22, 26), (8, 64), (8, 52)]
current pos [(22, 44), (22, 26), (8, 64), (8, 52)]
after pos [(20, 38), (20, 22), (8, 66), (8, 54)]
current pos [(20, 38), (20, 22), (8, 66), (8, 54)]
after pos [(18, 34), (18, 20), (8, 68), (8, 56)]
current pos [(18, 34), (18, 20), (8, 68), (8, 56)]
after pos [(16, 28), (18, 18), (8, 70), (8, 58)]
current pos [(16, 28), (18, 18), (8, 70), (8, 58)]
after pos [(12, 22), (16, 16), (8, 72), (8, 74)]
current pos [(12, 22), (16, 16), (8, 72), (8, 74)]
after pos [(14, 18), (16, 14), (8, 76), (8, 90)]
current pos [(14, 18), (16, 14), (8, 76), (8, 90)]
after pos [(12, 14), (16, 12), (10, 78), (10, 90)]
current pos [(12, 14), (16, 12), (10, 78), (10, 90)]
after pos [(10, 14), (16, 8), (16, 80), (12, 90)]
current pos [(10, 14), (16, 8), (16, 80), (12, 90)]
after pos [(10, 12), (14, 8), (18, 82), (14, 90)]
current pos [(10, 12), (14, 8), (18, 82), (14, 90)]
after pos [(10, 8), (14, 10), (20, 84), (20, 88)]
current pos [(10, 8), (14, 10), (20, 84), (20, 88)]
after pos [(14, 6), (12, 10), (26, 86), (30, 90)]
current pos [(14, 6), (12, 10), (26, 86), (30, 90)]
after pos [(14, 4), (14, 14), (28, 86), (32, 90)]
current pos [(14, 4), (14, 14), (28, 86), (32, 90)]
after pos [(16, 6), (14, 12), (30, 86), (52, 88)]
current pos [(16, 6), (14, 12), (30, 86), (52, 88)]
after pos [(20, 8), (24, 10), (36, 84), (58, 88)]
current pos [(20, 8), (24, 10), (36, 84), (58, 88)]
after pos [(16, 20), (26, 10), (38, 84), (62, 86)]
current pos [(16, 20), (26, 10), (38, 84), (62, 86)]
after pos [(12, 18), (28, 10), (40, 84), (68, 84)]
current pos [(12, 18), (28, 10), (40, 84), (68, 84)]
after pos [(10, 18), (32, 8), (42, 84), (70, 84)]
current pos [(10, 18), (32, 8), (42, 84), (70, 84)]
after pos [(6, 10), (28, 8), (44, 84), (72, 84)]
current pos [(6, 10), (28, 8), (44, 84), (72, 84)]
after pos [(8, 6), (26, 8), (58, 86), (74, 84)]
current pos [(8, 6), (26, 8), (58, 86), (74, 84)]
after pos [(8, 10), (20, 6), (68, 86), (76, 84)]
current pos [(8, 10), (20, 6), (68, 86), (76, 84)]
after pos [(12, 2), (18, 2), (70, 86), (78, 84)]
current pos [(12, 2), (18, 2), (70, 86), (78, 84)]
after pos [(6, 4), (18, 4), (72, 86), (80, 84)]
current pos [(6, 4), (18, 4), (72, 86), (80, 84)]
after pos [(6, 6), (14, 2), (74, 86), (82, 86)]
current pos [(6, 6), (14, 2), (74, 86), (82, 86)]
after pos [(6, 18), (14, 0), (76, 88), (84, 86)]
current pos [(6, 18), (14, 0), (76, 88), (84, 86)]
after pos [(8, 18), (22, 20), (78, 90), (90, 88)]
current pos [(8, 18), (22, 20), (78, 90), (90, 88)]
after pos [(8, 24), (22, 14), (74, 90), (88, 84)]
current pos [(8, 24), (22, 14), (74, 90), (88, 84)]
after pos [(22, 22), (28, 16), (66, 90), (86, 82)]
current pos [(22, 22), (28, 16), (66, 90), (86, 82)]
after pos [(24, 20), (30, 14), (66, 88), (84, 84)]
current pos [(24, 20), (30, 14), (66, 88), (84, 84)]
after pos [(26, 18), (32, 14), (64, 82), (80, 82)]
current pos [(26, 18), (32, 14), (64, 82), (80, 82)]
after pos [(26, 12), (34, 12), (70, 80), (74, 80)]
current pos [(26, 12), (34, 12), (70, 80), (74, 80)]
after pos [(24, 12), (34, 10), (64, 78), (80, 78)]
current pos [(24, 12), (34, 10), (64, 78), (80, 78)]
after pos [(30, 12), (46, 10), (60, 80), (80, 76)]
current pos [(30, 12), (46, 10), (60, 80), (80, 76)]
after pos [(34, 16), (48, 10), (54, 82), (78, 76)]
current pos [(34, 16), (48, 10), (54, 82), (78, 76)]
after pos [(34, 18), (50, 10), (52, 82), (76, 76)]
current pos [(34, 18), (50, 10), (52, 82), (76, 76)]
after pos [(34, 20), (52, 10), (50, 82), (74, 76)]
current pos [(34, 20), (52, 10), (50, 82), (74, 76)]
after pos [(34, 26), (52, 12), (46, 82), (72, 78)]
current pos [(34, 26), (52, 12), (46, 82), (72, 78)]
after pos [(36, 26), (52, 14), (40, 80), (66, 76)]
current pos [(36, 26), (52, 14), (40, 80), (66, 76)]
after pos [(38, 26), (52, 16), (12, 86), (64, 76)]
current pos [(38, 26), (52, 16), (12, 86), (64, 76)]
after pos [(40, 26), (52, 18), (12, 84), (52, 78)]
current pos [(40, 26), (52, 18), (12, 84), (52, 78)]
after pos [(42, 26), (54, 20), (10, 84), (50, 78)]
current pos [(42, 26), (54, 20), (10, 84), (50, 78)]
after pos [(44, 26), (52, 22), (10, 82), (48, 78)]
current pos [(44, 26), (52, 22), (10, 82), (48, 78)]
after pos [(46, 26), (52, 24), (10, 80), (46, 78)]
current pos [(46, 26), (52, 24), (10, 80), (46, 78)]
after pos [(48, 28), (54, 24), (10, 74), (42, 76)]
current pos [(48, 28), (54, 24), (10, 74), (42, 76)]
after pos [(50, 30), (54, 30), (10, 72), (40, 76)]
current pos [(50, 30), (54, 30), (10, 72), (40, 76)]
after pos [(42, 24), (56, 30), (10, 70), (38, 76)]
current pos [(42, 24), (56, 30), (10, 70), (38, 76)]
after pos [(40, 24), (58, 30), (10, 68), (26, 72)]
current pos [(40, 24), (58, 30), (10, 68), (26, 72)]
after pos [(38, 24), (58, 28), (10, 66), (24, 68)]
current pos [(38, 24), (58, 28), (10, 66), (24, 68)]
after pos [(36, 24), (52, 26), (10, 64), (22, 64)]
current pos [(36, 24), (52, 26), (10, 64), (22, 64)]
after pos [(32, 24), (46, 24), (10, 56), (20, 60)]
current pos [(32, 24), (46, 24), (10, 56), (20, 60)]
after pos [(28, 24), (42, 22), (10, 54), (18, 58)]
current pos [(28, 24), (42, 22), (10, 54), (18, 58)]
after pos [(28, 18), (38, 20), (10, 52), (16, 54)]
current pos [(28, 18), (38, 20), (10, 52), (16, 54)]
after pos [(24, 24), (36, 20), (10, 50), (14, 50)]
│  map 7  steps=69  dist=[302.86316106722677, 271.3205476526189, 266.8061224125479, 271.92325306644466]  rmse=0.04465859
9466366494  cov=9.780000150203705%  iou=0.6825657894736842  [78/200]
current pos [(24, 24), (36, 20), (10, 50), (14, 50)]
after pos [(24, 26), (36, 22), (10, 48), (16, 50)]
current pos [(24, 26), (36, 22), (10, 48), (16, 50)]
after pos [(24, 28), (36, 24), (10, 46), (18, 50)]
current pos [(24, 28), (36, 24), (10, 46), (18, 50)]
after pos [(24, 30), (36, 26), (10, 44), (20, 50)]
current pos [(24, 30), (36, 26), (10, 44), (20, 50)]
after pos [(26, 34), (36, 28), (8, 44), (20, 52)]
current pos [(26, 34), (36, 28), (8, 44), (20, 52)]
after pos [(28, 40), (36, 30), (8, 46), (20, 54)]
current pos [(28, 40), (36, 30), (8, 46), (20, 54)]
after pos [(30, 44), (36, 32), (8, 48), (18, 56)]
current pos [(30, 44), (36, 32), (8, 48), (18, 56)]
after pos [(30, 46), (36, 34), (8, 50), (16, 60)]
current pos [(30, 46), (36, 34), (8, 50), (16, 60)]
after pos [(32, 54), (38, 38), (8, 52), (14, 64)]
current pos [(32, 54), (38, 38), (8, 52), (14, 64)]
after pos [(32, 56), (40, 46), (8, 54), (12, 66)]
current pos [(32, 56), (40, 46), (8, 54), (12, 66)]
after pos [(32, 58), (42, 50), (8, 56), (10, 68)]
current pos [(32, 58), (42, 50), (8, 56), (10, 68)]
after pos [(32, 60), (44, 52), (8, 58), (8, 68)]
current pos [(32, 60), (44, 52), (8, 58), (8, 68)]
after pos [(36, 62), (44, 54), (8, 60), (8, 70)]
current pos [(36, 62), (44, 54), (8, 60), (8, 70)]
after pos [(38, 62), (44, 56), (8, 62), (8, 72)]
current pos [(38, 62), (44, 56), (8, 62), (8, 72)]
after pos [(40, 62), (44, 58), (8, 64), (8, 88)]
current pos [(40, 62), (44, 58), (8, 64), (8, 88)]
after pos [(42, 62), (46, 60), (8, 66), (12, 80)]
current pos [(42, 62), (46, 60), (8, 66), (12, 80)]
after pos [(44, 62), (48, 62), (6, 68), (12, 78)]
current pos [(44, 62), (48, 62), (6, 68), (12, 78)]
after pos [(44, 64), (48, 64), (6, 70), (10, 74)]
current pos [(44, 64), (48, 64), (6, 70), (10, 74)]
after pos [(44, 66), (48, 66), (6, 72), (10, 80)]
current pos [(44, 66), (48, 66), (6, 72), (10, 80)]
after pos [(44, 68), (48, 68), (6, 86), (4, 82)]
current pos [(44, 68), (48, 68), (6, 86), (4, 82)]
after pos [(38, 72), (56, 70), (16, 84), (4, 78)]
current pos [(38, 72), (56, 70), (16, 84), (4, 78)]
after pos [(36, 72), (58, 70), (16, 82), (4, 76)]
current pos [(36, 72), (58, 70), (16, 82), (4, 76)]
after pos [(34, 72), (82, 80), (16, 80), (4, 74)]
current pos [(34, 72), (82, 80), (16, 80), (4, 74)]
after pos [(32, 72), (76, 82), (12, 72), (4, 72)]
current pos [(32, 72), (76, 82), (12, 72), (4, 72)]
after pos [(30, 74), (74, 82), (18, 70), (14, 70)]
current pos [(30, 74), (74, 82), (18, 70), (14, 70)]
after pos [(26, 72), (72, 82), (18, 72), (16, 74)]
current pos [(26, 72), (72, 82), (18, 72), (16, 74)]
after pos [(26, 74), (70, 82), (18, 74), (16, 76)]
current pos [(26, 74), (70, 82), (18, 74), (16, 76)]
after pos [(26, 76), (68, 82), (18, 84), (14, 82)]
current pos [(26, 76), (68, 82), (18, 84), (14, 82)]
after pos [(26, 78), (66, 82), (20, 82), (8, 94)]
current pos [(26, 78), (66, 82), (20, 82), (8, 94)]
after pos [(28, 78), (64, 82), (22, 82), (6, 92)]
current pos [(28, 78), (64, 82), (22, 82), (6, 92)]
after pos [(30, 78), (62, 82), (24, 82), (6, 88)]
current pos [(30, 78), (62, 82), (24, 82), (6, 88)]
after pos [(32, 78), (60, 82), (26, 82), (12, 90)]
current pos [(32, 78), (60, 82), (26, 82), (12, 90)]
after pos [(34, 78), (58, 82), (28, 82), (18, 92)]
current pos [(34, 78), (58, 82), (28, 82), (18, 92)]
after pos [(36, 78), (56, 82), (30, 82), (22, 90)]
current pos [(36, 78), (56, 82), (30, 82), (22, 90)]
after pos [(38, 78), (54, 82), (32, 82), (26, 88)]
current pos [(38, 78), (54, 82), (32, 82), (26, 88)]
after pos [(40, 78), (52, 82), (34, 82), (32, 86)]
current pos [(40, 78), (52, 82), (34, 82), (32, 86)]
after pos [(42, 78), (50, 82), (36, 82), (34, 86)]
current pos [(42, 78), (50, 82), (36, 82), (34, 86)]
after pos [(44, 78), (48, 82), (38, 82), (36, 86)]
current pos [(44, 78), (48, 82), (38, 82), (36, 86)]
after pos [(46, 78), (46, 84), (40, 82), (38, 86)]
current pos [(46, 78), (46, 84), (40, 82), (38, 86)]
after pos [(48, 78), (50, 84), (42, 82), (40, 86)]
current pos [(48, 78), (50, 84), (42, 82), (40, 86)]
after pos [(50, 78), (52, 84), (44, 82), (42, 86)]
current pos [(50, 78), (52, 84), (44, 82), (42, 86)]
after pos [(52, 78), (54, 84), (48, 80), (44, 86)]
current pos [(52, 78), (54, 84), (48, 80), (44, 86)]
after pos [(54, 78), (56, 84), (50, 80), (46, 86)]
current pos [(54, 78), (56, 84), (50, 80), (46, 86)]
after pos [(56, 78), (58, 84), (52, 80), (48, 86)]
current pos [(56, 78), (58, 84), (52, 80), (48, 86)]
after pos [(58, 78), (60, 84), (54, 80), (50, 86)]
current pos [(58, 78), (60, 84), (54, 80), (50, 86)]
after pos [(60, 78), (72, 84), (58, 76), (52, 86)]
current pos [(60, 78), (72, 84), (58, 76), (52, 86)]
after pos [(72, 78), (74, 84), (60, 76), (54, 86)]
current pos [(72, 78), (74, 84), (60, 76), (54, 86)]
after pos [(74, 74), (76, 84), (62, 76), (56, 86)]
current pos [(74, 74), (76, 84), (62, 76), (56, 86)]
after pos [(72, 72), (82, 86), (68, 72), (58, 86)]
current pos [(72, 72), (82, 86), (68, 72), (58, 86)]
after pos [(72, 70), (76, 74), (68, 70), (60, 86)]
current pos [(72, 70), (76, 74), (68, 70), (60, 86)]
after pos [(72, 66), (78, 72), (64, 70), (62, 86)]
current pos [(72, 66), (78, 72), (64, 70), (62, 86)]
after pos [(70, 66), (78, 70), (64, 68), (64, 86)]
current pos [(70, 66), (78, 70), (64, 68), (64, 86)]
after pos [(70, 70), (76, 66), (64, 66), (72, 86)]
current pos [(70, 70), (76, 66), (64, 66), (72, 86)]
after pos [(70, 72), (76, 64), (66, 64), (78, 88)]
current pos [(70, 72), (76, 64), (66, 64), (78, 88)]
after pos [(70, 80), (74, 62), (68, 68), (72, 88)]
current pos [(70, 80), (74, 62), (68, 68), (72, 88)]
after pos [(64, 80), (72, 62), (68, 66), (70, 88)]
current pos [(64, 80), (72, 62), (68, 66), (70, 88)]
after pos [(58, 80), (76, 70), (68, 62), (68, 88)]
current pos [(58, 80), (76, 70), (68, 62), (68, 88)]
after pos [(44, 80), (84, 74), (66, 62), (66, 88)]
current pos [(44, 80), (84, 74), (66, 62), (66, 88)]
after pos [(42, 80), (86, 76), (64, 62), (64, 88)]
current pos [(42, 80), (86, 76), (64, 62), (64, 88)]
after pos [(40, 80), (86, 78), (58, 62), (62, 88)]
current pos [(40, 80), (86, 78), (58, 62), (62, 88)]
after pos [(38, 80), (86, 88), (62, 64), (60, 88)]
current pos [(38, 80), (86, 88), (62, 64), (60, 88)]
after pos [(36, 80), (84, 88), (82, 76), (58, 88)]
current pos [(36, 80), (84, 88), (82, 76), (58, 88)]
after pos [(34, 80), (82, 88), (72, 80), (56, 88)]
current pos [(34, 80), (82, 88), (72, 80), (56, 88)]
after pos [(32, 80), (80, 88), (66, 76), (54, 88)]
current pos [(32, 80), (80, 88), (66, 76), (54, 88)]
after pos [(30, 80), (78, 90), (60, 74), (52, 88)]
current pos [(30, 80), (78, 90), (60, 74), (52, 88)]
after pos [(28, 80), (76, 90), (46, 76), (50, 88)]
current pos [(28, 80), (76, 90), (46, 76), (50, 88)]
after pos [(26, 80), (74, 90), (40, 74), (48, 88)]
current pos [(26, 80), (74, 90), (40, 74), (48, 88)]
after pos [(20, 78), (72, 90), (28, 76), (34, 88)]
current pos [(20, 78), (72, 90), (28, 76), (34, 88)]
after pos [(20, 76), (70, 90), (20, 74), (26, 90)]
current pos [(20, 76), (70, 90), (20, 74), (26, 90)]
after pos [(22, 72), (68, 90), (20, 72), (34, 90)]
current pos [(22, 72), (68, 90), (20, 72), (34, 90)]
after pos [(22, 70), (66, 90), (20, 66), (36, 90)]
current pos [(22, 70), (66, 90), (20, 66), (36, 90)]
after pos [(28, 70), (64, 90), (14, 68), (38, 90)]
current pos [(28, 70), (64, 90), (14, 68), (38, 90)]
after pos [(32, 68), (62, 90), (10, 56), (40, 90)]
│  map 8  steps=72  dist=[227.06823037732622, 248.49030969110942, 301.71840057900386, 270.8987862044216]  rmse=0.0592554
79365607426  cov=9.560000151395798%  iou=0.7890216579536968  [79/200]
current pos [(32, 68), (62, 90), (10, 56), (40, 90)]
after pos [(34, 68), (64, 90), (10, 58), (38, 90)]
current pos [(34, 68), (64, 90), (10, 58), (38, 90)]
after pos [(36, 68), (66, 90), (10, 60), (36, 90)]
current pos [(36, 68), (66, 90), (10, 60), (36, 90)]
after pos [(38, 68), (68, 90), (10, 62), (34, 90)]
current pos [(38, 68), (68, 90), (10, 62), (34, 90)]
after pos [(38, 66), (66, 84), (10, 64), (32, 80)]
current pos [(38, 66), (66, 84), (10, 64), (32, 80)]
after pos [(38, 64), (66, 82), (10, 66), (30, 76)]
current pos [(38, 64), (66, 82), (10, 66), (30, 76)]
after pos [(38, 62), (64, 78), (10, 68), (28, 72)]
current pos [(38, 62), (64, 78), (10, 68), (28, 72)]
after pos [(38, 60), (58, 70), (8, 70), (28, 70)]
current pos [(38, 60), (58, 70), (8, 70), (28, 70)]
after pos [(38, 58), (50, 64), (8, 72), (30, 64)]
current pos [(38, 58), (50, 64), (8, 72), (30, 64)]
after pos [(38, 56), (48, 64), (8, 74), (30, 62)]
current pos [(38, 56), (48, 64), (8, 74), (30, 62)]
after pos [(36, 56), (46, 64), (8, 66), (30, 60)]
current pos [(36, 56), (46, 64), (8, 66), (30, 60)]
after pos [(34, 56), (44, 64), (8, 64), (30, 58)]
current pos [(34, 56), (44, 64), (8, 64), (30, 58)]
after pos [(22, 56), (34, 40), (8, 62), (30, 56)]
current pos [(22, 56), (34, 40), (8, 62), (30, 56)]
after pos [(24, 54), (32, 42), (8, 48), (30, 54)]
current pos [(24, 54), (32, 42), (8, 48), (30, 54)]
after pos [(24, 48), (32, 44), (8, 40), (30, 48)]
current pos [(24, 48), (32, 44), (8, 40), (30, 48)]
after pos [(36, 64), (32, 46), (8, 32), (32, 52)]
current pos [(36, 64), (32, 46), (8, 32), (32, 52)]
after pos [(36, 58), (36, 54), (8, 28), (36, 60)]
current pos [(36, 58), (36, 54), (8, 28), (36, 60)]
after pos [(24, 60), (24, 46), (8, 24), (24, 58)]
current pos [(24, 60), (24, 46), (8, 24), (24, 58)]
after pos [(22, 58), (30, 44), (8, 22), (18, 50)]
current pos [(22, 58), (30, 44), (8, 22), (18, 50)]
after pos [(20, 58), (42, 46), (8, 20), (16, 46)]
current pos [(20, 58), (42, 46), (8, 20), (16, 46)]
after pos [(18, 58), (42, 48), (8, 18), (16, 44)]
current pos [(18, 58), (42, 48), (8, 18), (16, 44)]
after pos [(20, 56), (42, 50), (8, 10), (18, 46)]
current pos [(20, 56), (42, 50), (8, 10), (18, 46)]
after pos [(22, 52), (40, 62), (10, 10), (20, 44)]
current pos [(22, 52), (40, 62), (10, 10), (20, 44)]
after pos [(22, 44), (22, 64), (12, 10), (22, 50)]
current pos [(22, 44), (22, 64), (12, 10), (22, 50)]
after pos [(28, 42), (18, 62), (14, 10), (26, 42)]
current pos [(28, 42), (18, 62), (14, 10), (26, 42)]
after pos [(34, 38), (16, 64), (16, 16), (22, 40)]
current pos [(34, 38), (16, 64), (16, 16), (22, 40)]
after pos [(40, 42), (14, 62), (26, 40), (22, 42)]
current pos [(40, 42), (14, 62), (26, 40), (22, 42)]
after pos [(42, 36), (14, 60), (30, 38), (16, 40)]
current pos [(42, 36), (14, 60), (30, 38), (16, 40)]
after pos [(40, 36), (12, 56), (30, 36), (14, 42)]
current pos [(40, 36), (12, 56), (30, 36), (14, 42)]
after pos [(38, 36), (18, 54), (36, 36), (12, 46)]
current pos [(38, 36), (18, 54), (36, 36), (12, 46)]
after pos [(38, 34), (12, 52), (40, 48), (12, 48)]
current pos [(38, 34), (12, 52), (40, 48), (12, 48)]
after pos [(38, 32), (10, 48), (44, 38), (10, 52)]
current pos [(38, 32), (10, 48), (44, 38), (10, 52)]
after pos [(38, 30), (10, 54), (44, 44), (10, 40)]
current pos [(38, 30), (10, 54), (44, 44), (10, 40)]
after pos [(32, 32), (4, 54), (44, 58), (16, 38)]
current pos [(32, 32), (4, 54), (44, 58), (16, 38)]
after pos [(30, 32), (4, 52), (42, 64), (14, 50)]
current pos [(30, 32), (4, 52), (42, 64), (14, 50)]
after pos [(28, 34), (4, 50), (40, 64), (16, 50)]
current pos [(28, 34), (4, 50), (40, 64), (16, 50)]
after pos [(26, 34), (4, 48), (26, 66), (20, 38)]
current pos [(26, 34), (4, 48), (26, 66), (20, 38)]
after pos [(22, 36), (4, 46), (24, 66), (20, 36)]
current pos [(22, 36), (4, 46), (24, 66), (20, 36)]
after pos [(18, 36), (4, 44), (22, 66), (16, 36)]
current pos [(18, 36), (4, 44), (22, 66), (16, 36)]
after pos [(14, 36), (6, 44), (20, 66), (10, 38)]
current pos [(14, 36), (6, 44), (20, 66), (10, 38)]
after pos [(12, 36), (6, 52), (20, 68), (10, 32)]
current pos [(12, 36), (6, 52), (20, 68), (10, 32)]
after pos [(12, 32), (6, 64), (20, 70), (10, 28)]
current pos [(12, 32), (6, 64), (20, 70), (10, 28)]
after pos [(18, 34), (6, 70), (18, 74), (12, 28)]
current pos [(18, 34), (6, 70), (18, 74), (12, 28)]
after pos [(16, 30), (10, 74), (16, 76), (14, 28)]
current pos [(16, 30), (10, 74), (16, 76), (14, 28)]
after pos [(18, 26), (10, 76), (14, 76), (18, 28)]
current pos [(18, 26), (10, 76), (14, 76), (18, 28)]
after pos [(20, 34), (10, 78), (12, 76), (18, 30)]
current pos [(20, 34), (10, 78), (12, 76), (18, 30)]
after pos [(18, 38), (10, 80), (12, 60), (24, 28)]
current pos [(18, 38), (10, 80), (12, 60), (24, 28)]
after pos [(16, 60), (10, 82), (16, 72), (26, 28)]
current pos [(16, 60), (10, 82), (16, 72), (26, 28)]
after pos [(18, 60), (8, 82), (18, 66), (26, 20)]
current pos [(18, 60), (8, 82), (18, 66), (26, 20)]
after pos [(20, 60), (8, 90), (22, 68), (26, 18)]
current pos [(20, 60), (8, 90), (22, 68), (26, 18)]
after pos [(24, 62), (10, 90), (26, 70), (26, 16)]
current pos [(24, 62), (10, 90), (26, 70), (26, 16)]
after pos [(26, 68), (12, 90), (30, 70), (26, 14)]
current pos [(26, 68), (12, 90), (30, 70), (26, 14)]
after pos [(30, 72), (14, 88), (32, 70), (28, 12)]
current pos [(30, 72), (14, 88), (32, 70), (28, 12)]
after pos [(32, 72), (20, 80), (34, 70), (32, 10)]
current pos [(32, 72), (20, 80), (34, 70), (32, 10)]
after pos [(34, 72), (24, 78), (36, 72), (34, 10)]
current pos [(34, 72), (24, 78), (36, 72), (34, 10)]
after pos [(36, 70), (28, 76), (42, 74), (36, 10)]
current pos [(36, 70), (28, 76), (42, 74), (36, 10)]
after pos [(38, 70), (32, 76), (42, 66), (50, 10)]
current pos [(38, 70), (32, 76), (42, 66), (50, 10)]
after pos [(40, 70), (34, 76), (40, 66), (50, 12)]
current pos [(40, 70), (34, 76), (40, 66), (50, 12)]
after pos [(40, 68), (40, 78), (46, 66), (50, 14)]
current pos [(40, 68), (40, 78), (46, 66), (50, 14)]
after pos [(46, 68), (42, 78), (46, 62), (50, 16)]
│  map 9  steps=59  dist=[261.17924565296676, 301.23445248948127, 301.88273299493096, 270.10487167005226]  rmse=0.114624
68156229547  cov=9.799999743700027%  iou=0.8100172711571675  [80/200]
└─ done

┌─ model=myopic  policy=myopic_greedy
current pos [[50, 50], [60, 50], [50, 60], [60, 60]]
after pos [(20, 50), (30, 50), (20, 60), (30, 60)]
current pos [(20, 50), (30, 50), (20, 60), (30, 60)]
after pos [(32, 23), (32, 21), (20, 90), (52, 80)]
current pos [(32, 23), (32, 21), (20, 90), (52, 80)]
after pos [(5, 10), (8, 3), (4, 65), (82, 80)]
current pos [(5, 10), (8, 3), (4, 65), (82, 80)]
after pos [(2, 33), (5, 32), (1, 36), (92, 52)]
current pos [(2, 33), (5, 32), (1, 36), (92, 52)]
after pos [(16, 24), (15, 22), (17, 26), (75, 28)]
current pos [(16, 24), (15, 22), (17, 26), (75, 28)]
after pos [(29, 1), (33, 1), (27, 1), (55, 6)]
current pos [(29, 1), (33, 1), (27, 1), (55, 6)]
after pos [(19, 6), (12, 18), (18, 2), (30, 12)]
current pos [(19, 6), (12, 18), (18, 2), (30, 12)]
after pos [(14, 11), (16, 12), (12, 10), (11, 16)]
current pos [(14, 11), (16, 12), (12, 10), (11, 16)]
after pos [(15, 18), (23, 25), (20, 9), (11, 20)]
current pos [(15, 18), (23, 25), (20, 9), (11, 20)]
after pos [(10, 10), (14, 20), (19, 32), (17, 34)]
current pos [(10, 10), (14, 20), (19, 32), (17, 34)]
after pos [(11, 8), (9, 18), (48, 26), (9, 14)]
current pos [(11, 8), (9, 18), (48, 26), (9, 14)]
after pos [(9, 20), (10, 23), (29, 15), (35, 16)]
current pos [(9, 20), (10, 23), (29, 15), (35, 16)]
after pos [(22, 7), (23, 21), (28, 10), (25, 23)]
│  map 0  steps=13  dist=[223.31388113899015, 242.95161086038758, 271.4372653898172, 302.78927360373916]  rmse=0.0173477
54294625824  cov=7.930000126361847%  iou=0.8605830164765526  [81/200]
current pos [(22, 7), (23, 21), (28, 10), (25, 23)]
after pos [(1, 1), (1, 3), (1, 5), (1, 7)]
current pos [(1, 1), (1, 3), (1, 5), (1, 7)]
after pos [(11, 29), (11, 31), (14, 32), (12, 34)]
current pos [(11, 29), (11, 31), (14, 32), (12, 34)]
after pos [(33, 49), (33, 51), (36, 52), (34, 54)]
current pos [(33, 49), (33, 51), (36, 52), (34, 54)]
after pos [(60, 62), (23, 79), (60, 70), (34, 84)]
current pos [(60, 62), (23, 79), (60, 70), (34, 84)]
after pos [(60, 32), (2, 61), (60, 40), (12, 64)]
current pos [(60, 32), (2, 61), (60, 40), (12, 64)]
after pos [(48, 45), (1, 83), (47, 43), (1, 85)]
current pos [(48, 45), (1, 83), (47, 43), (1, 85)]
after pos [(45, 72), (14, 56), (44, 70), (15, 59)]
current pos [(45, 72), (14, 56), (44, 70), (15, 59)]
after pos [(50, 82), (39, 63), (52, 85), (39, 65)]
current pos [(50, 82), (39, 63), (52, 85), (39, 65)]
after pos [(79, 85), (50, 70), (82, 85), (40, 69)]
current pos [(79, 85), (50, 70), (82, 85), (40, 69)]
after pos [(79, 65), (53, 52), (77, 66), (40, 74)]
current pos [(79, 65), (53, 52), (77, 66), (40, 74)]
after pos [(53, 74), (39, 59), (51, 74), (18, 94)]
current pos [(53, 74), (39, 59), (51, 74), (18, 94)]
after pos [(41, 61), (11, 49), (37, 68), (11, 74)]
current pos [(41, 61), (11, 49), (37, 68), (11, 74)]
after pos [(22, 66), (8, 57), (20, 65), (7, 55)]
│  map 1  steps=13  dist=[311.31663527548864, 308.4465697912295, 314.0097119714303, 304.8996147832639]  rmse=0.055153348
464130544  cov=9.57999974489212%  iou=0.7874812593703149  [82/200]
current pos [(22, 66), (8, 57), (20, 65), (7, 55)]
after pos [(1, 45), (1, 28), (1, 42), (1, 26)]
current pos [(1, 45), (1, 28), (1, 42), (1, 26)]
after pos [(30, 39), (28, 40), (30, 41), (26, 41)]
current pos [(30, 39), (28, 40), (30, 41), (26, 41)]
after pos [(47, 63), (44, 65), (49, 64), (42, 66)]
current pos [(47, 63), (44, 65), (49, 64), (42, 66)]
after pos [(32, 88), (32, 92), (56, 93), (32, 94)]
current pos [(32, 88), (32, 92), (56, 93), (32, 94)]
after pos [(3, 82), (3, 87), (75, 70), (5, 86)]
current pos [(3, 82), (3, 87), (75, 70), (5, 86)]
after pos [(13, 73), (14, 75), (91, 95), (11, 72)]
current pos [(13, 73), (14, 75), (91, 95), (11, 72)]
after pos [(1, 67), (1, 69), (98, 66), (3, 67)]
current pos [(1, 67), (1, 69), (98, 66), (3, 67)]
after pos [(13, 67), (28, 74), (76, 46), (28, 76)]
current pos [(13, 67), (28, 74), (76, 46), (28, 76)]
after pos [(7, 96), (45, 83), (61, 70), (46, 80)]
current pos [(7, 96), (45, 83), (61, 70), (46, 80)]
after pos [(6, 75), (57, 63), (57, 60), (59, 61)]
current pos [(6, 75), (57, 63), (57, 60), (59, 61)]
after pos [(10, 62), (59, 76), (67, 70), (66, 72)]
current pos [(10, 62), (59, 76), (67, 70), (66, 72)]
after pos [(33, 68), (56, 48), (56, 50), (56, 45)]
│  map 2  steps=12  dist=[274.371711103978, 289.9636325441091, 313.63518986800193, 280.8707531429213]  rmse=0.0411056994
0640237  cov=8.540000021457672%  iou=0.7979731938542007  [83/200]
current pos [(33, 68), (56, 48), (56, 50), (56, 45)]
after pos [(3, 68), (26, 48), (26, 50), (26, 45)]
current pos [(3, 68), (26, 48), (26, 50), (26, 45)]
after pos [(13, 96), (1, 46), (3, 47), (1, 48)]
current pos [(13, 96), (1, 46), (3, 47), (1, 48)]
after pos [(21, 82), (12, 59), (10, 58), (10, 60)]
current pos [(21, 82), (12, 59), (10, 58), (10, 60)]
after pos [(1, 90), (1, 86), (3, 87), (1, 88)]
current pos [(1, 90), (1, 86), (3, 87), (1, 88)]
after pos [(12, 81), (13, 78), (32, 92), (30, 94)]
current pos [(12, 81), (13, 78), (32, 92), (30, 94)]
after pos [(6, 95), (3, 62), (30, 80), (18, 76)]
current pos [(6, 95), (3, 62), (30, 80), (18, 76)]
after pos [(13, 72), (15, 73), (60, 80), (47, 80)]
current pos [(13, 72), (15, 73), (60, 80), (47, 80)]
after pos [(42, 70), (44, 68), (90, 80), (71, 98)]
current pos [(42, 70), (44, 68), (90, 80), (71, 98)]
after pos [(47, 98), (46, 96), (90, 50), (98, 98)]
current pos [(47, 98), (46, 96), (90, 50), (98, 98)]
after pos [(57, 70), (59, 69), (71, 62), (84, 88)]
current pos [(57, 70), (59, 69), (71, 62), (84, 88)]
after pos [(79, 70), (80, 72), (77, 71), (82, 73)]
current pos [(79, 70), (80, 72), (77, 71), (82, 73)]
after pos [(77, 89), (78, 87), (79, 89), (80, 87)]
current pos [(77, 89), (78, 87), (79, 89), (80, 87)]
after pos [(71, 88), (72, 86), (88, 85), (73, 90)]
current pos [(71, 88), (72, 86), (88, 85), (73, 90)]
after pos [(95, 85), (98, 84), (77, 93), (82, 92)]
│  map 3  steps=14  dist=[309.5016148539212, 306.8043915092216, 302.5094600674076, 300.427144414443]  rmse=0.03494909468
183563  cov=9.82000008225441%  iou=0.8082875686470294  [84/200]
current pos [(95, 85), (98, 84), (77, 93), (82, 92)]
after pos [(65, 85), (68, 84), (47, 93), (52, 92)]
current pos [(65, 85), (68, 84), (47, 93), (52, 92)]
after pos [(52, 58), (55, 57), (52, 64), (52, 62)]
current pos [(52, 58), (55, 57), (52, 64), (52, 62)]
after pos [(23, 65), (26, 64), (23, 63), (23, 67)]
current pos [(23, 65), (26, 64), (23, 63), (23, 67)]
after pos [(30, 36), (32, 35), (30, 34), (30, 38)]
current pos [(30, 36), (32, 35), (30, 34), (30, 38)]
after pos [(43, 48), (41, 50), (59, 33), (6, 56)]
current pos [(43, 48), (41, 50), (59, 33), (6, 56)]
after pos [(36, 77), (34, 79), (83, 50), (4, 85)]
current pos [(36, 77), (34, 79), (83, 50), (4, 85)]
after pos [(20, 78), (20, 80), (55, 48), (19, 76)]
current pos [(20, 78), (20, 80), (55, 48), (19, 76)]
after pos [(44, 70), (15, 67), (34, 57), (15, 59)]
current pos [(44, 70), (15, 67), (34, 57), (15, 59)]
after pos [(48, 44), (2, 40), (7, 44), (1, 35)]
current pos [(48, 44), (2, 40), (7, 44), (1, 35)]
after pos [(50, 54), (15, 35), (14, 37), (15, 39)]
current pos [(50, 54), (15, 35), (14, 37), (15, 39)]
after pos [(43, 76), (31, 60), (34, 52), (20, 58)]
current pos [(43, 76), (31, 60), (34, 52), (20, 58)]
after pos [(23, 98), (41, 68), (28, 70), (24, 71)]
│  map 4  steps=12  dist=[297.80936046376854, 281.0864113264134, 311.4645666113636, 288.8801952786676]  rmse=0.061195502
41956846  cov=9.880000352859497%  iou=0.7947955390334572  [85/200]
current pos [(23, 98), (41, 68), (28, 70), (24, 71)]
after pos [(1, 78), (11, 68), (1, 57), (1, 52)]
current pos [(1, 78), (11, 68), (1, 57), (1, 52)]
after pos [(21, 56), (27, 46), (26, 41), (28, 39)]
current pos [(21, 56), (27, 46), (26, 41), (28, 39)]
after pos [(48, 45), (56, 39), (13, 14), (11, 15)]
current pos [(48, 45), (56, 39), (13, 14), (11, 15)]
after pos [(42, 16), (43, 12), (40, 1), (36, 1)]
current pos [(42, 16), (43, 12), (40, 1), (36, 1)]
after pos [(15, 3), (14, 5), (10, 1), (6, 1)]
current pos [(15, 3), (14, 5), (10, 1), (6, 1)]
after pos [(1, 21), (1, 27), (1, 23), (1, 25)]
current pos [(1, 21), (1, 27), (1, 23), (1, 25)]
after pos [(24, 17), (22, 17), (20, 16), (24, 15)]
current pos [(24, 17), (22, 17), (20, 16), (24, 15)]
after pos [(29, 22), (27, 22), (29, 20), (31, 23)]
current pos [(29, 22), (27, 22), (29, 20), (31, 23)]
after pos [(13, 11), (15, 10), (18, 14), (13, 27)]
current pos [(13, 11), (15, 10), (18, 14), (13, 27)]
after pos [(17, 9), (21, 13), (24, 12), (20, 21)]
current pos [(17, 9), (21, 13), (24, 12), (20, 21)]
after pos [(10, 35), (15, 8), (12, 34), (27, 13)]
current pos [(10, 35), (15, 8), (12, 34), (27, 13)]
after pos [(10, 17), (19, 8), (30, 15), (26, 11)]
current pos [(10, 17), (19, 8), (30, 15), (26, 11)]
after pos [(34, 29), (33, 18), (32, 29), (35, 19)]
current pos [(34, 29), (33, 18), (32, 29), (35, 19)]
after pos [(6, 31), (10, 6), (4, 38), (31, 13)]
│  map 5  steps=14  dist=[325.138281009525, 281.35557432828637, 317.088601921867, 267.8663596681898]  rmse=0.01615422998
921141  cov=8.709999918937683%  iou=0.8619756427604871  [86/200]
current pos [(6, 31), (10, 6), (4, 38), (31, 13)]
after pos [(1, 2), (1, 4), (1, 9), (1, 13)]
current pos [(1, 2), (1, 4), (1, 9), (1, 13)]
after pos [(19, 25), (21, 26), (22, 28), (25, 31)]
current pos [(19, 25), (21, 26), (22, 28), (25, 31)]
after pos [(22, 1), (49, 17), (51, 23), (51, 17)]
current pos [(22, 1), (49, 17), (51, 23), (51, 17)]
after pos [(38, 4), (39, 2), (25, 18), (36, 6)]
current pos [(38, 4), (39, 2), (25, 18), (36, 6)]
after pos [(15, 8), (17, 9), (21, 47), (17, 16)]
current pos [(15, 8), (17, 9), (21, 47), (17, 16)]
after pos [(13, 29), (14, 31), (11, 25), (23, 16)]
current pos [(13, 29), (14, 31), (11, 25), (23, 16)]
after pos [(12, 10), (15, 3), (18, 18), (38, 41)]
current pos [(12, 10), (15, 3), (18, 18), (38, 41)]
after pos [(19, 11), (22, 18), (23, 10), (22, 20)]
current pos [(19, 11), (22, 18), (23, 10), (22, 20)]
after pos [(10, 10), (25, 15), (13, 8), (9, 22)]
current pos [(10, 10), (25, 15), (13, 8), (9, 22)]
after pos [(11, 8), (27, 15), (29, 16), (21, 23)]
current pos [(11, 8), (27, 15), (29, 16), (21, 23)]
after pos [(35, 14), (9, 24), (25, 9), (32, 16)]
current pos [(35, 14), (9, 24), (25, 9), (32, 16)]
after pos [(18, 30), (9, 26), (17, 28), (31, 11)]
current pos [(18, 30), (9, 26), (17, 28), (31, 11)]
after pos [(34, 11), (12, 6), (7, 21), (10, 32)]
current pos [(34, 11), (12, 6), (7, 21), (10, 32)]
after pos [(10, 28), (38, 14), (27, 8), (7, 24)]
current pos [(10, 28), (38, 14), (27, 8), (7, 24)]
after pos [(36, 17), (20, 32), (16, 30), (10, 35)]
│  map 6  steps=15  dist=[311.49413647767335, 277.5012995918116, 303.5741698481324, 284.1333570978038]  rmse=0.018030998
61271419  cov=7.400000095367432%  iou=0.8773388773388774  [87/200]
current pos [(36, 17), (20, 32), (16, 30), (10, 35)]
after pos [(6, 17), (1, 9), (1, 5), (1, 7)]
current pos [(6, 17), (1, 9), (1, 5), (1, 7)]
after pos [(18, 2), (20, 1), (17, 5), (16, 7)]
current pos [(18, 2), (20, 1), (17, 5), (16, 7)]
after pos [(14, 13), (16, 12), (12, 14), (18, 12)]
current pos [(14, 13), (16, 12), (12, 14), (18, 12)]
after pos [(22, 11), (24, 9), (24, 11), (22, 9)]
current pos [(22, 11), (24, 9), (24, 11), (22, 9)]
after pos [(33, 3), (35, 1), (31, 5), (33, 1)]
current pos [(33, 3), (35, 1), (31, 5), (33, 1)]
after pos [(9, 10), (20, 22), (18, 21), (22, 23)]
current pos [(9, 10), (20, 22), (18, 21), (22, 23)]
after pos [(10, 15), (37, 44), (16, 15), (38, 47)]
current pos [(10, 15), (37, 44), (16, 15), (38, 47)]
after pos [(7, 11), (56, 21), (14, 20), (54, 22)]
current pos [(7, 11), (56, 21), (14, 20), (54, 22)]
after pos [(19, 14), (32, 12), (12, 19), (29, 22)]
current pos [(19, 14), (32, 12), (12, 19), (29, 22)]
after pos [(21, 14), (16, 21), (7, 9), (16, 23)]
current pos [(21, 14), (16, 21), (7, 9), (16, 23)]
after pos [(9, 22), (15, 49), (10, 24), (6, 51)]
current pos [(9, 22), (15, 49), (10, 24), (6, 51)]
after pos [(11, 26), (19, 26), (26, 19), (11, 28)]
current pos [(11, 26), (19, 26), (26, 19), (11, 28)]
after pos [(31, 10), (31, 15), (1, 33), (28, 19)]
current pos [(31, 10), (31, 15), (1, 33), (28, 19)]
after pos [(34, 9), (36, 8), (21, 27), (49, 1)]
current pos [(34, 9), (36, 8), (21, 27), (49, 1)]
after pos [(36, 29), (33, 28), (31, 27), (79, 1)]
│  map 7  steps=15  dist=[199.99895768243178, 308.1988429816484, 214.37473080654615, 319.7220841015686]  rmse=0.01285923
924115892  cov=7.460000365972519%  iou=0.9151785714285714  [88/200]
current pos [(36, 29), (33, 28), (31, 27), (79, 1)]
after pos [(6, 29), (3, 28), (1, 27), (49, 1)]
current pos [(6, 29), (3, 28), (1, 27), (49, 1)]
after pos [(22, 4), (22, 6), (17, 2), (22, 1)]
current pos [(22, 4), (22, 6), (17, 2), (22, 1)]
after pos [(30, 15), (28, 16), (30, 13), (33, 13)]
current pos [(30, 15), (28, 16), (30, 13), (33, 13)]
after pos [(24, 44), (21, 45), (50, 18), (48, 17)]
current pos [(24, 44), (21, 45), (50, 18), (48, 17)]
after pos [(17, 73), (3, 69), (69, 25), (71, 28)]
current pos [(17, 73), (3, 69), (69, 25), (71, 28)]
after pos [(35, 97), (21, 93), (54, 50), (54, 48)]
current pos [(35, 97), (21, 93), (54, 50), (54, 48)]
after pos [(42, 70), (1, 87), (43, 72), (45, 73)]
current pos [(42, 70), (1, 87), (43, 72), (45, 73)]
after pos [(63, 91), (3, 80), (66, 91), (69, 91)]
current pos [(63, 91), (3, 80), (66, 91), (69, 91)]
after pos [(77, 65), (6, 98), (75, 65), (73, 66)]
current pos [(77, 65), (6, 98), (75, 65), (73, 66)]
after pos [(97, 84), (13, 75), (95, 83), (92, 83)]
current pos [(97, 84), (13, 75), (95, 83), (92, 83)]
after pos [(77, 79), (29, 72), (67, 73), (64, 73)]
current pos [(77, 79), (29, 72), (67, 73), (64, 73)]
after pos [(62, 63), (49, 92), (51, 98), (50, 95)]
│  map 8  steps=12  dist=[319.98441930640297, 275.57738817944096, 314.994053124211, 303.7395853540657]  rmse=0.054631257
5129205  cov=9.790000319480896%  iou=0.5953383880932323  [89/200]
current pos [(62, 63), (49, 92), (51, 98), (50, 95)]
after pos [(32, 63), (19, 92), (21, 98), (20, 95)]
current pos [(32, 63), (19, 92), (21, 98), (20, 95)]
after pos [(5, 50), (9, 64), (15, 69), (14, 66)]
current pos [(5, 50), (9, 64), (15, 69), (14, 66)]
after pos [(25, 28), (21, 37), (34, 46), (34, 44)]
current pos [(25, 28), (21, 37), (34, 46), (34, 44)]
after pos [(54, 32), (50, 34), (58, 29), (56, 32)]
current pos [(54, 32), (50, 34), (58, 29), (56, 32)]
after pos [(42, 52), (34, 56), (40, 53), (37, 55)]
current pos [(42, 52), (34, 56), (40, 53), (37, 55)]
after pos [(32, 76), (35, 77), (37, 77), (30, 74)]
current pos [(32, 76), (35, 77), (37, 77), (30, 74)]
after pos [(24, 48), (23, 50), (30, 57), (1, 67)]
current pos [(24, 48), (23, 50), (30, 57), (1, 67)]
after pos [(1, 30), (1, 32), (4, 58), (1, 37)]
current pos [(1, 30), (1, 32), (4, 58), (1, 37)]
after pos [(15, 6), (27, 43), (29, 43), (14, 10)]
current pos [(15, 6), (27, 43), (29, 43), (14, 10)]
after pos [(13, 30), (31, 54), (24, 66), (15, 29)]
current pos [(13, 30), (31, 54), (24, 66), (15, 29)]
after pos [(29, 55), (34, 51), (32, 56), (32, 41)]
│  map 9  steps=11  dist=[308.1734801241089, 268.81065067066856, 285.75176545877974, 294.12204151353245]  rmse=0.0315985
79616073305  cov=9.08999964594841%  iou=0.83399209486166  [90/200]
└─ done

┌─ model=myopic  policy=uncertainty_greedy
current pos [(29, 55), (34, 51), (32, 56), (32, 41)]
after pos [(1, 45), (4, 51), (5, 44), (5, 46)]
current pos [(1, 45), (4, 51), (5, 44), (5, 46)]
after pos [(1, 15), (1, 75), (4, 21), (5, 74)]
current pos [(1, 15), (1, 75), (4, 21), (5, 74)]
after pos [(28, 2), (0, 0), (0, 0), (0, 0)]
current pos [(28, 2), (0, 0), (0, 0), (0, 0)]
after pos [(58, 2), (19, 23), (21, 21), (17, 22)]
current pos [(58, 2), (19, 23), (21, 21), (17, 22)]
after pos [(76, 26), (48, 25), (46, 24), (43, 23)]
current pos [(76, 26), (48, 25), (46, 24), (43, 23)]
after pos [(76, 56), (62, 51), (61, 49), (61, 47)]
current pos [(76, 56), (62, 51), (61, 49), (61, 47)]
after pos [(76, 86), (58, 80), (56, 78), (54, 76)]
current pos [(76, 86), (58, 80), (56, 78), (54, 76)]
after pos [(98, 98), (49, 98), (51, 98), (48, 96)]
current pos [(98, 98), (49, 98), (51, 98), (48, 96)]
after pos [(98, 68), (68, 98), (70, 98), (72, 98)]
current pos [(98, 68), (68, 98), (70, 98), (72, 98)]
after pos [(98, 38), (87, 75), (87, 77), (87, 79)]
│  map 0  steps=10  dist=[294.75871379446374, 315.8568791380686, 254.04037974577798, 312.4539950396563]  rmse=0.06221226
306395531  cov=9.679999947547913%  iou=0.6425992779783394  [91/200]
current pos [(98, 38), (87, 75), (87, 77), (87, 79)]
after pos [(68, 38), (71, 50), (72, 52), (73, 54)]
current pos [(68, 38), (71, 50), (72, 52), (73, 54)]
after pos [(38, 38), (41, 50), (42, 52), (43, 54)]
current pos [(38, 38), (41, 50), (42, 52), (43, 54)]
after pos [(8, 38), (11, 50), (12, 52), (13, 54)]
current pos [(8, 38), (11, 50), (12, 52), (13, 54)]
after pos [(8, 8), (11, 20), (1, 67), (3, 67)]
current pos [(8, 8), (11, 20), (1, 67), (3, 67)]
after pos [(37, 1), (38, 8), (1, 37), (0, 0)]
current pos [(37, 1), (38, 8), (1, 37), (0, 0)]
after pos [(67, 1), (66, 3), (28, 26), (18, 24)]
current pos [(67, 1), (66, 3), (28, 26), (18, 24)]
after pos [(97, 1), (96, 3), (52, 22), (47, 22)]
current pos [(97, 1), (96, 3), (52, 22), (47, 22)]
after pos [(98, 20), (74, 20), (76, 20), (76, 22)]
current pos [(98, 20), (74, 20), (76, 20), (76, 22)]
after pos [(98, 50), (87, 26), (89, 27), (87, 24)]
current pos [(98, 50), (87, 26), (89, 27), (87, 24)]
after pos [(98, 65), (86, 51), (87, 53), (84, 49)]
current pos [(98, 65), (86, 51), (87, 53), (84, 49)]
after pos [(98, 95), (70, 75), (69, 72), (72, 76)]
│  map 1  steps=11  dist=[303.859165370793, 303.65624369365327, 282.33897080261755, 326.0966012034873]  rmse=0.086761418
2543496  cov=10.970000177621841%  iou=0.7103911497431845  [92/200]
current pos [(98, 95), (70, 75), (69, 72), (72, 76)]
after pos [(68, 95), (69, 88), (69, 90), (69, 92)]
current pos [(68, 95), (69, 88), (69, 90), (69, 92)]
after pos [(38, 95), (39, 88), (40, 85), (40, 90)]
current pos [(38, 95), (39, 88), (40, 85), (40, 90)]
after pos [(8, 95), (9, 88), (10, 85), (11, 83)]
current pos [(8, 95), (9, 88), (10, 85), (11, 83)]
after pos [(1, 66), (3, 66), (8, 65), (1, 68)]
current pos [(1, 66), (3, 66), (8, 65), (1, 68)]
after pos [(1, 36), (3, 37), (5, 37), (1, 38)]
current pos [(1, 36), (3, 37), (5, 37), (1, 38)]
after pos [(1, 6), (10, 8), (13, 9), (1, 8)]
current pos [(1, 6), (10, 8), (13, 9), (1, 8)]
after pos [(30, 1), (31, 6), (30, 3), (30, 13)]
current pos [(30, 1), (31, 6), (30, 3), (30, 13)]
after pos [(60, 1), (59, 3), (59, 8), (59, 6)]
current pos [(60, 1), (59, 3), (59, 8), (59, 6)]
after pos [(90, 1), (88, 10), (88, 8), (87, 13)]
current pos [(90, 1), (88, 10), (88, 8), (87, 13)]
after pos [(97, 30), (95, 30), (98, 28), (90, 31)]
current pos [(97, 30), (95, 30), (98, 28), (90, 31)]
after pos [(97, 60), (95, 59), (98, 58), (96, 57)]
│  map 2  steps=11  dist=[329.0936134998296, 283.9525477638968, 283.62463851058783, 286.2624292792174]  rmse=0.125922479
77503832  cov=10.459999740123749%  iou=0.7352491592785081  [93/200]
current pos [(97, 60), (95, 59), (98, 58), (96, 57)]
after pos [(67, 60), (68, 53), (68, 58), (69, 51)]
current pos [(67, 60), (68, 53), (68, 58), (69, 51)]
after pos [(37, 60), (38, 53), (39, 51), (40, 48)]
current pos [(37, 60), (38, 53), (39, 51), (40, 48)]
after pos [(7, 60), (8, 53), (9, 51), (10, 48)]
current pos [(7, 60), (8, 53), (9, 51), (10, 48)]
after pos [(7, 90), (8, 83), (9, 81), (1, 31)]
current pos [(7, 90), (8, 83), (9, 81), (1, 31)]
after pos [(36, 97), (37, 90), (36, 93), (1, 61)]
current pos [(36, 97), (37, 90), (36, 93), (1, 61)]
after pos [(66, 97), (65, 95), (65, 93), (28, 74)]
current pos [(66, 97), (65, 95), (65, 93), (28, 74)]
after pos [(96, 97), (95, 95), (94, 89), (51, 76)]
current pos [(96, 97), (95, 95), (94, 89), (51, 76)]
after pos [(75, 76), (77, 75), (79, 75), (81, 76)]
current pos [(75, 76), (77, 75), (79, 75), (81, 76)]
after pos [(98, 74), (96, 73), (98, 72), (98, 76)]
current pos [(98, 74), (96, 73), (98, 72), (98, 76)]
after pos [(98, 44), (96, 45), (98, 46), (96, 47)]
current pos [(98, 44), (96, 45), (98, 46), (96, 47)]
after pos [(98, 14), (80, 20), (85, 19), (80, 22)]
│  map 3  steps=11  dist=[322.618145351418, 309.6282918868889, 303.3743202402477, 294.8527456633592]  rmse=0.06541177874
626193  cov=10.899999737739563%  iou=0.5652936021034181  [94/200]
current pos [(98, 14), (80, 20), (85, 19), (80, 22)]
after pos [(68, 14), (69, 7), (69, 9), (69, 11)]
current pos [(68, 14), (69, 7), (69, 9), (69, 11)]
after pos [(38, 14), (39, 7), (40, 4), (41, 1)]
current pos [(38, 14), (39, 7), (40, 4), (41, 1)]
after pos [(8, 14), (9, 7), (10, 4), (11, 1)]
current pos [(8, 14), (9, 7), (10, 4), (11, 1)]
after pos [(8, 44), (9, 37), (10, 34), (11, 31)]
current pos [(8, 44), (9, 37), (10, 34), (11, 31)]
after pos [(8, 74), (38, 44), (37, 47), (36, 45)]
current pos [(8, 74), (38, 44), (37, 47), (36, 45)]
after pos [(26, 98), (38, 74), (35, 73), (33, 72)]
current pos [(26, 98), (38, 74), (35, 73), (33, 72)]
after pos [(56, 98), (54, 97), (55, 95), (52, 95)]
current pos [(56, 98), (54, 97), (55, 95), (52, 95)]
after pos [(86, 98), (81, 84), (82, 87), (76, 77)]
current pos [(86, 98), (81, 84), (82, 87), (76, 77)]
after pos [(98, 71), (96, 70), (98, 73), (98, 75)]
current pos [(98, 71), (96, 70), (98, 73), (98, 75)]
after pos [(78, 49), (98, 43), (80, 49), (98, 45)]
current pos [(78, 49), (98, 43), (80, 49), (98, 45)]
after pos [(59, 37), (70, 35), (72, 35), (70, 37)]
│  map 4  steps=11  dist=[321.75091595426954, 301.55945055323326, 289.6164982489524, 302.1517690307913]  rmse=0.14450169
59620479  cov=10.639999806880951%  iou=0.6681564245810055  [95/200]
current pos [(59, 37), (70, 35), (72, 35), (70, 37)]
after pos [(29, 37), (40, 35), (42, 35), (43, 28)]
current pos [(29, 37), (40, 35), (42, 35), (43, 28)]
after pos [(5, 19), (33, 64), (35, 64), (23, 12)]
current pos [(5, 19), (33, 64), (35, 64), (23, 12)]
after pos [(1, 48), (8, 48), (10, 48), (16, 41)]
current pos [(1, 48), (8, 48), (10, 48), (16, 41)]
after pos [(1, 78), (1, 76), (3, 77), (3, 68)]
current pos [(1, 78), (1, 76), (3, 77), (3, 68)]
after pos [(25, 96), (25, 94), (21, 98), (25, 88)]
current pos [(25, 96), (25, 94), (21, 98), (25, 88)]
after pos [(55, 96), (54, 91), (51, 98), (50, 91)]
current pos [(55, 96), (54, 91), (51, 98), (50, 91)]
after pos [(85, 96), (83, 86), (81, 98), (80, 91)]
current pos [(85, 96), (83, 86), (81, 98), (80, 91)]
after pos [(98, 69), (95, 68), (98, 74), (94, 71)]
current pos [(98, 69), (95, 68), (98, 74), (94, 71)]
after pos [(98, 41), (98, 39), (98, 44), (71, 61)]
current pos [(98, 41), (98, 39), (98, 44), (71, 61)]
after pos [(98, 11), (91, 12), (91, 15), (81, 48)]
current pos [(98, 11), (91, 12), (91, 15), (81, 48)]
after pos [(70, 1), (69, 4), (68, 11), (74, 19)]
│  map 5  steps=11  dist=[326.9733479587893, 309.0490070427511, 319.5949982718111, 294.5110768044538]  rmse=0.0891429792
6566307  cov=10.589999705553055%  iou=0.5411968777103209  [96/200]
current pos [(70, 1), (69, 4), (68, 11), (74, 19)]
after pos [(40, 1), (41, 3), (41, 5), (45, 12)]
current pos [(40, 1), (41, 3), (41, 5), (45, 12)]
after pos [(10, 1), (12, 10), (13, 13), (16, 19)]
current pos [(10, 1), (12, 10), (13, 13), (16, 19)]
after pos [(1, 29), (3, 30), (1, 27), (1, 25)]
current pos [(1, 29), (3, 30), (1, 27), (1, 25)]
after pos [(1, 59), (8, 58), (1, 57), (24, 44)]
current pos [(1, 59), (8, 58), (1, 57), (24, 44)]
after pos [(1, 89), (8, 88), (1, 87), (26, 73)]
current pos [(1, 89), (8, 88), (1, 87), (26, 73)]
after pos [(30, 96), (29, 98), (28, 96), (27, 98)]
current pos [(30, 96), (29, 98), (28, 96), (27, 98)]
after pos [(60, 96), (59, 98), (58, 96), (57, 98)]
current pos [(60, 96), (59, 98), (58, 96), (57, 98)]
after pos [(60, 66), (89, 98), (83, 80), (64, 69)]
current pos [(60, 66), (89, 98), (83, 80), (64, 69)]
after pos [(83, 47), (89, 68), (87, 69), (89, 70)]
current pos [(83, 47), (89, 68), (87, 69), (89, 70)]
after pos [(98, 26), (98, 40), (98, 54), (98, 42)]
current pos [(98, 26), (98, 40), (98, 54), (98, 42)]
after pos [(96, 1), (89, 12), (74, 36), (73, 38)]
│  map 6  steps=11  dist=[319.9634661095074, 310.30652811735047, 283.66608009287154, 299.3246934051482]  rmse=0.06604845
060414394  cov=9.82000008225441%  iou=0.743879472693032  [97/200]
current pos [(96, 1), (89, 12), (74, 36), (73, 38)]
after pos [(66, 1), (67, 3), (67, 7), (68, 9)]
current pos [(66, 1), (67, 3), (67, 7), (68, 9)]
after pos [(36, 1), (37, 3), (38, 10), (39, 13)]
current pos [(36, 1), (37, 3), (38, 10), (39, 13)]
after pos [(6, 1), (8, 10), (9, 13), (10, 15)]
current pos [(6, 1), (8, 10), (9, 13), (10, 15)]
after pos [(1, 30), (3, 30), (6, 31), (1, 28)]
current pos [(1, 30), (3, 30), (6, 31), (1, 28)]
after pos [(1, 60), (3, 59), (8, 59), (1, 58)]
current pos [(1, 60), (3, 59), (8, 59), (1, 58)]
after pos [(1, 90), (3, 89), (10, 88), (1, 88)]
current pos [(1, 90), (3, 89), (10, 88), (1, 88)]
after pos [(30, 97), (30, 95), (31, 90), (30, 93)]
current pos [(30, 97), (30, 95), (31, 90), (30, 93)]
after pos [(60, 97), (59, 95), (59, 93), (58, 98)]
current pos [(60, 97), (59, 95), (59, 93), (58, 98)]
after pos [(90, 97), (88, 88), (87, 85), (88, 98)]
current pos [(90, 97), (88, 88), (87, 85), (88, 98)]
after pos [(97, 68), (95, 68), (98, 70), (96, 70)]
current pos [(97, 68), (95, 68), (98, 70), (96, 70)]
after pos [(68, 63), (70, 63), (98, 43), (98, 41)]
│  map 7  steps=11  dist=[328.52149143895383, 296.39434337706257, 287.5076893076807, 309.64283879447186]  rmse=0.0457702
55634507075  cov=10.750000178813934%  iou=0.5684830633284241  [98/200]
current pos [(68, 63), (70, 63), (98, 43), (98, 41)]
after pos [(38, 63), (40, 63), (68, 43), (69, 36)]
current pos [(38, 63), (40, 63), (68, 43), (69, 36)]
after pos [(8, 63), (33, 34), (40, 34), (42, 34)]
current pos [(8, 63), (33, 34), (40, 34), (42, 34)]
after pos [(8, 93), (3, 34), (10, 34), (12, 34)]
current pos [(8, 93), (3, 34), (10, 34), (12, 34)]
after pos [(38, 93), (3, 64), (0, 0), (0, 0)]
current pos [(38, 93), (3, 64), (0, 0), (0, 0)]
after pos [(68, 93), (23, 78), (0, 0), (0, 0)]
current pos [(68, 93), (23, 78), (0, 0), (0, 0)]
after pos [(98, 93), (43, 78), (0, 0), (0, 0)]
current pos [(98, 93), (43, 78), (0, 0), (0, 0)]
after pos [(95, 68), (73, 78), (0, 0), (0, 0)]
current pos [(95, 68), (73, 78), (0, 0), (0, 0)]
after pos [(84, 58), (86, 57), (0, 0), (0, 0)]
current pos [(84, 58), (86, 57), (0, 0), (0, 0)]
after pos [(55, 51), (98, 55), (0, 0), (0, 0)]
current pos [(55, 51), (98, 55), (0, 0), (0, 0)]
after pos [(55, 21), (81, 50), (0, 0), (0, 0)]
current pos [(55, 21), (81, 50), (0, 0), (0, 0)]
after pos [(79, 3), (81, 20), (0, 0), (0, 0)]
│  map 8  steps=11  dist=[309.87829315169944, 278.82972728954275, 124.85097263304418, 122.55736343512598]  rmse=0.123601
33030886909  cov=7.150000333786011%  iou=0.573655494933749  [99/200]
current pos [(79, 3), (81, 20), (0, 0), (0, 0)]
after pos [(49, 3), (52, 13), (0, 0), (0, 0)]
current pos [(49, 3), (52, 13), (0, 0), (0, 0)]
after pos [(24, 19), (23, 17), (24, 15), (24, 13)]
current pos [(24, 19), (23, 17), (24, 15), (24, 13)]
after pos [(6, 43), (1, 37), (1, 34), (1, 32)]
current pos [(6, 43), (1, 37), (1, 34), (1, 32)]
after pos [(6, 73), (1, 67), (1, 64), (1, 62)]
current pos [(6, 73), (1, 67), (1, 64), (1, 62)]
after pos [(24, 97), (31, 67), (30, 60), (30, 62)]
current pos [(24, 97), (31, 67), (30, 60), (30, 62)]
after pos [(54, 97), (52, 88), (49, 83), (46, 85)]
current pos [(54, 97), (52, 88), (49, 83), (46, 85)]
after pos [(84, 97), (82, 88), (78, 79), (74, 75)]
current pos [(84, 97), (82, 88), (78, 79), (74, 75)]
after pos [(98, 71), (98, 73), (98, 75), (96, 70)]
current pos [(98, 71), (98, 73), (98, 75), (96, 70)]
after pos [(98, 42), (92, 44), (98, 45), (91, 46)]
current pos [(98, 42), (92, 44), (98, 45), (91, 46)]
after pos [(68, 42), (69, 44), (69, 49), (69, 46)]
current pos [(68, 42), (69, 44), (69, 49), (69, 46)]
after pos [(44, 39), (42, 39), (44, 41), (45, 43)]
│  map 9  steps=11  dist=[322.39806352467406, 310.5430108463085, 282.4362535178862, 267.1406477896609]  rmse=0.081992020
7635748  cov=9.690000116825104%  iou=0.7260397830018083  [100/200]
└─ done

┌─ model=myopic  policy=epsilon_greedy
current pos [(44, 39), (42, 39), (44, 41), (45, 43)]
after pos [(64, 48), (27, 28), (64, 28), (35, 27)]
current pos [(64, 48), (27, 28), (64, 28), (35, 27)]
after pos [(90, 49), (27, 9), (50, 18), (26, 28)]
current pos [(90, 49), (27, 9), (50, 18), (26, 28)]
after pos [(74, 24), (28, 37), (51, 41), (8, 26)]
current pos [(74, 24), (28, 37), (51, 41), (8, 26)]
after pos [(75, 51), (23, 25), (31, 37), (9, 33)]
current pos [(75, 51), (23, 25), (31, 37), (9, 33)]
after pos [(80, 59), (29, 11), (46, 14), (12, 51)]
current pos [(80, 59), (29, 11), (46, 14), (12, 51)]
after pos [(52, 52), (49, 12), (30, 29), (1, 33)]
current pos [(52, 52), (49, 12), (30, 29), (1, 33)]
after pos [(53, 57), (64, 36), (9, 36), (8, 4)]
current pos [(53, 57), (64, 36), (9, 36), (8, 4)]
after pos [(29, 74), (60, 32), (22, 49), (21, 10)]
current pos [(29, 74), (60, 32), (22, 49), (21, 10)]
after pos [(50, 53), (58, 57), (17, 26), (21, 28)]
current pos [(50, 53), (58, 57), (17, 26), (21, 28)]
after pos [(63, 40), (55, 40), (0, 44), (47, 21)]
current pos [(63, 40), (55, 40), (0, 44), (47, 21)]
after pos [(72, 22), (31, 22), (13, 53), (65, 0)]
current pos [(72, 22), (31, 22), (13, 53), (65, 0)]
after pos [(87, 35), (60, 18), (14, 74), (35, 0)]
current pos [(87, 35), (60, 18), (14, 74), (35, 0)]
after pos [(60, 24), (58, 13), (27, 57), (30, 2)]
current pos [(60, 24), (58, 13), (27, 57), (30, 2)]
after pos [(37, 14), (35, 6), (17, 58), (29, 8)]
│  map 0  steps=14  dist=[319.74865259983744, 278.87816155555987, 290.969706826418, 250.65156977962747]  rmse=0.08236089
672212742  cov=9.390000253915787%  iou=0.7417783191230207  [101/200]
current pos [(37, 14), (35, 6), (17, 58), (29, 8)]
after pos [(39, 14), (60, 18), (18, 80), (31, 6)]
current pos [(39, 14), (60, 18), (18, 80), (31, 6)]
after pos [(34, 9), (35, 23), (33, 58), (38, 18)]
current pos [(34, 9), (35, 23), (33, 58), (38, 18)]
after pos [(24, 9), (7, 21), (21, 67), (30, 13)]
current pos [(24, 9), (7, 21), (21, 67), (30, 13)]
after pos [(8, 20), (17, 27), (3, 61), (3, 14)]
current pos [(8, 20), (17, 27), (3, 61), (3, 14)]
after pos [(33, 18), (30, 30), (27, 65), (3, 44)]
current pos [(33, 18), (30, 30), (27, 65), (3, 44)]
after pos [(10, 34), (34, 15), (37, 60), (9, 64)]
current pos [(10, 34), (34, 15), (37, 60), (9, 64)]
after pos [(14, 26), (46, 35), (21, 68), (9, 56)]
current pos [(14, 26), (46, 35), (21, 68), (9, 56)]
after pos [(12, 55), (62, 45), (13, 55), (27, 49)]
current pos [(12, 55), (62, 45), (13, 55), (27, 49)]
after pos [(11, 31), (50, 27), (26, 44), (27, 66)]
current pos [(11, 31), (50, 27), (26, 44), (27, 66)]
after pos [(6, 21), (55, 44), (49, 58), (10, 60)]
current pos [(6, 21), (55, 44), (49, 58), (10, 60)]
after pos [(3, 11), (69, 43), (33, 70), (0, 61)]
current pos [(3, 11), (69, 43), (33, 70), (0, 61)]
after pos [(10, 12), (79, 46), (32, 43), (1, 68)]
current pos [(10, 12), (79, 46), (32, 43), (1, 68)]
after pos [(37, 10), (54, 59), (6, 56), (2, 57)]
current pos [(37, 10), (54, 59), (6, 56), (2, 57)]
after pos [(28, 3), (61, 87), (19, 54), (16, 32)]
current pos [(28, 3), (61, 87), (19, 54), (16, 32)]
after pos [(36, 29), (40, 71), (15, 80), (36, 30)]
│  map 1  steps=15  dist=[247.98964164554985, 311.28662761190037, 310.7891523643146, 243.31409498563843]  rmse=0.0628447
375613561  cov=9.25000011920929%  iou=0.6629281600484995  [102/200]
current pos [(36, 29), (40, 71), (15, 80), (36, 30)]
after pos [(24, 50), (10, 71), (14, 79), (38, 38)]
current pos [(24, 50), (10, 71), (14, 79), (38, 38)]
after pos [(25, 30), (33, 75), (9, 71), (37, 65)]
current pos [(25, 30), (33, 75), (9, 71), (37, 65)]
after pos [(38, 26), (56, 72), (22, 47), (31, 87)]
current pos [(38, 26), (56, 72), (22, 47), (31, 87)]
after pos [(28, 16), (48, 49), (31, 46), (5, 74)]
current pos [(28, 16), (48, 49), (31, 46), (5, 74)]
after pos [(13, 4), (63, 45), (49, 35), (22, 77)]
current pos [(13, 4), (63, 45), (49, 35), (22, 77)]
after pos [(14, 28), (39, 58), (53, 39), (20, 62)]
current pos [(14, 28), (39, 58), (53, 39), (20, 62)]
after pos [(13, 3), (10, 63), (61, 40), (29, 58)]
current pos [(13, 3), (10, 63), (61, 40), (29, 58)]
after pos [(28, 1), (12, 60), (42, 42), (3, 66)]
current pos [(28, 1), (12, 60), (42, 42), (3, 66)]
after pos [(34, 10), (9, 77), (24, 24), (18, 53)]
current pos [(34, 10), (9, 77), (24, 24), (18, 53)]
after pos [(39, 7), (7, 82), (11, 38), (3, 43)]
current pos [(39, 7), (7, 82), (11, 38), (3, 43)]
after pos [(44, 21), (21, 75), (32, 34), (0, 14)]
current pos [(44, 21), (21, 75), (32, 34), (0, 14)]
after pos [(49, 9), (8, 95), (16, 10), (3, 26)]
current pos [(49, 9), (8, 95), (16, 10), (3, 26)]
after pos [(47, 31), (26, 82), (1, 12), (28, 36)]
current pos [(47, 31), (26, 82), (1, 12), (28, 36)]
after pos [(50, 37), (8, 77), (28, 8), (40, 54)]
current pos [(50, 37), (8, 77), (28, 8), (40, 54)]
after pos [(45, 66), (15, 98), (7, 6), (50, 66)]
│  map 2  steps=15  dist=[258.07877711445917, 301.91907209151725, 259.4226192580075, 300.1652339141969]  rmse=0.16206817
79288292  cov=9.019999951124191%  iou=0.6168457885528618  [103/200]
current pos [(45, 66), (15, 98), (7, 6), (50, 66)]
after pos [(60, 90), (13, 71), (25, 11), (20, 66)]
current pos [(60, 90), (13, 71), (25, 11), (20, 66)]
after pos [(37, 88), (8, 93), (31, 26), (36, 84)]
current pos [(37, 88), (8, 93), (31, 26), (36, 84)]
after pos [(34, 88), (33, 91), (19, 20), (18, 74)]
current pos [(34, 88), (33, 91), (19, 20), (18, 74)]
after pos [(52, 74), (16, 73), (6, 4), (4, 84)]
current pos [(52, 74), (16, 73), (6, 4), (4, 84)]
after pos [(46, 96), (21, 74), (3, 25), (25, 99)]
current pos [(46, 96), (21, 74), (3, 25), (25, 99)]
after pos [(42, 68), (41, 85), (17, 14), (7, 75)]
current pos [(42, 68), (41, 85), (17, 14), (7, 75)]
after pos [(32, 75), (31, 85), (20, 21), (23, 81)]
current pos [(32, 75), (31, 85), (20, 21), (23, 81)]
after pos [(49, 80), (8, 80), (48, 24), (11, 59)]
current pos [(49, 80), (8, 80), (48, 24), (11, 59)]
after pos [(59, 96), (5, 71), (32, 47), (33, 61)]
current pos [(59, 96), (5, 71), (32, 47), (33, 61)]
after pos [(48, 98), (12, 55), (12, 56), (14, 70)]
current pos [(48, 98), (12, 55), (12, 56), (14, 70)]
after pos [(66, 77), (31, 32), (24, 36), (33, 76)]
current pos [(66, 77), (31, 32), (24, 36), (33, 76)]
after pos [(51, 84), (28, 57), (49, 24), (40, 94)]
current pos [(51, 84), (28, 57), (49, 24), (40, 94)]
after pos [(22, 90), (38, 42), (56, 34), (11, 87)]
│  map 3  steps=13  dist=[262.08069184189003, 260.92642178624556, 256.8734742381867, 302.0194640550451]  rmse=0.06168798
1731554216  cov=8.860000222921371%  iou=0.4947916666666667  [104/200]
current pos [(22, 90), (38, 42), (56, 34), (11, 87)]
after pos [(0, 70), (57, 32), (79, 40), (2, 76)]
current pos [(0, 70), (57, 32), (79, 40), (2, 76)]
after pos [(6, 60), (45, 9), (77, 36), (31, 80)]
current pos [(6, 60), (45, 9), (77, 36), (31, 80)]
after pos [(24, 68), (69, 19), (97, 57), (6, 74)]
current pos [(24, 68), (69, 19), (97, 57), (6, 74)]
after pos [(10, 61), (63, 14), (99, 86), (16, 59)]
current pos [(10, 61), (63, 14), (99, 86), (16, 59)]
after pos [(21, 84), (86, 33), (80, 77), (4, 37)]
current pos [(21, 84), (86, 33), (80, 77), (4, 37)]
after pos [(8, 65), (84, 27), (59, 88), (11, 53)]
current pos [(8, 65), (84, 27), (59, 88), (11, 53)]
after pos [(28, 71), (99, 4), (34, 89), (5, 72)]
current pos [(28, 71), (99, 4), (34, 89), (5, 72)]
after pos [(29, 85), (75, 22), (57, 71), (21, 61)]
current pos [(29, 85), (75, 22), (57, 71), (21, 61)]
after pos [(47, 94), (53, 14), (77, 60), (7, 36)]
current pos [(47, 94), (53, 14), (77, 60), (7, 36)]
after pos [(47, 89), (24, 14), (67, 86), (7, 24)]
current pos [(47, 89), (24, 14), (67, 86), (7, 24)]
after pos [(26, 68), (8, 15), (93, 73), (20, 4)]
current pos [(26, 68), (8, 15), (93, 73), (20, 4)]
after pos [(35, 83), (21, 38), (70, 74), (29, 0)]
current pos [(35, 83), (21, 38), (70, 74), (29, 0)]
after pos [(44, 70), (27, 39), (77, 97), (31, 19)]
│  map 4  steps=13  dist=[248.30468162297515, 275.78295882868224, 312.0816833834859, 262.55108285870165]  rmse=0.0745216
481753511  cov=9.179999679327011%  iou=0.7324645458029897  [105/200]
current pos [(44, 70), (27, 39), (77, 97), (31, 19)]
after pos [(53, 43), (27, 25), (52, 85), (6, 14)]
current pos [(53, 43), (27, 25), (52, 85), (6, 14)]
after pos [(57, 18), (16, 34), (38, 71), (20, 33)]
current pos [(57, 18), (16, 34), (38, 71), (20, 33)]
after pos [(53, 33), (28, 58), (20, 51), (17, 27)]
current pos [(53, 33), (28, 58), (20, 51), (17, 27)]
after pos [(61, 58), (35, 69), (2, 66), (41, 31)]
current pos [(61, 58), (35, 69), (2, 66), (41, 31)]
after pos [(55, 64), (48, 82), (4, 45), (39, 15)]
current pos [(55, 64), (48, 82), (4, 45), (39, 15)]
after pos [(53, 56), (52, 72), (14, 17), (66, 8)]
current pos [(53, 56), (52, 72), (14, 17), (66, 8)]
after pos [(59, 31), (61, 80), (32, 3), (42, 8)]
current pos [(59, 31), (61, 80), (32, 3), (42, 8)]
after pos [(58, 45), (85, 82), (31, 31), (32, 34)]
current pos [(58, 45), (85, 82), (31, 31), (32, 34)]
after pos [(46, 36), (76, 86), (28, 10), (30, 48)]
current pos [(46, 36), (76, 86), (28, 10), (30, 48)]
after pos [(62, 36), (88, 95), (6, 16), (16, 62)]
current pos [(62, 36), (88, 95), (6, 16), (16, 62)]
after pos [(36, 26), (80, 74), (21, 39), (15, 86)]
current pos [(36, 26), (80, 74), (21, 39), (15, 86)]
after pos [(11, 40), (79, 89), (38, 53), (31, 75)]
current pos [(11, 40), (79, 89), (38, 53), (31, 75)]
after pos [(1, 48), (94, 69), (60, 65), (11, 89)]
│  map 5  steps=13  dist=[252.34466526741286, 220.71813983986402, 318.074772892307, 277.800691343294]  rmse=0.0837505795
730991  cov=8.799999952316284%  iou=0.5906103286384976  [106/200]
current pos [(1, 48), (94, 69), (60, 65), (11, 89)]
after pos [(13, 49), (64, 69), (78, 77), (31, 95)]
current pos [(13, 49), (64, 69), (78, 77), (31, 95)]
after pos [(8, 64), (80, 48), (61, 67), (55, 84)]
current pos [(8, 64), (80, 48), (61, 67), (55, 84)]
after pos [(30, 81), (60, 55), (53, 62), (30, 93)]
current pos [(30, 81), (60, 55), (53, 62), (30, 93)]
after pos [(8, 65), (54, 78), (38, 64), (17, 92)]
current pos [(8, 65), (54, 78), (38, 64), (17, 92)]
after pos [(16, 37), (66, 85), (55, 52), (10, 80)]
current pos [(16, 37), (66, 85), (55, 52), (10, 80)]
after pos [(24, 29), (61, 68), (61, 65), (24, 87)]
current pos [(24, 29), (61, 68), (61, 65), (24, 87)]
after pos [(24, 28), (64, 81), (44, 87), (31, 72)]
current pos [(24, 28), (64, 81), (44, 87), (31, 72)]
after pos [(5, 11), (67, 64), (43, 64), (23, 82)]
current pos [(5, 11), (67, 64), (43, 64), (23, 82)]
after pos [(4, 0), (55, 68), (25, 52), (13, 71)]
current pos [(4, 0), (55, 68), (25, 52), (13, 71)]
after pos [(0, 21), (62, 56), (30, 63), (40, 81)]
current pos [(0, 21), (62, 56), (30, 63), (40, 81)]
after pos [(11, 31), (81, 65), (37, 34), (66, 78)]
current pos [(11, 31), (81, 65), (37, 34), (66, 78)]
after pos [(35, 49), (87, 75), (39, 30), (47, 89)]
current pos [(35, 49), (87, 75), (39, 30), (47, 89)]
after pos [(50, 47), (64, 63), (59, 24), (56, 98)]
current pos [(50, 47), (64, 63), (59, 24), (56, 98)]
after pos [(35, 39), (79, 51), (64, 30), (42, 74)]
current pos [(35, 39), (79, 51), (64, 30), (42, 74)]
after pos [(51, 35), (90, 63), (39, 33), (50, 91)]
current pos [(51, 35), (90, 63), (39, 33), (50, 91)]
after pos [(63, 13), (77, 65), (47, 21), (32, 75)]
│  map 6  steps=16  dist=[300.7621317862047, 297.3875737651446, 288.1879789652404, 320.96427489604565]  rmse=0.081845772
04532177  cov=9.480000287294388%  iou=0.6  [107/200]
current pos [(63, 13), (77, 65), (47, 21), (32, 75)]
after pos [(77, 16), (63, 52), (48, 1), (14, 87)]
current pos [(77, 16), (63, 52), (48, 1), (14, 87)]
after pos [(56, 4), (39, 40), (24, 10), (33, 87)]
current pos [(56, 4), (39, 40), (24, 10), (33, 87)]
after pos [(58, 16), (23, 27), (23, 10), (18, 71)]
current pos [(58, 16), (23, 27), (23, 10), (18, 71)]
after pos [(55, 45), (22, 33), (22, 10), (3, 49)]
current pos [(55, 45), (22, 33), (22, 10), (3, 49)]
after pos [(78, 53), (51, 34), (28, 39), (21, 26)]
current pos [(78, 53), (51, 34), (28, 39), (21, 26)]
after pos [(66, 44), (42, 38), (19, 31), (40, 20)]
current pos [(66, 44), (42, 38), (19, 31), (40, 20)]
after pos [(60, 61), (29, 27), (21, 10), (58, 38)]
current pos [(60, 61), (29, 27), (21, 10), (58, 38)]
after pos [(55, 63), (39, 42), (18, 0), (80, 52)]
current pos [(55, 63), (39, 42), (18, 0), (80, 52)]
after pos [(75, 43), (19, 51), (4, 16), (95, 30)]
current pos [(75, 43), (19, 51), (4, 16), (95, 30)]
after pos [(48, 45), (17, 46), (13, 35), (95, 9)]
current pos [(48, 45), (17, 46), (13, 35), (95, 9)]
after pos [(63, 30), (22, 20), (28, 42), (97, 26)]
current pos [(63, 30), (22, 20), (28, 42), (97, 26)]
after pos [(77, 47), (1, 30), (8, 33), (94, 33)]
current pos [(77, 47), (1, 30), (8, 33), (94, 33)]
after pos [(83, 73), (26, 22), (17, 48), (96, 34)]
current pos [(83, 73), (26, 22), (17, 48), (96, 34)]
after pos [(82, 64), (14, 38), (23, 46), (68, 41)]
current pos [(82, 64), (14, 38), (23, 46), (68, 41)]
after pos [(97, 57), (37, 51), (34, 63), (57, 33)]
│  map 7  steps=15  dist=[293.4752129448235, 296.2805037846916, 245.68271857780226, 306.9150977367871]  rmse=0.058852548
07940175  cov=9.399999678134918%  iou=0.6312399355877617  [108/200]
current pos [(97, 57), (37, 51), (34, 63), (57, 33)]
after pos [(80, 35), (7, 51), (20, 59), (35, 38)]
current pos [(80, 35), (7, 51), (20, 59), (35, 38)]
after pos [(66, 30), (2, 69), (9, 50), (8, 31)]
current pos [(66, 30), (2, 69), (9, 50), (8, 31)]
after pos [(69, 32), (23, 52), (10, 48), (11, 42)]
current pos [(69, 32), (23, 52), (10, 48), (11, 42)]
after pos [(59, 32), (20, 52), (0, 49), (20, 28)]
current pos [(59, 32), (20, 52), (0, 49), (20, 28)]
after pos [(72, 55), (8, 67), (12, 36), (34, 46)]
current pos [(72, 55), (8, 67), (12, 36), (34, 46)]
after pos [(48, 56), (9, 67), (6, 33), (48, 22)]
current pos [(48, 56), (9, 67), (6, 33), (48, 22)]
after pos [(33, 70), (28, 87), (5, 53), (74, 36)]
current pos [(33, 70), (28, 87), (5, 53), (74, 36)]
after pos [(16, 63), (15, 92), (10, 67), (56, 12)]
current pos [(16, 63), (15, 92), (10, 67), (56, 12)]
after pos [(10, 86), (4, 85), (8, 45), (35, 26)]
current pos [(10, 86), (4, 85), (8, 45), (35, 26)]
after pos [(22, 83), (29, 97), (26, 56), (23, 49)]
current pos [(22, 83), (29, 97), (26, 56), (23, 49)]
after pos [(22, 98), (31, 92), (24, 56), (52, 47)]
current pos [(22, 98), (31, 92), (24, 56), (52, 47)]
after pos [(4, 95), (39, 85), (15, 53), (67, 34)]
current pos [(4, 95), (39, 85), (15, 53), (67, 34)]
after pos [(12, 74), (57, 88), (37, 45), (48, 50)]
│  map 8  steps=13  dist=[237.47761050740735, 215.4568955711253, 178.4318748140543, 313.555697652672]  rmse=0.0923222764
8618146  cov=7.829999923706055%  iou=0.6144244105409153  [109/200]
current pos [(12, 74), (57, 88), (37, 45), (48, 50)]
after pos [(20, 73), (54, 71), (48, 69), (69, 35)]
current pos [(20, 73), (54, 71), (48, 69), (69, 35)]
after pos [(22, 45), (35, 81), (37, 44), (41, 45)]
current pos [(22, 45), (35, 81), (37, 44), (41, 45)]
after pos [(49, 50), (45, 64), (12, 54), (49, 69)]
current pos [(49, 50), (45, 64), (12, 54), (49, 69)]
after pos [(63, 51), (53, 88), (27, 60), (22, 79)]
current pos [(63, 51), (53, 88), (27, 60), (22, 79)]
after pos [(70, 46), (35, 76), (17, 46), (16, 88)]
current pos [(70, 46), (35, 76), (17, 46), (16, 88)]
after pos [(56, 55), (29, 95), (15, 61), (8, 94)]
current pos [(56, 55), (29, 95), (15, 61), (8, 94)]
after pos [(28, 60), (23, 97), (20, 49), (18, 82)]
current pos [(28, 60), (23, 97), (20, 49), (18, 82)]
after pos [(8, 65), (28, 68), (29, 68), (10, 78)]
current pos [(8, 65), (28, 68), (29, 68), (10, 78)]
after pos [(16, 65), (45, 91), (24, 47), (10, 93)]
current pos [(16, 65), (45, 91), (24, 47), (10, 93)]
after pos [(34, 50), (69, 84), (31, 74), (12, 84)]
current pos [(34, 50), (69, 84), (31, 74), (12, 84)]
after pos [(5, 47), (74, 74), (45, 93), (17, 66)]
current pos [(5, 47), (74, 74), (45, 93), (17, 66)]
after pos [(1, 33), (47, 61), (40, 91), (5, 40)]
current pos [(1, 33), (47, 61), (40, 91), (5, 40)]
after pos [(4, 15), (68, 41), (44, 62), (29, 52)]
current pos [(4, 15), (68, 41), (44, 62), (29, 52)]
after pos [(27, 5), (59, 36), (56, 71), (14, 33)]
current pos [(27, 5), (59, 36), (56, 71), (14, 33)]
after pos [(49, 16), (51, 62), (31, 61), (8, 59)]
│  map 9  steps=15  dist=[295.00305643739375, 322.31174948294574, 312.82235224430843, 304.2714287712779]  rmse=0.0859859
0701258413  cov=9.830000251531601%  iou=0.7994858611825193  [110/200]
└─ done

┌─ model=myopic  policy=orienteering
current pos [(49, 16), (51, 62), (31, 61), (8, 59)]
after pos [(52, 16), (54, 62), (28, 62), (8, 62)]
current pos [(52, 16), (54, 62), (28, 62), (8, 62)]
after pos [(56, 14), (56, 62), (26, 62), (8, 64)]
current pos [(56, 14), (56, 62), (26, 62), (8, 64)]
after pos [(58, 14), (58, 62), (26, 64), (8, 66)]
current pos [(58, 14), (58, 62), (26, 64), (8, 66)]
after pos [(60, 14), (60, 62), (26, 66), (8, 68)]
current pos [(60, 14), (60, 62), (26, 66), (8, 68)]
after pos [(62, 14), (62, 62), (26, 68), (8, 70)]
current pos [(62, 14), (62, 62), (26, 68), (8, 70)]
after pos [(64, 14), (62, 64), (26, 70), (8, 72)]
current pos [(64, 14), (62, 64), (26, 70), (8, 72)]
after pos [(66, 14), (62, 66), (26, 72), (10, 80)]
current pos [(66, 14), (62, 66), (26, 72), (10, 80)]
after pos [(68, 14), (62, 68), (26, 74), (20, 88)]
current pos [(68, 14), (62, 68), (26, 74), (20, 88)]
after pos [(70, 14), (64, 68), (28, 76), (22, 88)]
current pos [(70, 14), (64, 68), (28, 76), (22, 88)]
after pos [(72, 14), (66, 68), (34, 80), (24, 88)]
current pos [(72, 14), (66, 68), (34, 80), (24, 88)]
after pos [(74, 14), (68, 68), (42, 82), (26, 88)]
current pos [(74, 14), (68, 68), (42, 82), (26, 88)]
after pos [(74, 16), (70, 68), (48, 84), (30, 90)]
current pos [(74, 16), (70, 68), (48, 84), (30, 90)]
after pos [(74, 18), (72, 68), (56, 86), (34, 92)]
current pos [(74, 18), (72, 68), (56, 86), (34, 92)]
after pos [(74, 20), (74, 68), (62, 88), (36, 94)]
current pos [(74, 20), (74, 68), (62, 88), (36, 94)]
after pos [(76, 26), (76, 64), (64, 88), (38, 94)]
current pos [(76, 26), (76, 64), (64, 88), (38, 94)]
after pos [(72, 28), (78, 60), (66, 88), (40, 94)]
current pos [(72, 28), (78, 60), (66, 88), (40, 94)]
after pos [(66, 30), (84, 52), (68, 88), (42, 96)]
current pos [(66, 30), (84, 52), (68, 88), (42, 96)]
after pos [(62, 32), (86, 48), (70, 88), (44, 98)]
current pos [(62, 32), (86, 48), (70, 88), (44, 98)]
after pos [(60, 32), (88, 44), (72, 88), (46, 98)]
current pos [(60, 32), (88, 44), (72, 88), (46, 98)]
after pos [(58, 32), (90, 40), (74, 88), (48, 98)]
current pos [(58, 32), (90, 40), (74, 88), (48, 98)]
after pos [(56, 32), (92, 36), (98, 98), (50, 98)]
current pos [(56, 32), (92, 36), (98, 98), (50, 98)]
after pos [(54, 32), (92, 34), (98, 96), (52, 98)]
current pos [(54, 32), (92, 34), (98, 96), (52, 98)]
after pos [(52, 32), (92, 32), (98, 94), (54, 98)]
current pos [(52, 32), (92, 32), (98, 94), (54, 98)]
after pos [(50, 32), (92, 30), (98, 92), (56, 98)]
current pos [(50, 32), (92, 30), (98, 92), (56, 98)]
after pos [(48, 32), (92, 28), (98, 90), (58, 98)]
current pos [(48, 32), (92, 28), (98, 90), (58, 98)]
after pos [(46, 32), (92, 26), (98, 88), (60, 98)]
current pos [(46, 32), (92, 26), (98, 88), (60, 98)]
after pos [(44, 32), (92, 24), (98, 86), (62, 98)]
current pos [(44, 32), (92, 24), (98, 86), (62, 98)]
after pos [(42, 32), (92, 22), (98, 84), (64, 98)]
current pos [(42, 32), (92, 22), (98, 84), (64, 98)]
after pos [(40, 32), (92, 20), (98, 82), (66, 98)]
current pos [(40, 32), (92, 20), (98, 82), (66, 98)]
after pos [(38, 32), (92, 18), (98, 80), (68, 98)]
current pos [(38, 32), (92, 18), (98, 80), (68, 98)]
after pos [(36, 32), (94, 14), (98, 78), (70, 98)]
current pos [(36, 32), (94, 14), (98, 78), (70, 98)]
after pos [(34, 32), (96, 10), (98, 76), (72, 98)]
current pos [(34, 32), (96, 10), (98, 76), (72, 98)]
after pos [(32, 32), (72, 0), (98, 74), (82, 98)]
current pos [(32, 32), (72, 0), (98, 74), (82, 98)]
after pos [(30, 32), (70, 0), (98, 72), (82, 96)]
current pos [(30, 32), (70, 0), (98, 72), (82, 96)]
after pos [(28, 32), (68, 0), (98, 70), (84, 90)]
current pos [(28, 32), (68, 0), (98, 70), (84, 90)]
after pos [(26, 32), (66, 0), (98, 68), (84, 88)]
current pos [(26, 32), (66, 0), (98, 68), (84, 88)]
after pos [(24, 32), (64, 0), (98, 66), (82, 84)]
current pos [(24, 32), (64, 0), (98, 66), (82, 84)]
after pos [(24, 30), (62, 0), (98, 64), (84, 78)]
current pos [(24, 30), (62, 0), (98, 64), (84, 78)]
after pos [(24, 28), (60, 0), (98, 62), (82, 78)]
current pos [(24, 28), (60, 0), (98, 62), (82, 78)]
after pos [(24, 26), (58, 0), (98, 60), (80, 78)]
current pos [(24, 26), (58, 0), (98, 60), (80, 78)]
after pos [(22, 24), (56, 0), (98, 58), (78, 78)]
current pos [(22, 24), (56, 0), (98, 58), (78, 78)]
after pos [(22, 22), (54, 0), (98, 56), (76, 78)]
current pos [(22, 22), (54, 0), (98, 56), (76, 78)]
after pos [(22, 20), (52, 0), (98, 54), (74, 78)]
current pos [(22, 20), (52, 0), (98, 54), (74, 78)]
after pos [(20, 18), (50, 0), (98, 52), (72, 78)]
current pos [(20, 18), (50, 0), (98, 52), (72, 78)]
after pos [(18, 18), (48, 0), (98, 50), (70, 78)]
current pos [(18, 18), (48, 0), (98, 50), (70, 78)]
after pos [(16, 18), (46, 0), (90, 48), (68, 78)]
current pos [(16, 18), (46, 0), (90, 48), (68, 78)]
after pos [(14, 24), (44, 0), (88, 48), (66, 76)]
current pos [(14, 24), (44, 0), (88, 48), (66, 76)]
after pos [(8, 32), (42, 0), (84, 48), (64, 76)]
current pos [(8, 32), (42, 0), (84, 48), (64, 76)]
after pos [(6, 28), (40, 0), (82, 48), (62, 76)]
current pos [(6, 28), (40, 0), (82, 48), (62, 76)]
after pos [(4, 24), (38, 0), (80, 48), (60, 76)]
current pos [(4, 24), (38, 0), (80, 48), (60, 76)]
after pos [(2, 22), (36, 0), (78, 48), (56, 74)]
current pos [(2, 22), (36, 0), (78, 48), (56, 74)]
after pos [(2, 20), (34, 0), (76, 48), (50, 70)]
current pos [(2, 20), (34, 0), (76, 48), (50, 70)]
after pos [(2, 18), (32, 0), (74, 48), (48, 68)]
current pos [(2, 18), (32, 0), (74, 48), (48, 68)]
after pos [(4, 16), (30, 0), (72, 48), (46, 66)]
current pos [(4, 16), (30, 0), (72, 48), (46, 66)]
after pos [(4, 14), (28, 0), (70, 48), (44, 62)]
current pos [(4, 14), (28, 0), (70, 48), (44, 62)]
after pos [(6, 12), (26, 0), (68, 48), (44, 60)]
current pos [(6, 12), (26, 0), (68, 48), (44, 60)]
after pos [(8, 12), (24, 0), (66, 48), (44, 58)]
current pos [(8, 12), (24, 0), (66, 48), (44, 58)]
after pos [(10, 12), (22, 0), (64, 48), (44, 56)]
current pos [(10, 12), (22, 0), (64, 48), (44, 56)]
after pos [(12, 12), (20, 0), (56, 46), (44, 54)]
current pos [(12, 12), (20, 0), (56, 46), (44, 54)]
after pos [(14, 12), (18, 0), (54, 46), (38, 50)]
current pos [(14, 12), (18, 0), (54, 46), (38, 50)]
after pos [(16, 12), (16, 0), (52, 46), (36, 50)]
current pos [(16, 12), (16, 0), (52, 46), (36, 50)]
after pos [(18, 12), (14, 0), (50, 46), (34, 50)]
current pos [(18, 12), (14, 0), (50, 46), (34, 50)]
after pos [(20, 12), (12, 0), (48, 46), (30, 52)]
current pos [(20, 12), (12, 0), (48, 46), (30, 52)]
after pos [(22, 12), (10, 0), (46, 46), (28, 50)]
current pos [(22, 12), (10, 0), (46, 46), (28, 50)]
after pos [(24, 12), (8, 0), (44, 44), (26, 50)]
current pos [(24, 12), (8, 0), (44, 44), (26, 50)]
after pos [(26, 12), (6, 0), (40, 42), (22, 48)]
current pos [(26, 12), (6, 0), (40, 42), (22, 48)]
after pos [(28, 12), (4, 2), (36, 40), (20, 48)]
current pos [(28, 12), (4, 2), (36, 40), (20, 48)]
after pos [(30, 12), (2, 8), (34, 40), (18, 48)]
current pos [(30, 12), (2, 8), (34, 40), (18, 48)]
after pos [(36, 14), (4, 8), (32, 40), (16, 48)]
current pos [(36, 14), (4, 8), (32, 40), (16, 48)]
after pos [(40, 12), (6, 8), (30, 40), (14, 46)]
current pos [(40, 12), (6, 8), (30, 40), (14, 46)]
after pos [(44, 10), (8, 8), (28, 40), (12, 46)]
current pos [(44, 10), (8, 8), (28, 40), (12, 46)]
after pos [(46, 10), (10, 8), (26, 40), (10, 46)]
current pos [(46, 10), (10, 8), (26, 40), (10, 46)]
after pos [(48, 8), (10, 6), (24, 40), (12, 48)]
current pos [(48, 8), (10, 6), (24, 40), (12, 48)]
after pos [(50, 8), (12, 6), (22, 40), (14, 52)]
current pos [(50, 8), (12, 6), (22, 40), (14, 52)]
after pos [(52, 10), (14, 6), (20, 40), (16, 54)]
current pos [(52, 10), (14, 6), (20, 40), (16, 54)]
after pos [(54, 10), (16, 6), (18, 40), (18, 58)]
current pos [(54, 10), (16, 6), (18, 40), (18, 58)]
after pos [(56, 10), (18, 6), (16, 40), (18, 60)]
current pos [(56, 10), (18, 6), (16, 40), (18, 60)]
after pos [(58, 8), (20, 6), (14, 40), (18, 62)]
current pos [(58, 8), (20, 6), (14, 40), (18, 62)]
after pos [(60, 8), (22, 6), (12, 40), (18, 64)]
current pos [(60, 8), (22, 6), (12, 40), (18, 64)]
after pos [(62, 8), (24, 6), (10, 40), (18, 66)]
current pos [(62, 8), (24, 6), (10, 40), (18, 66)]
after pos [(64, 8), (26, 6), (8, 40), (18, 68)]
current pos [(64, 8), (26, 6), (8, 40), (18, 68)]
after pos [(66, 8), (28, 6), (6, 40), (18, 70)]
current pos [(66, 8), (28, 6), (6, 40), (18, 70)]
after pos [(68, 8), (40, 6), (6, 42), (16, 74)]
current pos [(68, 8), (40, 6), (6, 42), (16, 74)]
after pos [(70, 8), (40, 8), (6, 44), (14, 78)]
current pos [(70, 8), (40, 8), (6, 44), (14, 78)]
after pos [(72, 8), (40, 10), (4, 46), (10, 86)]
current pos [(72, 8), (40, 10), (4, 46), (10, 86)]
after pos [(74, 8), (40, 14), (4, 48), (8, 90)]
current pos [(74, 8), (40, 14), (4, 48), (8, 90)]
after pos [(76, 10), (40, 16), (4, 50), (6, 94)]
current pos [(76, 10), (40, 16), (4, 50), (6, 94)]
after pos [(78, 12), (40, 18), (4, 52), (8, 96)]
current pos [(78, 12), (40, 18), (4, 52), (8, 96)]
after pos [(78, 14), (40, 20), (2, 54), (10, 96)]
current pos [(78, 14), (40, 20), (2, 54), (10, 96)]
after pos [(80, 18), (42, 20), (2, 56), (12, 98)]
current pos [(80, 18), (42, 20), (2, 56), (12, 98)]
after pos [(80, 20), (44, 20), (2, 58), (14, 98)]
current pos [(80, 20), (44, 20), (2, 58), (14, 98)]
after pos [(80, 22), (46, 22), (2, 60), (16, 98)]
current pos [(80, 22), (46, 22), (2, 60), (16, 98)]
after pos [(80, 24), (48, 22), (2, 62), (18, 98)]
current pos [(80, 24), (48, 22), (2, 62), (18, 98)]
after pos [(80, 26), (50, 22), (2, 64), (20, 98)]
current pos [(80, 26), (50, 22), (2, 64), (20, 98)]
after pos [(80, 28), (52, 22), (0, 70), (22, 98)]
current pos [(80, 28), (52, 22), (0, 70), (22, 98)]
after pos [(80, 30), (54, 22), (0, 72), (24, 98)]
current pos [(80, 30), (54, 22), (0, 72), (24, 98)]
after pos [(80, 32), (56, 22), (0, 74), (26, 98)]
current pos [(80, 32), (56, 22), (0, 74), (26, 98)]
after pos [(80, 34), (58, 22), (0, 76), (28, 98)]
current pos [(80, 34), (58, 22), (0, 76), (28, 98)]
after pos [(80, 36), (60, 22), (0, 78), (34, 98)]
current pos [(80, 36), (60, 22), (0, 78), (34, 98)]
after pos [(78, 36), (62, 22), (0, 80), (34, 96)]
current pos [(78, 36), (62, 22), (0, 80), (34, 96)]
after pos [(76, 36), (68, 22), (0, 82), (36, 90)]
│  map 0  steps=101  dist=[256.3595801688055, 276.7584972098258, 280.58987158603173, 304.47149561091527]  rmse=0.0363231
36325522434  cov=10.589999705553055%  iou=0.857335127860027  [111/200]
current pos [(76, 36), (68, 22), (0, 82), (36, 90)]
after pos [(76, 38), (68, 24), (2, 82), (36, 88)]
current pos [(76, 38), (68, 24), (2, 82), (36, 88)]
after pos [(76, 40), (68, 26), (4, 82), (36, 86)]
current pos [(76, 40), (68, 26), (4, 82), (36, 86)]
after pos [(76, 42), (68, 28), (6, 82), (36, 84)]
current pos [(76, 42), (68, 28), (6, 82), (36, 84)]
after pos [(76, 44), (66, 28), (6, 80), (38, 84)]
current pos [(76, 44), (66, 28), (6, 80), (38, 84)]
after pos [(76, 46), (64, 28), (6, 78), (40, 84)]
current pos [(76, 46), (64, 28), (6, 78), (40, 84)]
after pos [(76, 48), (62, 28), (6, 76), (42, 84)]
current pos [(76, 48), (62, 28), (6, 76), (42, 84)]
after pos [(76, 50), (60, 28), (6, 74), (44, 84)]
current pos [(76, 50), (60, 28), (6, 74), (44, 84)]
after pos [(76, 52), (58, 28), (6, 72), (46, 84)]
current pos [(76, 52), (58, 28), (6, 72), (46, 84)]
after pos [(76, 54), (56, 28), (6, 70), (48, 84)]
current pos [(76, 54), (56, 28), (6, 70), (48, 84)]
after pos [(76, 56), (54, 28), (6, 68), (50, 84)]
current pos [(76, 56), (54, 28), (6, 68), (50, 84)]
after pos [(76, 58), (52, 28), (6, 66), (52, 84)]
current pos [(76, 58), (52, 28), (6, 66), (52, 84)]
after pos [(76, 60), (50, 28), (6, 64), (54, 84)]
current pos [(76, 60), (50, 28), (6, 64), (54, 84)]
after pos [(74, 60), (48, 28), (6, 62), (56, 84)]
current pos [(74, 60), (48, 28), (6, 62), (56, 84)]
after pos [(72, 60), (46, 28), (6, 60), (58, 84)]
current pos [(72, 60), (46, 28), (6, 60), (58, 84)]
after pos [(70, 60), (44, 28), (6, 58), (60, 84)]
current pos [(70, 60), (44, 28), (6, 58), (60, 84)]
after pos [(68, 60), (42, 28), (6, 56), (62, 84)]
current pos [(68, 60), (42, 28), (6, 56), (62, 84)]
after pos [(66, 60), (40, 28), (6, 54), (64, 84)]
current pos [(66, 60), (40, 28), (6, 54), (64, 84)]
after pos [(64, 60), (38, 28), (6, 52), (66, 84)]
current pos [(64, 60), (38, 28), (6, 52), (66, 84)]
after pos [(62, 60), (38, 30), (6, 50), (68, 84)]
current pos [(62, 60), (38, 30), (6, 50), (68, 84)]
after pos [(60, 60), (38, 32), (6, 48), (70, 84)]
current pos [(60, 60), (38, 32), (6, 48), (70, 84)]
after pos [(58, 60), (38, 34), (6, 46), (72, 84)]
current pos [(58, 60), (38, 34), (6, 46), (72, 84)]
after pos [(56, 60), (36, 36), (6, 44), (80, 86)]
current pos [(56, 60), (36, 36), (6, 44), (80, 86)]
after pos [(54, 60), (36, 38), (6, 42), (86, 78)]
current pos [(54, 60), (36, 38), (6, 42), (86, 78)]
after pos [(52, 60), (36, 40), (6, 40), (88, 74)]
current pos [(52, 60), (36, 40), (6, 40), (88, 74)]
after pos [(50, 60), (36, 42), (6, 38), (90, 70)]
current pos [(50, 60), (36, 42), (6, 38), (90, 70)]
after pos [(48, 60), (34, 52), (6, 36), (90, 68)]
current pos [(48, 60), (34, 52), (6, 36), (90, 68)]
after pos [(46, 60), (32, 56), (6, 34), (90, 66)]
current pos [(46, 60), (32, 56), (6, 34), (90, 66)]
after pos [(40, 64), (30, 60), (6, 32), (90, 64)]
current pos [(40, 64), (30, 60), (6, 32), (90, 64)]
after pos [(38, 66), (20, 84), (6, 30), (92, 60)]
current pos [(38, 66), (20, 84), (6, 30), (92, 60)]
after pos [(36, 66), (18, 84), (6, 28), (94, 58)]
current pos [(36, 66), (18, 84), (6, 28), (94, 58)]
after pos [(34, 68), (16, 84), (8, 24), (92, 56)]
current pos [(34, 68), (16, 84), (8, 24), (92, 56)]
after pos [(42, 74), (14, 86), (8, 22), (94, 54)]
current pos [(42, 74), (14, 86), (8, 22), (94, 54)]
after pos [(44, 72), (14, 82), (14, 18), (96, 48)]
current pos [(44, 72), (14, 82), (14, 18), (96, 48)]
after pos [(46, 72), (14, 80), (16, 18), (96, 46)]
current pos [(46, 72), (14, 80), (16, 18), (96, 46)]
after pos [(48, 72), (16, 78), (20, 16), (96, 44)]
current pos [(48, 72), (16, 78), (20, 16), (96, 44)]
after pos [(50, 72), (16, 76), (24, 14), (96, 42)]
current pos [(50, 72), (16, 76), (24, 14), (96, 42)]
after pos [(52, 72), (16, 74), (30, 10), (96, 40)]
current pos [(52, 72), (16, 74), (30, 10), (96, 40)]
after pos [(54, 72), (16, 72), (34, 8), (96, 38)]
current pos [(54, 72), (16, 72), (34, 8), (96, 38)]
after pos [(56, 72), (16, 70), (36, 8), (96, 36)]
current pos [(56, 72), (16, 70), (36, 8), (96, 36)]
after pos [(58, 72), (16, 68), (38, 8), (96, 34)]
current pos [(58, 72), (16, 68), (38, 8), (96, 34)]
after pos [(60, 72), (18, 64), (40, 8), (96, 32)]
current pos [(60, 72), (18, 64), (40, 8), (96, 32)]
after pos [(62, 72), (18, 62), (42, 8), (96, 30)]
current pos [(62, 72), (18, 62), (42, 8), (96, 30)]
after pos [(64, 72), (16, 60), (46, 6), (96, 28)]
current pos [(64, 72), (16, 60), (46, 6), (96, 28)]
after pos [(66, 72), (16, 58), (48, 6), (96, 26)]
current pos [(66, 72), (16, 58), (48, 6), (96, 26)]
after pos [(70, 74), (18, 52), (56, 8), (96, 24)]
current pos [(70, 74), (18, 52), (56, 8), (96, 24)]
after pos [(72, 74), (18, 50), (60, 6), (94, 22)]
current pos [(72, 74), (18, 50), (60, 6), (94, 22)]
after pos [(70, 76), (18, 48), (66, 2), (92, 18)]
current pos [(70, 76), (18, 48), (66, 2), (92, 18)]
after pos [(68, 78), (18, 46), (68, 4), (92, 16)]
current pos [(68, 78), (18, 46), (68, 4), (92, 16)]
after pos [(68, 80), (18, 44), (70, 4), (92, 14)]
current pos [(68, 80), (18, 44), (70, 4), (92, 14)]
after pos [(68, 82), (18, 42), (72, 4), (92, 12)]
current pos [(68, 82), (18, 42), (72, 4), (92, 12)]
after pos [(68, 86), (18, 40), (76, 6), (88, 14)]
current pos [(68, 86), (18, 40), (76, 6), (88, 14)]
after pos [(70, 88), (20, 38), (80, 4), (86, 14)]
current pos [(70, 88), (20, 38), (80, 4), (86, 14)]
after pos [(72, 88), (22, 34), (82, 4), (86, 16)]
current pos [(72, 88), (22, 34), (82, 4), (86, 16)]
after pos [(74, 90), (28, 24), (84, 4), (86, 18)]
current pos [(74, 90), (28, 24), (84, 4), (86, 18)]
after pos [(80, 92), (30, 24), (86, 4), (86, 20)]
current pos [(80, 92), (30, 24), (86, 4), (86, 20)]
after pos [(82, 94), (32, 24), (88, 4), (86, 22)]
current pos [(82, 94), (32, 24), (88, 4), (86, 22)]
after pos [(86, 96), (36, 22), (90, 4), (86, 24)]
current pos [(86, 96), (36, 22), (90, 4), (86, 24)]
after pos [(80, 98), (44, 16), (92, 4), (86, 26)]
current pos [(80, 98), (44, 16), (92, 4), (86, 26)]
after pos [(78, 98), (46, 18), (92, 6), (86, 28)]
current pos [(78, 98), (46, 18), (92, 6), (86, 28)]
after pos [(76, 98), (48, 18), (86, 8), (86, 30)]
current pos [(76, 98), (48, 18), (86, 8), (86, 30)]
after pos [(74, 98), (50, 18), (84, 10), (86, 32)]
current pos [(74, 98), (50, 18), (84, 10), (86, 32)]
after pos [(72, 98), (50, 20), (82, 12), (86, 34)]
current pos [(72, 98), (50, 20), (82, 12), (86, 34)]
after pos [(70, 98), (50, 22), (76, 14), (86, 36)]
current pos [(70, 98), (50, 22), (76, 14), (86, 36)]
after pos [(68, 98), (50, 24), (74, 14), (86, 38)]
current pos [(68, 98), (50, 24), (74, 14), (86, 38)]
after pos [(66, 98), (50, 26), (72, 14), (84, 40)]
current pos [(66, 98), (50, 26), (72, 14), (84, 40)]
after pos [(64, 98), (54, 30), (70, 14), (86, 42)]
current pos [(64, 98), (54, 30), (70, 14), (86, 42)]
after pos [(62, 98), (54, 32), (68, 14), (82, 42)]
current pos [(62, 98), (54, 32), (68, 14), (82, 42)]
after pos [(60, 98), (54, 34), (66, 16), (80, 42)]
current pos [(60, 98), (54, 34), (66, 16), (80, 42)]
after pos [(58, 98), (54, 36), (64, 16), (74, 44)]
current pos [(58, 98), (54, 36), (64, 16), (74, 44)]
after pos [(56, 98), (54, 38), (64, 18), (70, 46)]
current pos [(56, 98), (54, 38), (64, 18), (70, 46)]
after pos [(54, 98), (54, 40), (64, 20), (66, 48)]
current pos [(54, 98), (54, 40), (64, 20), (66, 48)]
after pos [(52, 98), (54, 42), (64, 22), (64, 48)]
current pos [(52, 98), (54, 42), (64, 22), (64, 48)]
after pos [(50, 98), (56, 40), (62, 24), (62, 48)]
current pos [(50, 98), (56, 40), (62, 24), (62, 48)]
after pos [(48, 98), (58, 38), (62, 26), (60, 48)]
current pos [(48, 98), (58, 38), (62, 26), (60, 48)]
after pos [(46, 98), (60, 38), (64, 32), (58, 48)]
current pos [(46, 98), (60, 38), (64, 32), (58, 48)]
after pos [(44, 98), (62, 38), (68, 34), (56, 48)]
current pos [(44, 98), (62, 38), (68, 34), (56, 48)]
after pos [(42, 98), (64, 38), (72, 32), (54, 48)]
current pos [(42, 98), (64, 38), (72, 32), (54, 48)]
after pos [(40, 98), (58, 42), (72, 30), (52, 48)]
current pos [(40, 98), (58, 42), (72, 30), (52, 48)]
after pos [(38, 98), (52, 42), (74, 26), (50, 50)]
current pos [(38, 98), (52, 42), (74, 26), (50, 50)]
after pos [(36, 98), (50, 42), (74, 24), (48, 50)]
current pos [(36, 98), (50, 42), (74, 24), (48, 50)]
after pos [(34, 98), (48, 42), (74, 22), (46, 48)]
current pos [(34, 98), (48, 42), (74, 22), (46, 48)]
after pos [(32, 98), (46, 42), (74, 18), (44, 46)]
current pos [(32, 98), (46, 42), (74, 18), (44, 46)]
after pos [(30, 98), (46, 40), (76, 18), (42, 48)]
current pos [(30, 98), (46, 40), (76, 18), (42, 48)]
after pos [(28, 98), (46, 38), (78, 18), (40, 50)]
current pos [(28, 98), (46, 38), (78, 18), (40, 50)]
after pos [(26, 98), (46, 32), (80, 18), (38, 52)]
current pos [(26, 98), (46, 32), (80, 18), (38, 52)]
after pos [(24, 98), (40, 36), (80, 20), (40, 54)]
current pos [(24, 98), (40, 36), (80, 20), (40, 54)]
after pos [(22, 98), (32, 38), (80, 32), (42, 54)]
current pos [(22, 98), (32, 38), (80, 32), (42, 54)]
after pos [(20, 98), (30, 42), (80, 34), (44, 54)]
current pos [(20, 98), (30, 42), (80, 34), (44, 54)]
after pos [(18, 98), (28, 46), (80, 36), (46, 54)]
current pos [(18, 98), (28, 46), (80, 36), (46, 54)]
after pos [(16, 98), (26, 48), (80, 38), (48, 54)]
current pos [(16, 98), (26, 48), (80, 38), (48, 54)]
after pos [(14, 98), (26, 50), (82, 40), (50, 54)]
current pos [(14, 98), (26, 50), (82, 40), (50, 54)]
after pos [(12, 98), (26, 52), (84, 44), (52, 54)]
current pos [(12, 98), (26, 52), (84, 44), (52, 54)]
after pos [(10, 98), (24, 54), (84, 46), (54, 54)]
current pos [(10, 98), (24, 54), (84, 46), (54, 54)]
after pos [(8, 98), (22, 56), (86, 48), (56, 54)]
current pos [(8, 98), (22, 56), (86, 48), (56, 54)]
after pos [(6, 98), (22, 58), (86, 50), (70, 54)]
│  map 1  steps=95  dist=[225.43190209957015, 300.9274187970018, 272.31780619824787, 254.96982619860628]  rmse=0.0793225
4159771485  cov=9.82000008225441%  iou=0.809002944888515  [112/200]
current pos [(6, 98), (22, 58), (86, 50), (70, 54)]
after pos [(8, 98), (22, 56), (86, 48), (68, 54)]
current pos [(8, 98), (22, 56), (86, 48), (68, 54)]
after pos [(10, 98), (22, 54), (86, 46), (66, 54)]
current pos [(10, 98), (22, 54), (86, 46), (66, 54)]
after pos [(12, 98), (22, 52), (86, 44), (64, 54)]
current pos [(12, 98), (22, 52), (86, 44), (64, 54)]
after pos [(14, 98), (22, 50), (86, 42), (64, 56)]
current pos [(14, 98), (22, 50), (86, 42), (64, 56)]
after pos [(16, 98), (22, 48), (86, 40), (64, 58)]
current pos [(16, 98), (22, 48), (86, 40), (64, 58)]
after pos [(18, 98), (22, 46), (86, 38), (64, 60)]
current pos [(18, 98), (22, 46), (86, 38), (64, 60)]
after pos [(20, 98), (22, 44), (86, 36), (64, 62)]
current pos [(20, 98), (22, 44), (86, 36), (64, 62)]
after pos [(22, 98), (22, 42), (86, 34), (64, 64)]
current pos [(22, 98), (22, 42), (86, 34), (64, 64)]
after pos [(24, 98), (22, 40), (86, 32), (64, 66)]
current pos [(24, 98), (22, 40), (86, 32), (64, 66)]
after pos [(26, 98), (22, 38), (86, 30), (64, 68)]
current pos [(26, 98), (22, 38), (86, 30), (64, 68)]
after pos [(28, 98), (22, 36), (86, 28), (64, 70)]
current pos [(28, 98), (22, 36), (86, 28), (64, 70)]
after pos [(30, 98), (22, 34), (86, 26), (64, 72)]
current pos [(30, 98), (22, 34), (86, 26), (64, 72)]
after pos [(32, 98), (22, 32), (84, 26), (68, 74)]
current pos [(32, 98), (22, 32), (84, 26), (68, 74)]
after pos [(34, 98), (22, 30), (82, 26), (72, 76)]
current pos [(34, 98), (22, 30), (82, 26), (72, 76)]
after pos [(36, 98), (22, 28), (80, 26), (74, 78)]
current pos [(36, 98), (22, 28), (80, 26), (74, 78)]
after pos [(38, 98), (24, 28), (78, 26), (76, 80)]
current pos [(38, 98), (24, 28), (78, 26), (76, 80)]
after pos [(40, 98), (26, 28), (76, 26), (78, 80)]
current pos [(40, 98), (26, 28), (76, 26), (78, 80)]
after pos [(42, 98), (28, 28), (74, 26), (80, 80)]
current pos [(42, 98), (28, 28), (74, 26), (80, 80)]
after pos [(42, 96), (30, 24), (72, 26), (82, 82)]
current pos [(42, 96), (30, 24), (72, 26), (82, 82)]
after pos [(42, 94), (30, 22), (68, 24), (80, 84)]
current pos [(42, 94), (30, 22), (68, 24), (80, 84)]
after pos [(42, 92), (24, 20), (66, 20), (78, 86)]
current pos [(42, 92), (24, 20), (66, 20), (78, 86)]
after pos [(42, 90), (22, 16), (64, 18), (76, 86)]
current pos [(42, 90), (22, 16), (64, 18), (76, 86)]
after pos [(42, 88), (16, 14), (62, 16), (74, 86)]
current pos [(42, 88), (16, 14), (62, 16), (74, 86)]
after pos [(42, 86), (14, 16), (56, 14), (72, 86)]
current pos [(42, 86), (14, 16), (56, 14), (72, 86)]
after pos [(42, 84), (12, 20), (54, 18), (74, 88)]
current pos [(42, 84), (12, 20), (54, 18), (74, 88)]
after pos [(42, 82), (10, 24), (52, 22), (76, 90)]
current pos [(42, 82), (10, 24), (52, 22), (76, 90)]
after pos [(42, 80), (8, 30), (52, 24), (80, 92)]
current pos [(42, 80), (8, 30), (52, 24), (80, 92)]
after pos [(42, 78), (6, 34), (50, 32), (84, 94)]
current pos [(42, 78), (6, 34), (50, 32), (84, 94)]
after pos [(42, 76), (6, 36), (48, 36), (86, 92)]
current pos [(42, 76), (6, 36), (48, 36), (86, 92)]
after pos [(42, 74), (6, 38), (48, 38), (88, 90)]
current pos [(42, 74), (6, 38), (48, 38), (88, 90)]
after pos [(38, 76), (6, 40), (48, 40), (90, 86)]
current pos [(38, 76), (6, 40), (48, 40), (90, 86)]
after pos [(34, 78), (6, 42), (48, 42), (92, 82)]
current pos [(34, 78), (6, 42), (48, 42), (92, 82)]
after pos [(32, 78), (4, 44), (48, 44), (94, 80)]
current pos [(32, 78), (4, 44), (48, 44), (94, 80)]
after pos [(30, 78), (4, 46), (50, 42), (96, 78)]
current pos [(30, 78), (4, 46), (50, 42), (96, 78)]
after pos [(28, 78), (4, 48), (54, 40), (94, 74)]
current pos [(28, 78), (4, 48), (54, 40), (94, 74)]
after pos [(18, 80), (4, 50), (56, 40), (92, 68)]
current pos [(18, 80), (4, 50), (56, 40), (92, 68)]
after pos [(14, 78), (4, 52), (58, 40), (94, 64)]
current pos [(14, 78), (4, 52), (58, 40), (94, 64)]
after pos [(10, 76), (4, 54), (60, 40), (96, 62)]
current pos [(10, 76), (4, 54), (60, 40), (96, 62)]
after pos [(12, 72), (4, 56), (58, 44), (96, 60)]
current pos [(12, 72), (4, 56), (58, 44), (96, 60)]
after pos [(12, 70), (2, 58), (58, 46), (96, 58)]
current pos [(12, 70), (2, 58), (58, 46), (96, 58)]
after pos [(14, 70), (4, 64), (56, 50), (96, 56)]
current pos [(14, 70), (4, 64), (56, 50), (96, 56)]
after pos [(16, 70), (2, 66), (54, 52), (98, 56)]
current pos [(16, 70), (2, 66), (54, 52), (98, 56)]
after pos [(18, 70), (2, 68), (52, 52), (98, 54)]
current pos [(18, 70), (2, 68), (52, 52), (98, 54)]
after pos [(24, 68), (2, 70), (50, 52), (98, 52)]
current pos [(24, 68), (2, 70), (50, 52), (98, 52)]
after pos [(26, 68), (2, 72), (48, 52), (98, 50)]
current pos [(26, 68), (2, 72), (48, 52), (98, 50)]
after pos [(28, 68), (4, 74), (48, 54), (98, 48)]
current pos [(28, 68), (4, 74), (48, 54), (98, 48)]
after pos [(30, 68), (4, 76), (48, 56), (98, 46)]
current pos [(30, 68), (4, 76), (48, 56), (98, 46)]
after pos [(32, 64), (6, 82), (50, 60), (98, 44)]
current pos [(32, 64), (6, 82), (50, 60), (98, 44)]
after pos [(34, 56), (10, 84), (50, 62), (98, 42)]
current pos [(34, 56), (10, 84), (50, 62), (98, 42)]
after pos [(32, 52), (14, 86), (52, 64), (98, 40)]
current pos [(32, 52), (14, 86), (52, 64), (98, 40)]
after pos [(32, 50), (16, 88), (52, 66), (98, 38)]
current pos [(32, 50), (16, 88), (52, 66), (98, 38)]
after pos [(34, 46), (18, 88), (52, 68), (98, 36)]
current pos [(34, 46), (18, 88), (52, 68), (98, 36)]
after pos [(34, 44), (22, 90), (52, 70), (98, 34)]
current pos [(34, 44), (22, 90), (52, 70), (98, 34)]
after pos [(36, 40), (24, 90), (52, 72), (98, 32)]
current pos [(36, 40), (24, 90), (52, 72), (98, 32)]
after pos [(38, 34), (26, 90), (52, 74), (98, 30)]
current pos [(38, 34), (26, 90), (52, 74), (98, 30)]
after pos [(38, 32), (28, 90), (52, 76), (98, 28)]
current pos [(38, 32), (28, 90), (52, 76), (98, 28)]
after pos [(38, 30), (30, 90), (54, 78), (98, 26)]
current pos [(38, 30), (30, 90), (54, 78), (98, 26)]
after pos [(38, 28), (32, 90), (56, 82), (98, 24)]
current pos [(38, 28), (32, 90), (56, 82), (98, 24)]
after pos [(40, 26), (34, 90), (56, 84), (98, 22)]
current pos [(40, 26), (34, 90), (56, 84), (98, 22)]
after pos [(40, 24), (38, 92), (56, 86), (96, 20)]
current pos [(40, 24), (38, 92), (56, 86), (96, 20)]
after pos [(40, 22), (46, 96), (56, 88), (96, 18)]
current pos [(40, 22), (46, 96), (56, 88), (96, 18)]
after pos [(38, 16), (48, 98), (58, 90), (96, 16)]
current pos [(38, 16), (48, 98), (58, 90), (96, 16)]
after pos [(34, 6), (54, 96), (62, 92), (92, 14)]
current pos [(34, 6), (54, 96), (62, 92), (92, 14)]
after pos [(32, 4), (56, 96), (66, 94), (86, 12)]
current pos [(32, 4), (56, 96), (66, 94), (86, 12)]
after pos [(30, 4), (56, 98), (68, 92), (84, 10)]
current pos [(30, 4), (56, 98), (68, 92), (84, 10)]
after pos [(28, 4), (58, 98), (68, 90), (82, 8)]
current pos [(28, 4), (58, 98), (68, 90), (82, 8)]
after pos [(26, 2), (60, 98), (68, 88), (74, 6)]
current pos [(26, 2), (60, 98), (68, 88), (74, 6)]
after pos [(24, 2), (62, 98), (70, 82), (72, 4)]
current pos [(24, 2), (62, 98), (70, 82), (72, 4)]
after pos [(22, 0), (64, 98), (72, 80), (66, 2)]
current pos [(22, 0), (64, 98), (72, 80), (66, 2)]
after pos [(20, 0), (66, 98), (76, 72), (60, 4)]
current pos [(20, 0), (66, 98), (76, 72), (60, 4)]
after pos [(18, 0), (68, 98), (76, 70), (56, 6)]
current pos [(18, 0), (68, 98), (76, 70), (56, 6)]
after pos [(16, 0), (70, 98), (76, 68), (52, 4)]
current pos [(16, 0), (70, 98), (76, 68), (52, 4)]
after pos [(8, 6), (72, 98), (76, 66), (50, 4)]
current pos [(8, 6), (72, 98), (76, 66), (50, 4)]
after pos [(6, 10), (74, 98), (76, 64), (48, 4)]
current pos [(6, 10), (74, 98), (76, 64), (48, 4)]
after pos [(4, 14), (76, 98), (76, 62), (46, 2)]
current pos [(4, 14), (76, 98), (76, 62), (46, 2)]
after pos [(4, 16), (78, 98), (76, 60), (46, 6)]
current pos [(4, 16), (78, 98), (76, 60), (46, 6)]
after pos [(4, 18), (80, 98), (76, 58), (46, 8)]
current pos [(4, 18), (80, 98), (76, 58), (46, 8)]
after pos [(2, 20), (82, 98), (76, 56), (46, 10)]
current pos [(2, 20), (82, 98), (76, 56), (46, 10)]
after pos [(2, 22), (84, 98), (76, 54), (46, 12)]
current pos [(2, 22), (84, 98), (76, 54), (46, 12)]
after pos [(2, 24), (86, 98), (74, 48), (46, 24)]
current pos [(2, 24), (86, 98), (74, 48), (46, 24)]
after pos [(2, 26), (88, 98), (74, 46), (48, 24)]
current pos [(2, 26), (88, 98), (74, 46), (48, 24)]
after pos [(0, 26), (92, 96), (74, 44), (50, 24)]
current pos [(0, 26), (92, 96), (74, 44), (50, 24)]
after pos [(0, 28), (94, 94), (74, 42), (54, 28)]
current pos [(0, 28), (94, 94), (74, 42), (54, 28)]
after pos [(0, 40), (94, 92), (72, 40), (58, 30)]
current pos [(0, 40), (94, 92), (72, 40), (58, 30)]
after pos [(6, 48), (94, 90), (70, 38), (60, 32)]
current pos [(6, 48), (94, 90), (70, 38), (60, 32)]
after pos [(8, 50), (94, 88), (72, 36), (62, 30)]
current pos [(8, 50), (94, 88), (72, 36), (62, 30)]
after pos [(8, 52), (92, 86), (74, 36), (64, 30)]
current pos [(8, 52), (92, 86), (74, 36), (64, 30)]
after pos [(10, 52), (88, 80), (76, 36), (66, 30)]
current pos [(10, 52), (88, 80), (76, 36), (66, 30)]
after pos [(12, 50), (86, 78), (78, 42), (66, 32)]
current pos [(12, 50), (86, 78), (78, 42), (66, 32)]
after pos [(14, 48), (84, 72), (80, 48), (66, 34)]
current pos [(14, 48), (84, 72), (80, 48), (66, 34)]
after pos [(14, 46), (84, 70), (86, 56), (66, 36)]
current pos [(14, 46), (84, 70), (86, 56), (66, 36)]
after pos [(14, 44), (82, 68), (86, 58), (66, 38)]
current pos [(14, 44), (82, 68), (86, 58), (66, 38)]
after pos [(14, 32), (84, 66), (86, 60), (66, 40)]
current pos [(14, 32), (84, 66), (86, 60), (66, 40)]
after pos [(14, 30), (80, 56), (86, 66), (66, 42)]
current pos [(14, 30), (80, 56), (86, 66), (66, 42)]
after pos [(18, 20), (74, 58), (88, 62), (64, 44)]
│  map 2  steps=95  dist=[304.7794879709341, 280.1846316848403, 278.8921526748671, 275.43546073699343]  rmse=0.057918646
947464014  cov=10.509999841451645%  iou=0.8576098801307664  [113/200]
current pos [(18, 20), (74, 58), (88, 62), (64, 44)]
after pos [(20, 20), (72, 58), (86, 62), (64, 42)]
current pos [(20, 20), (72, 58), (86, 62), (64, 42)]
after pos [(22, 20), (70, 58), (84, 62), (64, 40)]
current pos [(22, 20), (70, 58), (84, 62), (64, 40)]
after pos [(24, 20), (68, 58), (82, 62), (64, 38)]
current pos [(24, 20), (68, 58), (82, 62), (64, 38)]
after pos [(24, 22), (68, 60), (82, 64), (64, 36)]
current pos [(24, 22), (68, 60), (82, 64), (64, 36)]
after pos [(24, 24), (68, 62), (82, 66), (64, 34)]
current pos [(24, 24), (68, 62), (82, 66), (64, 34)]
after pos [(24, 26), (68, 64), (82, 68), (64, 32)]
current pos [(24, 26), (68, 64), (82, 68), (64, 32)]
after pos [(24, 28), (66, 64), (82, 70), (64, 30)]
current pos [(24, 28), (66, 64), (82, 70), (64, 30)]
after pos [(24, 30), (64, 64), (82, 72), (64, 28)]
current pos [(24, 30), (64, 64), (82, 72), (64, 28)]
after pos [(24, 32), (62, 64), (82, 74), (64, 26)]
current pos [(24, 32), (62, 64), (82, 74), (64, 26)]
after pos [(24, 34), (60, 64), (72, 80), (66, 26)]
current pos [(24, 34), (60, 64), (72, 80), (66, 26)]
after pos [(24, 36), (58, 64), (70, 80), (68, 26)]
current pos [(24, 36), (58, 64), (70, 80), (68, 26)]
after pos [(24, 38), (56, 64), (62, 82), (70, 26)]
current pos [(24, 38), (56, 64), (62, 82), (70, 26)]
after pos [(24, 40), (54, 64), (60, 82), (76, 24)]
current pos [(24, 40), (54, 64), (60, 82), (76, 24)]
after pos [(24, 42), (52, 64), (58, 82), (78, 24)]
current pos [(24, 42), (52, 64), (58, 82), (78, 24)]
after pos [(24, 44), (50, 64), (56, 82), (88, 0)]
current pos [(24, 44), (50, 64), (56, 82), (88, 0)]
after pos [(24, 46), (46, 66), (54, 82), (86, 0)]
current pos [(24, 46), (46, 66), (54, 82), (86, 0)]
after pos [(24, 48), (42, 68), (52, 82), (84, 0)]
current pos [(24, 48), (42, 68), (52, 82), (84, 0)]
after pos [(24, 50), (40, 68), (50, 82), (82, 0)]
current pos [(24, 50), (40, 68), (50, 82), (82, 0)]
after pos [(14, 74), (36, 70), (46, 84), (80, 0)]
current pos [(14, 74), (36, 70), (46, 84), (80, 0)]
after pos [(12, 80), (34, 74), (38, 86), (78, 0)]
current pos [(12, 80), (34, 74), (38, 86), (78, 0)]
after pos [(10, 82), (32, 78), (34, 88), (76, 0)]
current pos [(10, 82), (32, 78), (34, 88), (76, 0)]
after pos [(8, 88), (30, 82), (30, 90), (74, 0)]
current pos [(8, 88), (30, 82), (30, 90), (74, 0)]
after pos [(6, 84), (28, 84), (32, 92), (72, 0)]
current pos [(6, 84), (28, 84), (32, 92), (72, 0)]
after pos [(4, 80), (22, 88), (34, 92), (70, 0)]
current pos [(4, 80), (22, 88), (34, 92), (70, 0)]
after pos [(4, 78), (22, 84), (40, 94), (68, 0)]
current pos [(4, 78), (22, 84), (40, 94), (68, 0)]
after pos [(2, 76), (22, 82), (42, 94), (66, 0)]
current pos [(2, 76), (22, 82), (42, 94), (66, 0)]
after pos [(0, 74), (24, 78), (44, 94), (64, 0)]
current pos [(0, 74), (24, 78), (44, 94), (64, 0)]
after pos [(0, 72), (24, 76), (46, 94), (62, 0)]
current pos [(0, 72), (24, 76), (46, 94), (62, 0)]
after pos [(0, 70), (26, 70), (48, 94), (60, 0)]
current pos [(0, 70), (26, 70), (48, 94), (60, 0)]
after pos [(0, 68), (30, 64), (50, 96), (58, 0)]
current pos [(0, 68), (30, 64), (50, 96), (58, 0)]
after pos [(0, 66), (32, 62), (52, 96), (56, 0)]
current pos [(0, 66), (32, 62), (52, 96), (56, 0)]
after pos [(0, 64), (36, 56), (54, 96), (54, 0)]
current pos [(0, 64), (36, 56), (54, 96), (54, 0)]
after pos [(0, 62), (38, 48), (56, 98), (52, 0)]
current pos [(0, 62), (38, 48), (56, 98), (52, 0)]
after pos [(0, 60), (40, 46), (58, 98), (50, 0)]
current pos [(0, 60), (40, 46), (58, 98), (50, 0)]
after pos [(0, 58), (42, 44), (60, 98), (48, 0)]
current pos [(0, 58), (42, 44), (60, 98), (48, 0)]
after pos [(0, 56), (44, 36), (62, 98), (46, 0)]
current pos [(0, 56), (44, 36), (62, 98), (46, 0)]
after pos [(0, 54), (44, 34), (64, 98), (44, 0)]
current pos [(0, 54), (44, 34), (64, 98), (44, 0)]
after pos [(0, 52), (42, 28), (66, 98), (42, 0)]
current pos [(0, 52), (42, 28), (66, 98), (42, 0)]
after pos [(0, 50), (40, 26), (68, 98), (40, 0)]
current pos [(0, 50), (40, 26), (68, 98), (40, 0)]
after pos [(0, 48), (40, 24), (70, 98), (38, 0)]
current pos [(0, 48), (40, 24), (70, 98), (38, 0)]
after pos [(0, 46), (38, 20), (72, 98), (36, 0)]
current pos [(0, 46), (38, 20), (72, 98), (36, 0)]
after pos [(0, 44), (44, 18), (74, 98), (34, 0)]
current pos [(0, 44), (44, 18), (74, 98), (34, 0)]
after pos [(0, 42), (46, 16), (76, 98), (32, 0)]
current pos [(0, 42), (46, 16), (76, 98), (32, 0)]
after pos [(0, 40), (50, 14), (78, 98), (30, 0)]
current pos [(0, 40), (50, 14), (78, 98), (30, 0)]
after pos [(0, 38), (52, 14), (80, 98), (28, 0)]
current pos [(0, 38), (52, 14), (80, 98), (28, 0)]
after pos [(0, 36), (52, 12), (82, 96), (26, 0)]
current pos [(0, 36), (52, 12), (82, 96), (26, 0)]
after pos [(0, 34), (54, 12), (84, 92), (24, 0)]
current pos [(0, 34), (54, 12), (84, 92), (24, 0)]
after pos [(0, 32), (56, 12), (84, 90), (22, 0)]
current pos [(0, 32), (56, 12), (84, 90), (22, 0)]
after pos [(0, 30), (58, 12), (84, 88), (20, 0)]
current pos [(0, 30), (58, 12), (84, 88), (20, 0)]
after pos [(0, 28), (60, 12), (84, 86), (18, 2)]
current pos [(0, 28), (60, 12), (84, 86), (18, 2)]
after pos [(0, 26), (60, 14), (86, 82), (16, 2)]
current pos [(0, 26), (60, 14), (86, 82), (16, 2)]
after pos [(0, 24), (60, 16), (88, 78), (14, 2)]
current pos [(0, 24), (60, 16), (88, 78), (14, 2)]
after pos [(0, 22), (58, 22), (90, 74), (8, 4)]
current pos [(0, 22), (58, 22), (90, 74), (8, 4)]
after pos [(0, 20), (56, 26), (92, 70), (8, 6)]
current pos [(0, 20), (56, 26), (92, 70), (8, 6)]
after pos [(0, 18), (56, 28), (94, 66), (8, 8)]
current pos [(0, 18), (56, 28), (94, 66), (8, 8)]
after pos [(0, 16), (54, 30), (94, 64), (8, 10)]
current pos [(0, 16), (54, 30), (94, 64), (8, 10)]
after pos [(0, 14), (54, 32), (94, 62), (10, 12)]
current pos [(0, 14), (54, 32), (94, 62), (10, 12)]
after pos [(2, 18), (54, 34), (96, 58), (10, 14)]
current pos [(2, 18), (54, 34), (96, 58), (10, 14)]
after pos [(4, 22), (52, 36), (98, 58), (10, 16)]
current pos [(4, 22), (52, 36), (98, 58), (10, 16)]
after pos [(6, 28), (52, 38), (98, 56), (10, 18)]
current pos [(6, 28), (52, 38), (98, 56), (10, 18)]
after pos [(8, 30), (52, 40), (98, 54), (10, 20)]
current pos [(8, 30), (52, 40), (98, 54), (10, 20)]
after pos [(10, 34), (52, 42), (98, 52), (10, 22)]
current pos [(10, 34), (52, 42), (98, 52), (10, 22)]
after pos [(10, 36), (52, 44), (98, 50), (14, 28)]
current pos [(10, 36), (52, 44), (98, 50), (14, 28)]
after pos [(10, 38), (52, 46), (98, 48), (14, 30)]
current pos [(10, 38), (52, 46), (98, 48), (14, 30)]
after pos [(10, 40), (54, 46), (98, 46), (14, 32)]
current pos [(10, 40), (54, 46), (98, 46), (14, 32)]
after pos [(10, 42), (56, 46), (98, 44), (16, 38)]
current pos [(10, 42), (56, 46), (98, 44), (16, 38)]
after pos [(10, 44), (58, 46), (98, 42), (14, 46)]
current pos [(10, 44), (58, 46), (98, 42), (14, 46)]
after pos [(10, 46), (60, 46), (98, 40), (14, 48)]
current pos [(10, 46), (60, 46), (98, 40), (14, 48)]
after pos [(10, 48), (62, 46), (98, 38), (14, 50)]
current pos [(10, 48), (62, 46), (98, 38), (14, 50)]
after pos [(10, 50), (64, 46), (98, 36), (14, 52)]
current pos [(10, 50), (64, 46), (98, 36), (14, 52)]
after pos [(10, 52), (66, 44), (98, 34), (8, 62)]
current pos [(10, 52), (66, 44), (98, 34), (8, 62)]
after pos [(12, 50), (68, 44), (98, 32), (8, 64)]
current pos [(12, 50), (68, 44), (98, 32), (8, 64)]
after pos [(16, 48), (70, 44), (98, 30), (8, 66)]
current pos [(16, 48), (70, 44), (98, 30), (8, 66)]
after pos [(18, 46), (72, 44), (98, 28), (8, 74)]
current pos [(18, 46), (72, 44), (98, 28), (8, 74)]
after pos [(26, 40), (74, 44), (98, 26), (18, 98)]
current pos [(26, 40), (74, 44), (98, 26), (18, 98)]
after pos [(32, 30), (76, 44), (98, 24), (16, 98)]
current pos [(32, 30), (76, 44), (98, 24), (16, 98)]
after pos [(32, 28), (82, 42), (98, 22), (14, 98)]
current pos [(32, 28), (82, 42), (98, 22), (14, 98)]
after pos [(32, 26), (84, 38), (98, 20), (12, 98)]
current pos [(32, 26), (84, 38), (98, 20), (12, 98)]
after pos [(32, 24), (86, 34), (98, 18), (10, 98)]
current pos [(32, 24), (86, 34), (98, 18), (10, 98)]
after pos [(32, 22), (88, 32), (98, 16), (8, 98)]
current pos [(32, 22), (88, 32), (98, 16), (8, 98)]
after pos [(30, 20), (90, 26), (98, 14), (6, 98)]
current pos [(30, 20), (90, 26), (98, 14), (6, 98)]
after pos [(32, 18), (90, 24), (98, 12), (6, 96)]
current pos [(32, 18), (90, 24), (98, 12), (6, 96)]
after pos [(32, 16), (90, 22), (98, 10), (4, 94)]
current pos [(32, 16), (90, 22), (98, 10), (4, 94)]
after pos [(32, 14), (92, 18), (98, 8), (2, 92)]
current pos [(32, 14), (92, 18), (98, 8), (2, 92)]
after pos [(32, 12), (86, 16), (98, 0), (0, 84)]
current pos [(32, 12), (86, 16), (98, 0), (0, 84)]
after pos [(30, 10), (78, 12), (96, 0), (0, 82)]
current pos [(30, 10), (78, 12), (96, 0), (0, 82)]
after pos [(28, 10), (76, 12), (92, 2), (0, 80)]
current pos [(28, 10), (76, 12), (92, 2), (0, 80)]
after pos [(26, 12), (74, 12), (92, 4), (4, 72)]
current pos [(26, 12), (74, 12), (92, 4), (4, 72)]
after pos [(24, 12), (66, 6), (92, 6), (4, 70)]
current pos [(24, 12), (66, 6), (92, 6), (4, 70)]
after pos [(22, 12), (64, 6), (92, 12), (4, 68)]
current pos [(22, 12), (64, 6), (92, 12), (4, 68)]
after pos [(22, 10), (62, 6), (86, 20), (4, 66)]
current pos [(22, 10), (62, 6), (86, 20), (4, 66)]
after pos [(24, 8), (60, 6), (84, 26), (4, 64)]
current pos [(24, 8), (60, 6), (84, 26), (4, 64)]
after pos [(26, 8), (60, 8), (80, 32), (4, 62)]
│  map 3  steps=93  dist=[264.5810838529064, 301.76392797006747, 270.52174348774275, 290.59707521308343]  rmse=0.0523281
34456438885  cov=10.540000349283218%  iou=0.700886607559496  [114/200]
current pos [(26, 8), (60, 8), (80, 32), (4, 62)]
after pos [(26, 10), (58, 8), (78, 32), (4, 60)]
current pos [(26, 10), (58, 8), (78, 32), (4, 60)]
after pos [(26, 12), (56, 8), (76, 32), (4, 58)]
current pos [(26, 12), (56, 8), (76, 32), (4, 58)]
after pos [(26, 14), (54, 8), (74, 32), (4, 56)]
current pos [(26, 14), (54, 8), (74, 32), (4, 56)]
after pos [(26, 16), (50, 14), (74, 34), (6, 56)]
current pos [(26, 16), (50, 14), (74, 34), (6, 56)]
after pos [(26, 18), (50, 16), (74, 36), (8, 56)]
current pos [(26, 18), (50, 16), (74, 36), (8, 56)]
after pos [(26, 20), (50, 18), (74, 38), (10, 56)]
current pos [(26, 20), (50, 18), (74, 38), (10, 56)]
after pos [(28, 24), (50, 20), (74, 40), (12, 56)]
current pos [(28, 24), (50, 20), (74, 40), (12, 56)]
after pos [(30, 30), (50, 22), (74, 42), (14, 56)]
current pos [(30, 30), (50, 22), (74, 42), (14, 56)]
after pos [(28, 30), (50, 24), (74, 44), (16, 56)]
current pos [(28, 30), (50, 24), (74, 44), (16, 56)]
after pos [(26, 30), (50, 26), (74, 46), (18, 56)]
current pos [(26, 30), (50, 26), (74, 46), (18, 56)]
after pos [(24, 30), (50, 28), (74, 48), (20, 56)]
current pos [(24, 30), (50, 28), (74, 48), (20, 56)]
after pos [(22, 30), (50, 30), (74, 50), (22, 56)]
current pos [(22, 30), (50, 30), (74, 50), (22, 56)]
after pos [(20, 30), (50, 32), (74, 52), (22, 58)]
current pos [(20, 30), (50, 32), (74, 52), (22, 58)]
after pos [(18, 30), (50, 34), (74, 54), (22, 60)]
current pos [(18, 30), (50, 34), (74, 54), (22, 60)]
after pos [(12, 22), (50, 36), (74, 56), (22, 62)]
current pos [(12, 22), (50, 36), (74, 56), (22, 62)]
after pos [(10, 22), (50, 38), (74, 58), (22, 64)]
current pos [(10, 22), (50, 38), (74, 58), (22, 64)]
after pos [(10, 20), (50, 40), (74, 60), (22, 66)]
current pos [(10, 20), (50, 40), (74, 60), (22, 66)]
after pos [(10, 18), (50, 42), (74, 62), (22, 68)]
current pos [(10, 18), (50, 42), (74, 62), (22, 68)]
after pos [(10, 16), (50, 44), (74, 64), (22, 70)]
current pos [(10, 16), (50, 44), (74, 64), (22, 70)]
after pos [(8, 12), (50, 46), (74, 66), (22, 72)]
current pos [(8, 12), (50, 46), (74, 66), (22, 72)]
after pos [(6, 18), (50, 48), (74, 68), (22, 74)]
current pos [(6, 18), (50, 48), (74, 68), (22, 74)]
after pos [(6, 20), (50, 50), (74, 70), (24, 74)]
current pos [(6, 20), (50, 50), (74, 70), (24, 74)]
after pos [(4, 22), (50, 52), (74, 72), (26, 74)]
current pos [(4, 22), (50, 52), (74, 72), (26, 74)]
after pos [(4, 24), (50, 54), (74, 74), (28, 74)]
current pos [(4, 24), (50, 54), (74, 74), (28, 74)]
after pos [(6, 34), (50, 56), (68, 76), (32, 76)]
current pos [(6, 34), (50, 56), (68, 76), (32, 76)]
after pos [(6, 36), (50, 58), (64, 78), (40, 78)]
current pos [(6, 36), (50, 58), (64, 78), (40, 78)]
after pos [(10, 38), (50, 60), (60, 80), (42, 80)]
current pos [(10, 38), (50, 60), (60, 80), (42, 80)]
after pos [(18, 40), (50, 62), (68, 86), (44, 82)]
current pos [(18, 40), (50, 62), (68, 86), (44, 82)]
after pos [(20, 40), (48, 62), (72, 88), (40, 84)]
current pos [(20, 40), (48, 62), (72, 88), (40, 84)]
after pos [(22, 40), (46, 62), (78, 90), (36, 86)]
current pos [(22, 40), (46, 62), (78, 90), (36, 86)]
after pos [(26, 42), (44, 62), (84, 88), (32, 88)]
current pos [(26, 42), (44, 62), (84, 88), (32, 88)]
after pos [(28, 48), (44, 60), (86, 82), (30, 88)]
current pos [(28, 48), (44, 60), (86, 82), (30, 88)]
after pos [(28, 50), (42, 56), (88, 74), (24, 90)]
current pos [(28, 50), (42, 56), (88, 74), (24, 90)]
after pos [(28, 52), (42, 54), (90, 68), (22, 90)]
current pos [(28, 52), (42, 54), (90, 68), (22, 90)]
after pos [(30, 58), (42, 52), (90, 66), (20, 90)]
current pos [(30, 58), (42, 52), (90, 66), (20, 90)]
after pos [(32, 52), (42, 50), (90, 64), (16, 92)]
current pos [(32, 52), (42, 50), (90, 64), (16, 92)]
after pos [(34, 48), (42, 48), (90, 62), (6, 88)]
current pos [(34, 48), (42, 48), (90, 62), (6, 88)]
after pos [(36, 44), (42, 46), (90, 60), (6, 86)]
current pos [(36, 44), (42, 46), (90, 60), (6, 86)]
after pos [(38, 40), (40, 44), (92, 50), (6, 84)]
current pos [(38, 40), (40, 44), (92, 50), (6, 84)]
after pos [(38, 38), (40, 42), (94, 48), (8, 78)]
current pos [(38, 38), (40, 42), (94, 48), (8, 78)]
after pos [(38, 36), (40, 40), (96, 42), (8, 76)]
current pos [(38, 36), (40, 40), (96, 42), (8, 76)]
after pos [(38, 34), (40, 38), (96, 40), (14, 68)]
current pos [(38, 34), (40, 38), (96, 40), (14, 68)]
after pos [(38, 32), (40, 36), (96, 38), (16, 70)]
current pos [(38, 32), (40, 36), (96, 38), (16, 70)]
after pos [(38, 30), (40, 34), (96, 36), (18, 72)]
current pos [(38, 30), (40, 34), (96, 36), (18, 72)]
after pos [(38, 28), (40, 32), (96, 34), (18, 74)]
current pos [(38, 28), (40, 32), (96, 34), (18, 74)]
after pos [(38, 26), (40, 30), (96, 32), (18, 76)]
current pos [(38, 26), (40, 30), (96, 32), (18, 76)]
after pos [(38, 24), (40, 28), (96, 30), (16, 78)]
current pos [(38, 24), (40, 28), (96, 30), (16, 78)]
after pos [(38, 22), (40, 26), (96, 28), (18, 80)]
current pos [(38, 22), (40, 26), (96, 28), (18, 80)]
after pos [(36, 20), (40, 24), (96, 26), (20, 80)]
current pos [(36, 20), (40, 24), (96, 26), (20, 80)]
after pos [(42, 10), (40, 22), (96, 24), (22, 80)]
current pos [(42, 10), (40, 22), (96, 24), (22, 80)]
after pos [(38, 8), (40, 20), (86, 0), (30, 86)]
current pos [(38, 8), (40, 20), (86, 0), (30, 86)]
after pos [(34, 6), (42, 20), (84, 0), (34, 90)]
current pos [(34, 6), (42, 20), (84, 0), (34, 90)]
after pos [(30, 4), (44, 20), (82, 0), (36, 92)]
current pos [(30, 4), (44, 20), (82, 0), (36, 92)]
after pos [(28, 2), (46, 20), (80, 0), (38, 94)]
current pos [(28, 2), (46, 20), (80, 0), (38, 94)]
after pos [(26, 2), (48, 20), (78, 4), (42, 96)]
current pos [(26, 2), (48, 20), (78, 4), (42, 96)]
after pos [(24, 2), (52, 20), (76, 8), (44, 96)]
current pos [(24, 2), (52, 20), (76, 8), (44, 96)]
after pos [(22, 2), (54, 20), (74, 10), (46, 94)]
current pos [(22, 2), (54, 20), (74, 10), (46, 94)]
after pos [(20, 2), (56, 20), (72, 14), (48, 94)]
current pos [(20, 2), (56, 20), (72, 14), (48, 94)]
after pos [(18, 2), (58, 20), (70, 16), (50, 94)]
current pos [(18, 2), (58, 20), (70, 16), (50, 94)]
after pos [(16, 2), (60, 22), (68, 18), (52, 94)]
current pos [(16, 2), (60, 22), (68, 18), (52, 94)]
after pos [(14, 2), (60, 24), (68, 20), (54, 94)]
current pos [(14, 2), (60, 24), (68, 20), (54, 94)]
after pos [(12, 2), (60, 26), (66, 26), (56, 94)]
current pos [(12, 2), (60, 26), (66, 26), (56, 94)]
after pos [(10, 2), (62, 28), (64, 34), (56, 92)]
current pos [(10, 2), (62, 28), (64, 34), (56, 92)]
after pos [(8, 2), (62, 30), (62, 38), (56, 90)]
current pos [(8, 2), (62, 30), (62, 38), (56, 90)]
after pos [(6, 2), (62, 32), (62, 40), (54, 88)]
current pos [(6, 2), (62, 32), (62, 40), (54, 88)]
after pos [(4, 2), (62, 34), (62, 42), (54, 86)]
current pos [(4, 2), (62, 34), (62, 42), (54, 86)]
after pos [(2, 4), (62, 44), (62, 46), (52, 84)]
current pos [(2, 4), (62, 44), (62, 46), (52, 84)]
after pos [(2, 6), (62, 48), (62, 50), (52, 82)]
current pos [(2, 6), (62, 48), (62, 50), (52, 82)]
after pos [(0, 16), (62, 52), (62, 54), (54, 80)]
current pos [(0, 16), (62, 52), (62, 54), (54, 80)]
after pos [(0, 18), (62, 56), (64, 56), (56, 76)]
current pos [(0, 18), (62, 56), (64, 56), (56, 76)]
after pos [(0, 20), (62, 58), (64, 58), (32, 66)]
current pos [(0, 20), (62, 58), (64, 58), (32, 66)]
after pos [(0, 22), (62, 60), (64, 60), (38, 66)]
current pos [(0, 22), (62, 60), (64, 60), (38, 66)]
after pos [(0, 24), (62, 62), (66, 62), (40, 64)]
current pos [(0, 24), (62, 62), (66, 62), (40, 64)]
after pos [(0, 26), (62, 64), (66, 64), (42, 66)]
current pos [(0, 26), (62, 64), (66, 64), (42, 66)]
after pos [(0, 28), (60, 64), (64, 70), (44, 66)]
current pos [(0, 28), (60, 64), (64, 70), (44, 66)]
after pos [(0, 30), (58, 64), (62, 70), (46, 68)]
current pos [(0, 30), (58, 64), (62, 70), (46, 68)]
after pos [(0, 32), (54, 66), (60, 70), (48, 68)]
current pos [(0, 32), (54, 66), (60, 70), (48, 68)]
after pos [(0, 34), (54, 64), (54, 70), (48, 70)]
current pos [(0, 34), (54, 64), (54, 70), (48, 70)]
after pos [(0, 36), (54, 62), (56, 68), (48, 76)]
current pos [(0, 36), (54, 62), (56, 68), (48, 76)]
after pos [(0, 38), (54, 60), (58, 66), (48, 78)]
current pos [(0, 38), (54, 60), (58, 66), (48, 78)]
after pos [(0, 40), (56, 60), (58, 62), (48, 80)]
current pos [(0, 40), (56, 60), (58, 62), (48, 80)]
after pos [(0, 42), (56, 58), (58, 60), (48, 82)]
current pos [(0, 42), (56, 58), (58, 60), (48, 82)]
after pos [(2, 44), (56, 56), (58, 58), (56, 86)]
current pos [(2, 44), (56, 56), (58, 58), (56, 86)]
after pos [(4, 44), (56, 54), (58, 56), (64, 92)]
current pos [(4, 44), (56, 54), (58, 56), (64, 92)]
after pos [(6, 44), (56, 52), (58, 54), (66, 92)]
current pos [(6, 44), (56, 52), (58, 54), (66, 92)]
after pos [(8, 46), (56, 50), (58, 52), (70, 94)]
current pos [(8, 46), (56, 50), (58, 52), (70, 94)]
after pos [(10, 48), (56, 48), (58, 50), (72, 96)]
current pos [(10, 48), (56, 48), (58, 50), (72, 96)]
after pos [(12, 48), (56, 46), (58, 48), (74, 98)]
│  map 4  steps=88  dist=[268.4473191202, 204.6406558351657, 299.2192727753168, 300.1271264263512]  rmse=0.0638934311916
3647  cov=9.82000008225441%  iou=0.8148862321635172  [115/200]
current pos [(12, 48), (56, 46), (58, 48), (74, 98)]
after pos [(14, 48), (56, 48), (58, 50), (74, 96)]
current pos [(14, 48), (56, 48), (58, 50), (74, 96)]
after pos [(16, 48), (56, 50), (58, 52), (74, 94)]
current pos [(16, 48), (56, 50), (58, 52), (74, 94)]
after pos [(18, 48), (56, 52), (58, 54), (74, 92)]
current pos [(18, 48), (56, 52), (58, 54), (74, 92)]
after pos [(18, 50), (54, 60), (60, 54), (72, 92)]
current pos [(18, 50), (54, 60), (60, 54), (72, 92)]
after pos [(18, 52), (52, 64), (62, 54), (70, 92)]
current pos [(18, 52), (52, 64), (62, 54), (70, 92)]
after pos [(18, 54), (50, 68), (64, 54), (68, 92)]
current pos [(18, 54), (50, 68), (64, 54), (68, 92)]
after pos [(18, 56), (48, 72), (66, 54), (66, 92)]
current pos [(18, 56), (48, 72), (66, 54), (66, 92)]
after pos [(18, 58), (46, 76), (68, 54), (64, 92)]
current pos [(18, 58), (46, 76), (68, 54), (64, 92)]
after pos [(18, 60), (44, 76), (70, 54), (62, 92)]
current pos [(18, 60), (44, 76), (70, 54), (62, 92)]
after pos [(18, 62), (38, 78), (72, 50), (58, 94)]
current pos [(18, 62), (38, 78), (72, 50), (58, 94)]
after pos [(18, 64), (34, 80), (74, 44), (56, 96)]
current pos [(18, 64), (34, 80), (74, 44), (56, 96)]
after pos [(18, 66), (30, 82), (74, 42), (54, 96)]
current pos [(18, 66), (30, 82), (74, 42), (54, 96)]
after pos [(16, 72), (28, 82), (74, 40), (52, 96)]
current pos [(16, 72), (28, 82), (74, 40), (52, 96)]
after pos [(14, 76), (22, 84), (74, 38), (50, 96)]
current pos [(14, 76), (22, 84), (74, 38), (50, 96)]
after pos [(14, 78), (20, 84), (74, 36), (46, 94)]
current pos [(14, 78), (20, 84), (74, 36), (46, 94)]
after pos [(12, 82), (18, 84), (74, 34), (44, 96)]
current pos [(12, 82), (18, 84), (74, 34), (44, 96)]
after pos [(12, 84), (16, 86), (74, 32), (42, 96)]
current pos [(12, 84), (16, 86), (74, 32), (42, 96)]
after pos [(10, 82), (8, 92), (74, 30), (40, 96)]
current pos [(10, 82), (8, 92), (74, 30), (40, 96)]
after pos [(8, 80), (6, 86), (74, 28), (38, 98)]
current pos [(8, 80), (6, 86), (74, 28), (38, 98)]
after pos [(4, 74), (4, 82), (74, 26), (36, 98)]
current pos [(4, 74), (4, 82), (74, 26), (36, 98)]
after pos [(6, 68), (4, 80), (70, 24), (34, 98)]
current pos [(6, 68), (4, 80), (70, 24), (34, 98)]
after pos [(4, 62), (2, 78), (64, 22), (32, 98)]
current pos [(4, 62), (2, 78), (64, 22), (32, 98)]
after pos [(4, 60), (2, 76), (62, 22), (30, 98)]
current pos [(4, 60), (2, 76), (62, 22), (30, 98)]
after pos [(2, 58), (2, 74), (60, 22), (28, 98)]
current pos [(2, 58), (2, 74), (60, 22), (28, 98)]
after pos [(2, 56), (0, 78), (58, 22), (26, 98)]
current pos [(2, 56), (0, 78), (58, 22), (26, 98)]
after pos [(2, 54), (0, 80), (56, 22), (24, 98)]
current pos [(2, 54), (0, 80), (56, 22), (24, 98)]
after pos [(2, 52), (0, 82), (54, 22), (22, 98)]
current pos [(2, 52), (0, 82), (54, 22), (22, 98)]
after pos [(2, 50), (0, 84), (52, 22), (20, 98)]
current pos [(2, 50), (0, 84), (52, 22), (20, 98)]
after pos [(2, 48), (0, 98), (50, 22), (18, 98)]
current pos [(2, 48), (0, 98), (50, 22), (18, 98)]
after pos [(2, 46), (2, 98), (48, 22), (16, 98)]
current pos [(2, 46), (2, 98), (48, 22), (16, 98)]
after pos [(2, 44), (12, 98), (46, 22), (18, 96)]
current pos [(2, 44), (12, 98), (46, 22), (18, 96)]
after pos [(2, 42), (20, 94), (44, 22), (22, 94)]
current pos [(2, 42), (20, 94), (44, 22), (22, 94)]
after pos [(2, 40), (26, 92), (42, 22), (28, 92)]
current pos [(2, 40), (26, 92), (42, 22), (28, 92)]
after pos [(2, 38), (28, 90), (40, 22), (30, 92)]
current pos [(2, 38), (28, 90), (40, 22), (30, 92)]
after pos [(2, 36), (32, 88), (36, 20), (34, 90)]
current pos [(2, 36), (32, 88), (36, 20), (34, 90)]
after pos [(2, 34), (34, 88), (32, 18), (38, 88)]
current pos [(2, 34), (34, 88), (32, 18), (38, 88)]
after pos [(2, 32), (36, 88), (28, 16), (40, 88)]
current pos [(2, 32), (36, 88), (28, 16), (40, 88)]
after pos [(2, 30), (42, 86), (26, 16), (44, 86)]
current pos [(2, 30), (42, 86), (26, 16), (44, 86)]
after pos [(2, 28), (48, 84), (24, 14), (52, 84)]
current pos [(2, 28), (48, 84), (24, 14), (52, 84)]
after pos [(2, 26), (48, 82), (22, 12), (56, 82)]
current pos [(2, 26), (48, 82), (22, 12), (56, 82)]
after pos [(2, 24), (54, 80), (20, 10), (60, 80)]
current pos [(2, 24), (54, 80), (20, 10), (60, 80)]
after pos [(2, 22), (58, 78), (18, 8), (62, 80)]
current pos [(2, 22), (58, 78), (18, 8), (62, 80)]
after pos [(2, 20), (62, 76), (20, 6), (70, 78)]
current pos [(2, 20), (62, 76), (20, 6), (70, 78)]
after pos [(2, 18), (68, 74), (22, 6), (78, 76)]
current pos [(2, 18), (68, 74), (22, 6), (78, 76)]
after pos [(2, 16), (72, 72), (24, 6), (84, 68)]
current pos [(2, 16), (72, 72), (24, 6), (84, 68)]
after pos [(0, 16), (74, 70), (26, 4), (86, 66)]
current pos [(0, 16), (74, 70), (26, 4), (86, 66)]
after pos [(0, 14), (76, 66), (28, 2), (88, 64)]
current pos [(0, 14), (76, 66), (28, 2), (88, 64)]
after pos [(0, 12), (78, 64), (30, 2), (90, 56)]
current pos [(0, 12), (78, 64), (30, 2), (90, 56)]
after pos [(0, 10), (80, 60), (32, 2), (92, 52)]
current pos [(0, 10), (80, 60), (32, 2), (92, 52)]
after pos [(8, 16), (82, 56), (34, 2), (94, 48)]
current pos [(8, 16), (82, 56), (34, 2), (94, 48)]
after pos [(14, 24), (82, 54), (36, 2), (94, 46)]
current pos [(14, 24), (82, 54), (36, 2), (94, 46)]
after pos [(22, 30), (84, 50), (38, 2), (94, 44)]
current pos [(22, 30), (84, 50), (38, 2), (94, 44)]
after pos [(46, 40), (84, 48), (40, 2), (94, 42)]
current pos [(46, 40), (84, 48), (40, 2), (94, 42)]
after pos [(44, 42), (84, 46), (44, 0), (94, 40)]
current pos [(44, 42), (84, 46), (44, 0), (94, 40)]
after pos [(42, 48), (84, 44), (46, 0), (94, 38)]
current pos [(42, 48), (84, 44), (46, 0), (94, 38)]
after pos [(40, 52), (84, 42), (48, 0), (94, 36)]
current pos [(40, 52), (84, 42), (48, 0), (94, 36)]
after pos [(40, 54), (86, 36), (50, 0), (94, 34)]
current pos [(40, 54), (86, 36), (50, 0), (94, 34)]
after pos [(38, 58), (86, 34), (52, 0), (94, 32)]
current pos [(38, 58), (86, 34), (52, 0), (94, 32)]
after pos [(36, 60), (84, 30), (54, 0), (94, 30)]
current pos [(36, 60), (84, 30), (54, 0), (94, 30)]
after pos [(32, 58), (84, 28), (56, 0), (94, 28)]
current pos [(32, 58), (84, 28), (56, 0), (94, 28)]
after pos [(30, 50), (84, 26), (58, 0), (94, 26)]
current pos [(30, 50), (84, 26), (58, 0), (94, 26)]
after pos [(28, 56), (84, 24), (60, 0), (94, 24)]
current pos [(28, 56), (84, 24), (60, 0), (94, 24)]
after pos [(28, 58), (86, 20), (62, 0), (96, 22)]
current pos [(28, 58), (86, 20), (62, 0), (96, 22)]
after pos [(28, 60), (86, 18), (64, 0), (96, 20)]
current pos [(28, 60), (86, 18), (64, 0), (96, 20)]
after pos [(28, 62), (88, 12), (66, 0), (96, 18)]
current pos [(28, 62), (88, 12), (66, 0), (96, 18)]
after pos [(26, 66), (86, 12), (68, 0), (96, 16)]
current pos [(26, 66), (86, 12), (68, 0), (96, 16)]
after pos [(24, 70), (84, 12), (70, 0), (96, 14)]
current pos [(24, 70), (84, 12), (70, 0), (96, 14)]
after pos [(26, 70), (82, 12), (72, 0), (96, 12)]
current pos [(26, 70), (82, 12), (72, 0), (96, 12)]
after pos [(28, 70), (80, 10), (74, 0), (96, 10)]
current pos [(28, 70), (80, 10), (74, 0), (96, 10)]
after pos [(30, 70), (78, 10), (76, 0), (96, 8)]
current pos [(30, 70), (78, 10), (76, 0), (96, 8)]
after pos [(32, 70), (76, 10), (78, 0), (94, 6)]
current pos [(32, 70), (76, 10), (78, 0), (94, 6)]
after pos [(34, 70), (74, 10), (80, 0), (92, 6)]
current pos [(34, 70), (74, 10), (80, 0), (92, 6)]
after pos [(36, 68), (72, 12), (82, 0), (90, 6)]
current pos [(36, 68), (72, 12), (82, 0), (90, 6)]
after pos [(38, 68), (70, 12), (76, 2), (88, 6)]
current pos [(38, 68), (70, 12), (76, 2), (88, 6)]
after pos [(40, 68), (68, 12), (72, 4), (86, 6)]
current pos [(40, 68), (68, 12), (72, 4), (86, 6)]
after pos [(42, 68), (66, 12), (66, 6), (84, 6)]
current pos [(42, 68), (66, 12), (66, 6), (84, 6)]
after pos [(44, 64), (64, 12), (64, 8), (82, 6)]
current pos [(44, 64), (64, 12), (64, 8), (82, 6)]
after pos [(46, 62), (62, 12), (62, 8), (80, 6)]
current pos [(46, 62), (62, 12), (62, 8), (80, 6)]
after pos [(46, 60), (60, 12), (60, 10), (78, 6)]
current pos [(46, 60), (60, 12), (60, 10), (78, 6)]
after pos [(46, 58), (58, 12), (58, 10), (76, 6)]
current pos [(46, 58), (58, 12), (58, 10), (76, 6)]
after pos [(46, 56), (56, 10), (56, 12), (76, 8)]
current pos [(46, 56), (56, 10), (56, 12), (76, 8)]
after pos [(48, 48), (54, 10), (54, 14), (78, 18)]
current pos [(48, 48), (54, 10), (54, 14), (78, 18)]
after pos [(50, 44), (52, 10), (52, 14), (78, 20)]
│  map 5  steps=83  dist=[281.374515123302, 301.56190055256405, 209.71587133855212, 242.85621590042885]  rmse=0.05582535
531401363  cov=9.589999914169312%  iou=0.6954436450839329  [116/200]
current pos [(50, 44), (52, 10), (52, 14), (78, 20)]
after pos [(50, 46), (50, 10), (52, 16), (78, 22)]
current pos [(50, 46), (50, 10), (52, 16), (78, 22)]
after pos [(50, 48), (48, 10), (52, 18), (78, 24)]
current pos [(50, 48), (48, 10), (52, 18), (78, 24)]
after pos [(50, 50), (46, 10), (52, 20), (78, 26)]
current pos [(50, 50), (46, 10), (52, 20), (78, 26)]
after pos [(48, 50), (44, 10), (48, 22), (78, 28)]
current pos [(48, 50), (44, 10), (48, 22), (78, 28)]
after pos [(46, 50), (42, 10), (40, 24), (78, 30)]
current pos [(46, 50), (42, 10), (40, 24), (78, 30)]
after pos [(44, 50), (40, 10), (38, 24), (78, 32)]
current pos [(44, 50), (40, 10), (38, 24), (78, 32)]
after pos [(42, 50), (38, 10), (36, 24), (78, 34)]
current pos [(42, 50), (38, 10), (36, 24), (78, 34)]
after pos [(40, 50), (36, 10), (34, 24), (78, 36)]
current pos [(40, 50), (36, 10), (34, 24), (78, 36)]
after pos [(38, 50), (34, 10), (32, 24), (78, 38)]
current pos [(38, 50), (34, 10), (32, 24), (78, 38)]
after pos [(38, 52), (32, 10), (30, 24), (78, 40)]
current pos [(38, 52), (32, 10), (30, 24), (78, 40)]
after pos [(38, 54), (30, 10), (28, 24), (78, 42)]
current pos [(38, 54), (30, 10), (28, 24), (78, 42)]
after pos [(38, 56), (28, 10), (26, 24), (78, 44)]
current pos [(38, 56), (28, 10), (26, 24), (78, 44)]
after pos [(38, 58), (26, 10), (18, 26), (78, 46)]
current pos [(38, 58), (26, 10), (18, 26), (78, 46)]
after pos [(38, 60), (22, 8), (16, 32), (78, 48)]
current pos [(38, 60), (22, 8), (16, 32), (78, 48)]
after pos [(38, 62), (20, 8), (14, 36), (78, 50)]
current pos [(38, 62), (20, 8), (14, 36), (78, 50)]
after pos [(38, 64), (16, 6), (12, 40), (78, 52)]
current pos [(38, 64), (16, 6), (12, 40), (78, 52)]
after pos [(38, 66), (14, 12), (12, 42), (78, 54)]
current pos [(38, 66), (14, 12), (12, 42), (78, 54)]
after pos [(38, 68), (6, 18), (12, 44), (78, 56)]
current pos [(38, 68), (6, 18), (12, 44), (78, 56)]
after pos [(38, 70), (4, 24), (12, 46), (78, 58)]
current pos [(38, 70), (4, 24), (12, 46), (78, 58)]
after pos [(38, 72), (4, 26), (12, 48), (78, 60)]
current pos [(38, 72), (4, 26), (12, 48), (78, 60)]
after pos [(38, 74), (4, 28), (12, 50), (78, 62)]
current pos [(38, 74), (4, 28), (12, 50), (78, 62)]
after pos [(36, 74), (2, 30), (12, 52), (78, 64)]
current pos [(36, 74), (2, 30), (12, 52), (78, 64)]
after pos [(34, 74), (2, 32), (12, 54), (78, 66)]
current pos [(34, 74), (2, 32), (12, 54), (78, 66)]
after pos [(32, 74), (2, 34), (12, 56), (78, 68)]
current pos [(32, 74), (2, 34), (12, 56), (78, 68)]
after pos [(24, 76), (2, 36), (12, 58), (78, 70)]
current pos [(24, 76), (2, 36), (12, 58), (78, 70)]
after pos [(22, 78), (0, 36), (10, 62), (78, 72)]
current pos [(22, 78), (0, 36), (10, 62), (78, 72)]
after pos [(18, 80), (0, 38), (8, 66), (78, 74)]
current pos [(18, 80), (0, 38), (8, 66), (78, 74)]
after pos [(26, 86), (0, 40), (6, 68), (76, 76)]
current pos [(26, 86), (0, 40), (6, 68), (76, 76)]
after pos [(32, 88), (0, 42), (4, 72), (74, 78)]
current pos [(32, 88), (0, 42), (4, 72), (74, 78)]
after pos [(34, 88), (0, 44), (2, 76), (82, 84)]
current pos [(34, 88), (0, 44), (2, 76), (82, 84)]
after pos [(42, 90), (0, 46), (4, 80), (78, 86)]
current pos [(42, 90), (0, 46), (4, 80), (78, 86)]
after pos [(44, 90), (0, 48), (4, 82), (74, 88)]
current pos [(44, 90), (0, 48), (4, 82), (74, 88)]
after pos [(46, 90), (0, 50), (4, 84), (50, 78)]
current pos [(46, 90), (0, 50), (4, 84), (50, 78)]
after pos [(48, 90), (0, 52), (4, 86), (54, 72)]
current pos [(48, 90), (0, 52), (4, 86), (54, 72)]
after pos [(52, 92), (2, 52), (8, 88), (56, 70)]
current pos [(52, 92), (2, 52), (8, 88), (56, 70)]
after pos [(56, 94), (4, 52), (10, 90), (58, 66)]
current pos [(56, 94), (4, 52), (10, 90), (58, 66)]
after pos [(58, 96), (6, 52), (14, 92), (60, 64)]
current pos [(58, 96), (6, 52), (14, 92), (60, 64)]
after pos [(60, 96), (10, 50), (18, 94), (62, 60)]
current pos [(60, 96), (10, 50), (18, 94), (62, 60)]
after pos [(62, 98), (14, 48), (20, 94), (62, 58)]
current pos [(62, 98), (14, 48), (20, 94), (62, 58)]
after pos [(64, 98), (16, 48), (22, 96), (62, 56)]
current pos [(64, 98), (16, 48), (22, 96), (62, 56)]
after pos [(66, 98), (18, 48), (24, 96), (62, 54)]
current pos [(66, 98), (18, 48), (24, 96), (62, 54)]
after pos [(68, 98), (20, 48), (26, 96), (62, 52)]
current pos [(68, 98), (20, 48), (26, 96), (62, 52)]
after pos [(70, 98), (24, 46), (28, 96), (64, 50)]
current pos [(70, 98), (24, 46), (28, 96), (64, 50)]
after pos [(72, 98), (26, 46), (30, 96), (64, 48)]
current pos [(72, 98), (26, 46), (30, 96), (64, 48)]
after pos [(74, 98), (26, 48), (32, 96), (64, 46)]
current pos [(74, 98), (26, 48), (32, 96), (64, 46)]
after pos [(76, 98), (26, 50), (34, 96), (64, 44)]
current pos [(76, 98), (26, 50), (34, 96), (64, 44)]
after pos [(78, 98), (26, 52), (36, 96), (64, 42)]
current pos [(78, 98), (26, 52), (36, 96), (64, 42)]
after pos [(80, 98), (24, 56), (36, 98), (64, 40)]
current pos [(80, 98), (24, 56), (36, 98), (64, 40)]
after pos [(82, 98), (22, 60), (38, 98), (64, 38)]
current pos [(82, 98), (22, 60), (38, 98), (64, 38)]
after pos [(84, 98), (20, 62), (40, 98), (64, 36)]
current pos [(84, 98), (20, 62), (40, 98), (64, 36)]
after pos [(86, 98), (18, 66), (42, 98), (64, 34)]
current pos [(86, 98), (18, 66), (42, 98), (64, 34)]
after pos [(88, 96), (20, 66), (44, 98), (64, 32)]
current pos [(88, 96), (20, 66), (44, 98), (64, 32)]
after pos [(88, 94), (22, 66), (52, 98), (64, 30)]
current pos [(88, 94), (22, 66), (52, 98), (64, 30)]
after pos [(88, 92), (24, 66), (48, 92), (64, 28)]
current pos [(88, 92), (24, 66), (48, 92), (64, 28)]
after pos [(90, 88), (32, 64), (46, 88), (68, 22)]
current pos [(90, 88), (32, 64), (46, 88), (68, 22)]
after pos [(92, 84), (32, 62), (48, 84), (70, 20)]
current pos [(92, 84), (32, 62), (48, 84), (70, 20)]
after pos [(92, 82), (32, 60), (48, 82), (68, 18)]
current pos [(92, 82), (32, 60), (48, 82), (68, 18)]
after pos [(94, 80), (32, 58), (48, 80), (76, 12)]
current pos [(94, 80), (32, 58), (48, 80), (76, 12)]
after pos [(94, 78), (32, 56), (48, 78), (78, 12)]
current pos [(94, 78), (32, 56), (48, 78), (78, 12)]
after pos [(92, 70), (32, 54), (48, 76), (80, 12)]
current pos [(92, 70), (32, 54), (48, 76), (80, 12)]
after pos [(94, 68), (32, 52), (48, 74), (90, 10)]
current pos [(94, 68), (32, 52), (48, 74), (90, 10)]
after pos [(94, 66), (34, 50), (48, 72), (92, 16)]
current pos [(94, 66), (34, 50), (48, 72), (92, 16)]
after pos [(94, 64), (34, 48), (48, 70), (92, 18)]
current pos [(94, 64), (34, 48), (48, 70), (92, 18)]
after pos [(96, 62), (34, 46), (48, 68), (92, 20)]
current pos [(96, 62), (34, 46), (48, 68), (92, 20)]
after pos [(98, 60), (34, 44), (48, 66), (92, 22)]
current pos [(98, 60), (34, 44), (48, 66), (92, 22)]
after pos [(98, 58), (34, 42), (50, 64), (92, 24)]
current pos [(98, 58), (34, 42), (50, 64), (92, 24)]
after pos [(98, 56), (34, 40), (52, 58), (92, 26)]
current pos [(98, 56), (34, 40), (52, 58), (92, 26)]
after pos [(98, 54), (38, 38), (54, 54), (92, 28)]
current pos [(98, 54), (38, 38), (54, 54), (92, 28)]
after pos [(98, 52), (40, 38), (56, 44), (92, 30)]
current pos [(98, 52), (40, 38), (56, 44), (92, 30)]
after pos [(98, 50), (42, 38), (58, 42), (92, 32)]
current pos [(98, 50), (42, 38), (58, 42), (92, 32)]
after pos [(98, 48), (44, 36), (58, 40), (92, 34)]
current pos [(98, 48), (44, 36), (58, 40), (92, 34)]
after pos [(96, 48), (46, 36), (56, 38), (90, 36)]
current pos [(96, 48), (46, 36), (56, 38), (90, 36)]
after pos [(94, 48), (44, 34), (54, 34), (88, 38)]
current pos [(94, 48), (44, 34), (54, 34), (88, 38)]
after pos [(92, 48), (42, 32), (54, 32), (88, 40)]
current pos [(92, 48), (42, 32), (54, 32), (88, 40)]
after pos [(90, 54), (40, 32), (56, 26), (88, 42)]
current pos [(90, 54), (40, 32), (56, 26), (88, 42)]
after pos [(90, 56), (38, 32), (58, 22), (86, 46)]
current pos [(90, 56), (38, 32), (58, 22), (86, 46)]
after pos [(88, 58), (36, 32), (60, 16), (86, 48)]
current pos [(88, 58), (36, 32), (60, 16), (86, 48)]
after pos [(86, 60), (34, 34), (62, 14), (86, 50)]
current pos [(86, 60), (34, 34), (62, 14), (86, 50)]
after pos [(88, 62), (32, 34), (62, 12), (86, 52)]
current pos [(88, 62), (32, 34), (62, 12), (86, 52)]
after pos [(88, 64), (30, 34), (62, 10), (84, 56)]
current pos [(88, 64), (30, 34), (62, 10), (84, 56)]
after pos [(86, 70), (28, 34), (64, 6), (84, 58)]
current pos [(86, 70), (28, 34), (64, 6), (84, 58)]
after pos [(82, 72), (26, 36), (66, 4), (76, 64)]
current pos [(82, 72), (26, 36), (66, 4), (76, 64)]
after pos [(76, 70), (18, 40), (68, 4), (66, 68)]
current pos [(76, 70), (18, 40), (68, 4), (66, 68)]
after pos [(74, 72), (20, 34), (70, 4), (66, 66)]
current pos [(74, 72), (20, 34), (70, 4), (66, 66)]
after pos [(72, 74), (20, 32), (72, 2), (66, 64)]
current pos [(72, 74), (20, 32), (72, 2), (66, 64)]
after pos [(70, 74), (20, 30), (76, 0), (68, 60)]
current pos [(70, 74), (20, 30), (76, 0), (68, 60)]
after pos [(68, 72), (20, 28), (78, 0), (70, 58)]
current pos [(68, 72), (20, 28), (78, 0), (70, 58)]
after pos [(66, 72), (20, 22), (80, 0), (72, 54)]
current pos [(66, 72), (20, 22), (80, 0), (72, 54)]
after pos [(64, 72), (18, 20), (82, 0), (74, 52)]
current pos [(64, 72), (18, 20), (82, 0), (74, 52)]
after pos [(62, 72), (16, 18), (84, 0), (72, 50)]
current pos [(62, 72), (16, 18), (84, 0), (72, 50)]
after pos [(60, 72), (20, 18), (86, 0), (72, 48)]
current pos [(60, 72), (20, 18), (86, 0), (72, 48)]
after pos [(60, 74), (22, 18), (88, 0), (70, 48)]
current pos [(60, 74), (22, 18), (88, 0), (70, 48)]
after pos [(60, 76), (24, 18), (90, 0), (70, 46)]
current pos [(60, 76), (24, 18), (90, 0), (70, 46)]
after pos [(60, 78), (26, 18), (92, 2), (70, 44)]
current pos [(60, 78), (26, 18), (92, 2), (70, 44)]
after pos [(60, 80), (28, 18), (94, 2), (70, 42)]
current pos [(60, 80), (28, 18), (94, 2), (70, 42)]
after pos [(62, 80), (28, 16), (96, 2), (70, 40)]
│  map 6  steps=96  dist=[262.467650511497, 262.6976439647028, 293.98250379938554, 301.4333422005983]  rmse=0.0955596013
06613  cov=10.39000004529953%  iou=0.5874811463046757  [117/200]
current pos [(62, 80), (28, 16), (96, 2), (70, 40)]
after pos [(60, 80), (28, 18), (94, 2), (70, 38)]
current pos [(60, 80), (28, 18), (94, 2), (70, 38)]
after pos [(58, 80), (28, 20), (92, 2), (70, 36)]
current pos [(58, 80), (28, 20), (92, 2), (70, 36)]
after pos [(56, 80), (28, 22), (90, 2), (70, 34)]
current pos [(56, 80), (28, 22), (90, 2), (70, 34)]
after pos [(54, 80), (28, 24), (88, 2), (68, 28)]
current pos [(54, 80), (28, 24), (88, 2), (68, 28)]
after pos [(52, 80), (28, 26), (86, 2), (68, 26)]
current pos [(52, 80), (28, 26), (86, 2), (68, 26)]
after pos [(50, 80), (28, 28), (84, 2), (66, 20)]
current pos [(50, 80), (28, 28), (84, 2), (66, 20)]
after pos [(48, 80), (28, 30), (82, 2), (68, 20)]
current pos [(48, 80), (28, 30), (82, 2), (68, 20)]
after pos [(46, 80), (28, 32), (80, 2), (74, 22)]
current pos [(46, 80), (28, 32), (80, 2), (74, 22)]
after pos [(44, 80), (28, 34), (78, 2), (76, 24)]
current pos [(44, 80), (28, 34), (78, 2), (76, 24)]
after pos [(42, 80), (28, 36), (76, 2), (78, 26)]
current pos [(42, 80), (28, 36), (76, 2), (78, 26)]
after pos [(40, 80), (28, 38), (74, 2), (80, 30)]
current pos [(40, 80), (28, 38), (74, 2), (80, 30)]
after pos [(38, 80), (28, 40), (72, 2), (84, 36)]
current pos [(38, 80), (28, 40), (72, 2), (84, 36)]
after pos [(36, 80), (24, 42), (70, 2), (84, 38)]
current pos [(36, 80), (24, 42), (70, 2), (84, 38)]
after pos [(34, 80), (18, 44), (68, 2), (84, 40)]
current pos [(34, 80), (18, 44), (68, 2), (84, 40)]
after pos [(32, 80), (8, 68), (66, 2), (84, 42)]
current pos [(32, 80), (8, 68), (66, 2), (84, 42)]
after pos [(28, 82), (8, 70), (60, 0), (84, 44)]
current pos [(28, 82), (8, 70), (60, 0), (84, 44)]
after pos [(24, 84), (8, 72), (58, 0), (84, 46)]
current pos [(24, 84), (8, 72), (58, 0), (84, 46)]
after pos [(18, 88), (8, 74), (56, 0), (84, 48)]
current pos [(18, 88), (8, 74), (56, 0), (84, 48)]
after pos [(22, 90), (8, 76), (54, 0), (86, 52)]
current pos [(22, 90), (8, 76), (54, 0), (86, 52)]
after pos [(24, 90), (6, 80), (52, 2), (88, 56)]
current pos [(24, 90), (6, 80), (52, 2), (88, 56)]
after pos [(34, 96), (6, 82), (52, 4), (88, 58)]
current pos [(34, 96), (6, 82), (52, 4), (88, 58)]
after pos [(36, 96), (6, 84), (50, 8), (88, 60)]
current pos [(36, 96), (6, 84), (50, 8), (88, 60)]
after pos [(42, 94), (6, 86), (48, 12), (88, 62)]
current pos [(42, 94), (6, 86), (48, 12), (88, 62)]
after pos [(44, 96), (0, 94), (46, 14), (88, 64)]
current pos [(44, 96), (0, 94), (46, 14), (88, 64)]
after pos [(48, 94), (2, 96), (46, 16), (88, 66)]
current pos [(48, 94), (2, 96), (46, 16), (88, 66)]
after pos [(50, 92), (4, 98), (46, 18), (88, 68)]
current pos [(50, 92), (4, 98), (46, 18), (88, 68)]
after pos [(54, 94), (6, 98), (46, 20), (88, 70)]
current pos [(54, 94), (6, 98), (46, 20), (88, 70)]
after pos [(56, 94), (8, 98), (44, 26), (88, 72)]
current pos [(56, 94), (8, 98), (44, 26), (88, 72)]
after pos [(62, 92), (10, 98), (46, 28), (88, 74)]
current pos [(62, 92), (10, 98), (46, 28), (88, 74)]
after pos [(64, 92), (12, 94), (48, 32), (98, 98)]
current pos [(64, 92), (12, 94), (48, 32), (98, 98)]
after pos [(66, 92), (14, 88), (48, 34), (96, 98)]
current pos [(66, 92), (14, 88), (48, 34), (96, 98)]
after pos [(68, 92), (16, 82), (48, 36), (94, 98)]
current pos [(68, 92), (16, 82), (48, 36), (94, 98)]
after pos [(68, 90), (20, 76), (48, 38), (92, 98)]
current pos [(68, 90), (20, 76), (48, 38), (92, 98)]
after pos [(70, 84), (28, 70), (48, 40), (90, 98)]
current pos [(70, 84), (28, 70), (48, 40), (90, 98)]
after pos [(70, 82), (30, 70), (48, 42), (88, 98)]
current pos [(70, 82), (30, 70), (48, 42), (88, 98)]
after pos [(70, 80), (34, 68), (48, 44), (86, 98)]
current pos [(70, 80), (34, 68), (48, 44), (86, 98)]
after pos [(70, 78), (44, 62), (50, 50), (86, 96)]
current pos [(70, 78), (44, 62), (50, 50), (86, 96)]
after pos [(68, 76), (46, 62), (52, 50), (84, 90)]
current pos [(68, 76), (46, 62), (52, 50), (84, 90)]
after pos [(66, 74), (48, 62), (56, 52), (74, 66)]
current pos [(66, 74), (48, 62), (56, 52), (74, 66)]
after pos [(66, 72), (50, 62), (58, 52), (74, 64)]
current pos [(66, 72), (50, 62), (58, 52), (74, 64)]
after pos [(66, 70), (56, 60), (62, 50), (74, 62)]
current pos [(66, 70), (56, 60), (62, 50), (74, 62)]
after pos [(66, 68), (52, 58), (62, 48), (74, 60)]
current pos [(66, 68), (52, 58), (62, 48), (74, 60)]
after pos [(64, 68), (48, 56), (62, 46), (74, 58)]
current pos [(64, 68), (48, 56), (62, 46), (74, 58)]
after pos [(62, 68), (46, 56), (60, 44), (76, 58)]
current pos [(62, 68), (46, 56), (60, 44), (76, 58)]
after pos [(60, 68), (44, 56), (58, 42), (76, 56)]
current pos [(60, 68), (44, 56), (58, 42), (76, 56)]
after pos [(58, 68), (42, 56), (56, 38), (76, 54)]
current pos [(58, 68), (42, 56), (56, 38), (76, 54)]
after pos [(56, 68), (40, 56), (58, 32), (76, 52)]
current pos [(56, 68), (40, 56), (58, 32), (76, 52)]
after pos [(54, 68), (38, 56), (58, 30), (76, 50)]
current pos [(54, 68), (38, 56), (58, 30), (76, 50)]
after pos [(46, 74), (36, 56), (58, 28), (82, 48)]
current pos [(46, 74), (36, 56), (58, 28), (82, 48)]
after pos [(44, 74), (38, 52), (58, 26), (86, 48)]
current pos [(44, 74), (38, 52), (58, 26), (86, 48)]
after pos [(42, 74), (38, 50), (60, 26), (88, 48)]
current pos [(42, 74), (38, 50), (60, 26), (88, 48)]
after pos [(34, 74), (38, 48), (60, 24), (90, 44)]
current pos [(34, 74), (38, 48), (60, 24), (90, 44)]
after pos [(24, 50), (38, 46), (60, 22), (92, 40)]
current pos [(24, 50), (38, 46), (60, 22), (92, 40)]
after pos [(22, 48), (38, 44), (60, 20), (92, 38)]
current pos [(22, 48), (38, 44), (60, 20), (92, 38)]
after pos [(18, 40), (38, 42), (60, 18), (92, 36)]
current pos [(18, 40), (38, 42), (60, 18), (92, 36)]
after pos [(16, 36), (38, 40), (60, 16), (92, 34)]
current pos [(16, 36), (38, 40), (60, 16), (92, 34)]
after pos [(14, 32), (36, 40), (62, 14), (92, 32)]
current pos [(14, 32), (36, 40), (62, 14), (92, 32)]
after pos [(12, 28), (36, 38), (64, 14), (92, 30)]
current pos [(12, 28), (36, 38), (64, 14), (92, 30)]
after pos [(10, 24), (36, 36), (66, 14), (92, 28)]
current pos [(10, 24), (36, 36), (66, 14), (92, 28)]
after pos [(0, 0), (36, 34), (68, 14), (92, 26)]
current pos [(0, 0), (36, 34), (68, 14), (92, 26)]
after pos [(2, 0), (36, 32), (70, 14), (92, 24)]
current pos [(2, 0), (36, 32), (70, 14), (92, 24)]
after pos [(4, 0), (36, 30), (72, 14), (92, 22)]
current pos [(4, 0), (36, 30), (72, 14), (92, 22)]
after pos [(6, 0), (36, 28), (74, 14), (92, 20)]
current pos [(6, 0), (36, 28), (74, 14), (92, 20)]
after pos [(8, 0), (36, 26), (76, 14), (92, 18)]
current pos [(8, 0), (36, 26), (76, 14), (92, 18)]
after pos [(10, 0), (36, 24), (78, 14), (92, 16)]
current pos [(10, 0), (36, 24), (78, 14), (92, 16)]
after pos [(12, 0), (36, 22), (80, 12), (90, 16)]
current pos [(12, 0), (36, 22), (80, 12), (90, 16)]
after pos [(14, 0), (36, 20), (82, 10), (88, 18)]
current pos [(14, 0), (36, 20), (82, 10), (88, 18)]
after pos [(16, 0), (36, 18), (84, 10), (86, 18)]
current pos [(16, 0), (36, 18), (84, 10), (86, 18)]
after pos [(18, 0), (36, 16), (86, 10), (86, 20)]
current pos [(18, 0), (36, 16), (86, 10), (86, 20)]
after pos [(20, 0), (34, 12), (88, 10), (86, 22)]
current pos [(20, 0), (34, 12), (88, 10), (86, 22)]
after pos [(22, 0), (36, 10), (90, 10), (86, 30)]
current pos [(22, 0), (36, 10), (90, 10), (86, 30)]
after pos [(24, 0), (32, 10), (92, 10), (86, 32)]
current pos [(24, 0), (32, 10), (92, 10), (86, 32)]
after pos [(26, 0), (30, 10), (94, 10), (88, 34)]
current pos [(26, 0), (30, 10), (94, 10), (88, 34)]
after pos [(28, 0), (28, 10), (94, 12), (90, 36)]
current pos [(28, 0), (28, 10), (94, 12), (90, 36)]
after pos [(30, 0), (26, 10), (96, 14), (94, 42)]
current pos [(30, 0), (26, 10), (96, 14), (94, 42)]
after pos [(32, 0), (24, 10), (96, 16), (96, 44)]
current pos [(32, 0), (24, 10), (96, 16), (96, 44)]
after pos [(34, 0), (22, 12), (96, 18), (98, 46)]
current pos [(34, 0), (22, 12), (96, 18), (98, 46)]
after pos [(36, 0), (20, 12), (98, 18), (98, 48)]
current pos [(36, 0), (20, 12), (98, 18), (98, 48)]
after pos [(38, 0), (18, 12), (98, 20), (98, 50)]
current pos [(38, 0), (18, 12), (98, 20), (98, 50)]
after pos [(40, 0), (18, 14), (98, 22), (98, 52)]
current pos [(40, 0), (18, 14), (98, 22), (98, 52)]
after pos [(42, 0), (16, 16), (98, 24), (98, 54)]
current pos [(42, 0), (16, 16), (98, 24), (98, 54)]
after pos [(42, 2), (16, 18), (98, 38), (98, 56)]
current pos [(42, 2), (16, 18), (98, 38), (98, 56)]
after pos [(42, 4), (14, 20), (98, 40), (98, 58)]
current pos [(42, 4), (14, 20), (98, 40), (98, 58)]
after pos [(42, 12), (12, 22), (94, 46), (98, 60)]
current pos [(42, 12), (12, 22), (94, 46), (98, 60)]
after pos [(44, 10), (8, 26), (94, 48), (98, 62)]
│  map 7  steps=85  dist=[300.0107305551013, 273.40415938467794, 226.79798368498817, 276.204651351761]  rmse=0.057171475
61601299  cov=10.040000081062317%  iou=0.5899843505477308  [118/200]
current pos [(44, 10), (8, 26), (94, 48), (98, 62)]
after pos [(46, 10), (8, 28), (92, 48), (96, 62)]
current pos [(46, 10), (8, 28), (92, 48), (96, 62)]
after pos [(48, 10), (8, 30), (90, 48), (94, 62)]
current pos [(48, 10), (8, 30), (90, 48), (94, 62)]
after pos [(50, 10), (8, 32), (88, 48), (92, 62)]
current pos [(50, 10), (8, 32), (88, 48), (92, 62)]
after pos [(50, 12), (8, 34), (86, 48), (92, 64)]
current pos [(50, 12), (8, 34), (86, 48), (92, 64)]
after pos [(50, 14), (8, 36), (84, 48), (92, 66)]
current pos [(50, 14), (8, 36), (84, 48), (92, 66)]
after pos [(50, 16), (8, 38), (82, 48), (92, 68)]
current pos [(50, 16), (8, 38), (82, 48), (92, 68)]
after pos [(52, 16), (8, 40), (82, 46), (92, 70)]
current pos [(52, 16), (8, 40), (82, 46), (92, 70)]
after pos [(54, 16), (8, 42), (82, 44), (92, 72)]
current pos [(54, 16), (8, 42), (82, 44), (92, 72)]
after pos [(56, 16), (8, 44), (82, 42), (92, 74)]
current pos [(56, 16), (8, 44), (82, 42), (92, 74)]
after pos [(58, 16), (8, 46), (82, 40), (90, 74)]
current pos [(58, 16), (8, 46), (82, 40), (90, 74)]
after pos [(60, 16), (8, 48), (82, 38), (88, 74)]
current pos [(60, 16), (8, 48), (82, 38), (88, 74)]
after pos [(62, 16), (8, 50), (82, 36), (86, 74)]
current pos [(62, 16), (8, 50), (82, 36), (86, 74)]
after pos [(68, 14), (8, 52), (84, 30), (84, 74)]
current pos [(68, 14), (8, 52), (84, 30), (84, 74)]
after pos [(74, 12), (8, 54), (86, 26), (82, 74)]
current pos [(74, 12), (8, 54), (86, 26), (82, 74)]
after pos [(76, 10), (8, 56), (88, 22), (80, 74)]
current pos [(76, 10), (8, 56), (88, 22), (80, 74)]
after pos [(78, 8), (8, 58), (88, 20), (78, 74)]
current pos [(78, 8), (8, 58), (88, 20), (78, 74)]
after pos [(84, 4), (8, 60), (90, 18), (76, 74)]
current pos [(84, 4), (8, 60), (90, 18), (76, 74)]
after pos [(80, 2), (8, 62), (90, 16), (74, 74)]
current pos [(80, 2), (8, 62), (90, 16), (74, 74)]
after pos [(78, 2), (8, 64), (92, 12), (72, 74)]
current pos [(78, 2), (8, 64), (92, 12), (72, 74)]
after pos [(78, 0), (8, 66), (94, 8), (70, 74)]
current pos [(78, 0), (8, 66), (94, 8), (70, 74)]
after pos [(76, 0), (8, 68), (96, 10), (68, 74)]
current pos [(76, 0), (8, 68), (96, 10), (68, 74)]
after pos [(74, 0), (8, 70), (96, 12), (66, 74)]
current pos [(74, 0), (8, 70), (96, 12), (66, 74)]
after pos [(72, 0), (8, 72), (98, 14), (64, 74)]
current pos [(72, 0), (8, 72), (98, 14), (64, 74)]
after pos [(70, 0), (8, 74), (98, 16), (62, 74)]
current pos [(70, 0), (8, 74), (98, 16), (62, 74)]
after pos [(68, 0), (10, 74), (98, 18), (60, 74)]
current pos [(68, 0), (10, 74), (98, 18), (60, 74)]
after pos [(66, 0), (12, 74), (98, 20), (58, 74)]
current pos [(66, 0), (12, 74), (98, 20), (58, 74)]
after pos [(64, 0), (14, 74), (98, 22), (56, 74)]
current pos [(64, 0), (14, 74), (98, 22), (56, 74)]
after pos [(62, 0), (38, 84), (98, 24), (56, 72)]
current pos [(62, 0), (38, 84), (98, 24), (56, 72)]
after pos [(60, 0), (38, 82), (98, 26), (56, 70)]
current pos [(60, 0), (38, 82), (98, 26), (56, 70)]
after pos [(58, 0), (38, 80), (98, 28), (56, 68)]
current pos [(58, 0), (38, 80), (98, 28), (56, 68)]
after pos [(56, 0), (38, 78), (98, 30), (56, 66)]
current pos [(56, 0), (38, 78), (98, 30), (56, 66)]
after pos [(54, 0), (38, 76), (98, 32), (56, 64)]
current pos [(54, 0), (38, 76), (98, 32), (56, 64)]
after pos [(52, 0), (38, 74), (96, 32), (56, 62)]
current pos [(52, 0), (38, 74), (96, 32), (56, 62)]
after pos [(50, 0), (38, 72), (94, 32), (56, 60)]
current pos [(50, 0), (38, 72), (94, 32), (56, 60)]
after pos [(48, 0), (38, 70), (92, 32), (56, 58)]
current pos [(48, 0), (38, 70), (92, 32), (56, 58)]
after pos [(46, 0), (38, 68), (90, 32), (56, 56)]
current pos [(46, 0), (38, 68), (90, 32), (56, 56)]
after pos [(44, 0), (38, 66), (88, 32), (50, 54)]
current pos [(44, 0), (38, 66), (88, 32), (50, 54)]
after pos [(42, 0), (34, 60), (86, 32), (42, 52)]
current pos [(42, 0), (34, 60), (86, 32), (42, 52)]
after pos [(40, 0), (32, 58), (82, 30), (40, 48)]
current pos [(40, 0), (32, 58), (82, 30), (40, 48)]
after pos [(38, 0), (32, 56), (76, 32), (38, 44)]
current pos [(38, 0), (32, 56), (76, 32), (38, 44)]
after pos [(36, 0), (32, 54), (74, 34), (38, 42)]
current pos [(36, 0), (32, 54), (74, 34), (38, 42)]
after pos [(34, 0), (30, 48), (72, 34), (36, 36)]
current pos [(34, 0), (30, 48), (72, 34), (36, 36)]
after pos [(32, 0), (28, 42), (66, 36), (34, 34)]
current pos [(32, 0), (28, 42), (66, 36), (34, 34)]
after pos [(30, 0), (26, 36), (68, 40), (32, 32)]
current pos [(30, 0), (26, 36), (68, 40), (32, 32)]
after pos [(28, 0), (24, 34), (70, 42), (30, 30)]
current pos [(28, 0), (24, 34), (70, 42), (30, 30)]
after pos [(26, 0), (22, 30), (72, 44), (28, 26)]
current pos [(26, 0), (22, 30), (72, 44), (28, 26)]
after pos [(24, 0), (20, 24), (74, 46), (22, 18)]
current pos [(24, 0), (20, 24), (74, 46), (22, 18)]
after pos [(22, 0), (14, 16), (74, 48), (18, 16)]
current pos [(22, 0), (14, 16), (74, 48), (18, 16)]
after pos [(20, 0), (12, 14), (74, 50), (16, 14)]
current pos [(20, 0), (12, 14), (74, 50), (16, 14)]
after pos [(18, 0), (10, 12), (74, 52), (8, 8)]
current pos [(18, 0), (10, 12), (74, 52), (8, 8)]
after pos [(16, 0), (14, 10), (72, 52), (10, 6)]
current pos [(16, 0), (14, 10), (72, 52), (10, 6)]
after pos [(14, 0), (20, 8), (68, 50), (12, 6)]
current pos [(14, 0), (20, 8), (68, 50), (12, 6)]
after pos [(12, 0), (28, 14), (66, 50), (14, 6)]
current pos [(12, 0), (28, 14), (66, 50), (14, 6)]
after pos [(10, 0), (36, 20), (64, 48), (10, 4)]
current pos [(10, 0), (36, 20), (64, 48), (10, 4)]
after pos [(8, 0), (44, 26), (56, 42), (8, 2)]
current pos [(8, 0), (44, 26), (56, 42), (8, 2)]
after pos [(6, 4), (46, 26), (56, 40), (6, 6)]
current pos [(6, 4), (46, 26), (56, 40), (6, 6)]
after pos [(0, 12), (48, 26), (56, 38), (6, 8)]
current pos [(0, 12), (48, 26), (56, 38), (6, 8)]
after pos [(0, 14), (50, 26), (56, 36), (6, 10)]
current pos [(0, 14), (50, 26), (56, 36), (6, 10)]
after pos [(0, 16), (52, 26), (54, 34), (6, 12)]
current pos [(0, 16), (52, 26), (54, 34), (6, 12)]
after pos [(0, 18), (54, 26), (52, 34), (6, 14)]
current pos [(0, 18), (54, 26), (52, 34), (6, 14)]
after pos [(0, 20), (56, 26), (50, 34), (4, 16)]
current pos [(0, 20), (56, 26), (50, 34), (4, 16)]
after pos [(0, 22), (58, 26), (52, 32), (2, 22)]
current pos [(0, 22), (58, 26), (52, 32), (2, 22)]
after pos [(0, 24), (60, 26), (56, 30), (2, 24)]
current pos [(0, 24), (60, 26), (56, 30), (2, 24)]
after pos [(0, 26), (62, 26), (80, 20), (2, 26)]
current pos [(0, 26), (62, 26), (80, 20), (2, 26)]
after pos [(0, 28), (60, 24), (82, 16), (2, 28)]
current pos [(0, 28), (60, 24), (82, 16), (2, 28)]
after pos [(0, 30), (56, 22), (84, 12), (2, 30)]
current pos [(0, 30), (56, 22), (84, 12), (2, 30)]
after pos [(0, 32), (54, 22), (86, 12), (2, 32)]
current pos [(0, 32), (54, 22), (86, 12), (2, 32)]
after pos [(0, 34), (52, 22), (88, 10), (2, 34)]
current pos [(0, 34), (52, 22), (88, 10), (2, 34)]
after pos [(0, 36), (48, 20), (88, 8), (2, 36)]
current pos [(0, 36), (48, 20), (88, 8), (2, 36)]
after pos [(0, 38), (46, 18), (88, 6), (2, 38)]
current pos [(0, 38), (46, 18), (88, 6), (2, 38)]
after pos [(0, 40), (44, 16), (90, 4), (0, 42)]
current pos [(0, 40), (44, 16), (90, 4), (0, 42)]
after pos [(0, 44), (40, 14), (92, 0), (0, 46)]
current pos [(0, 44), (40, 14), (92, 0), (0, 46)]
after pos [(0, 48), (36, 12), (94, 2), (0, 50)]
current pos [(0, 48), (36, 12), (94, 2), (0, 50)]
after pos [(0, 52), (34, 10), (98, 0), (0, 54)]
current pos [(0, 52), (34, 10), (98, 0), (0, 54)]
after pos [(0, 56), (32, 10), (98, 2), (0, 58)]
current pos [(0, 56), (32, 10), (98, 2), (0, 58)]
after pos [(0, 60), (28, 8), (98, 8), (0, 62)]
current pos [(0, 60), (28, 8), (98, 8), (0, 62)]
after pos [(0, 64), (30, 6), (98, 10), (0, 66)]
current pos [(0, 64), (30, 6), (98, 10), (0, 66)]
after pos [(0, 68), (32, 6), (96, 16), (0, 70)]
current pos [(0, 68), (32, 6), (96, 16), (0, 70)]
after pos [(0, 72), (34, 6), (94, 20), (0, 74)]
current pos [(0, 72), (34, 6), (94, 20), (0, 74)]
after pos [(0, 76), (36, 6), (92, 22), (2, 78)]
current pos [(0, 76), (36, 6), (92, 22), (2, 78)]
after pos [(0, 78), (38, 6), (92, 24), (2, 80)]
current pos [(0, 78), (38, 6), (92, 24), (2, 80)]
after pos [(0, 80), (40, 6), (94, 30), (4, 86)]
current pos [(0, 80), (40, 6), (94, 30), (4, 86)]
after pos [(0, 82), (42, 6), (94, 34), (8, 88)]
current pos [(0, 82), (42, 6), (94, 34), (8, 88)]
after pos [(0, 84), (44, 6), (96, 36), (14, 90)]
current pos [(0, 84), (44, 6), (96, 36), (14, 90)]
after pos [(0, 86), (46, 6), (96, 38), (16, 92)]
current pos [(0, 86), (46, 6), (96, 38), (16, 92)]
after pos [(0, 88), (50, 4), (96, 40), (20, 94)]
current pos [(0, 88), (50, 4), (96, 40), (20, 94)]
after pos [(0, 90), (52, 6), (96, 42), (22, 94)]
current pos [(0, 90), (52, 6), (96, 42), (22, 94)]
after pos [(2, 94), (54, 6), (90, 50), (24, 94)]
current pos [(2, 94), (54, 6), (90, 50), (24, 94)]
after pos [(4, 96), (56, 6), (84, 58), (26, 94)]
current pos [(4, 96), (56, 6), (84, 58), (26, 94)]
after pos [(6, 98), (58, 6), (82, 60), (28, 96)]
│  map 8  steps=90  dist=[230.590329555585, 290.8952380400703, 301.0153780126173, 272.0461915256306]  rmse=0.09679175634
29721  cov=9.769999980926514%  iou=0.6726907630522089  [119/200]
current pos [(6, 98), (58, 6), (82, 60), (28, 96)]
after pos [(8, 98), (56, 6), (80, 60), (28, 94)]
current pos [(8, 98), (56, 6), (80, 60), (28, 94)]
after pos [(10, 98), (54, 6), (78, 60), (28, 92)]
current pos [(10, 98), (54, 6), (78, 60), (28, 92)]
after pos [(12, 98), (52, 6), (76, 60), (28, 90)]
current pos [(12, 98), (52, 6), (76, 60), (28, 90)]
after pos [(12, 96), (52, 8), (76, 62), (28, 88)]
current pos [(12, 96), (52, 8), (76, 62), (28, 88)]
after pos [(12, 94), (52, 10), (76, 64), (28, 86)]
current pos [(12, 94), (52, 10), (76, 64), (28, 86)]
after pos [(12, 92), (52, 12), (76, 66), (28, 84)]
current pos [(12, 92), (52, 12), (76, 66), (28, 84)]
after pos [(12, 90), (52, 14), (76, 68), (28, 82)]
current pos [(12, 90), (52, 14), (76, 68), (28, 82)]
after pos [(12, 88), (52, 16), (76, 70), (28, 80)]
current pos [(12, 88), (52, 16), (76, 70), (28, 80)]
after pos [(12, 86), (52, 18), (76, 72), (28, 78)]
current pos [(12, 86), (52, 18), (76, 72), (28, 78)]
after pos [(12, 84), (50, 18), (74, 72), (28, 76)]
current pos [(12, 84), (50, 18), (74, 72), (28, 76)]
after pos [(12, 82), (48, 18), (72, 72), (28, 74)]
current pos [(12, 82), (48, 18), (72, 72), (28, 74)]
after pos [(12, 80), (46, 18), (70, 72), (28, 72)]
current pos [(12, 80), (46, 18), (70, 72), (28, 72)]
after pos [(12, 78), (44, 18), (68, 76), (28, 70)]
current pos [(12, 78), (44, 18), (68, 76), (28, 70)]
after pos [(12, 76), (42, 18), (66, 78), (28, 68)]
current pos [(12, 76), (42, 18), (66, 78), (28, 68)]
after pos [(12, 74), (40, 18), (70, 80), (28, 66)]
current pos [(12, 74), (40, 18), (70, 80), (28, 66)]
after pos [(12, 72), (38, 18), (76, 82), (28, 64)]
current pos [(12, 72), (38, 18), (76, 82), (28, 64)]
after pos [(12, 70), (36, 18), (78, 84), (28, 62)]
current pos [(12, 70), (36, 18), (78, 84), (28, 62)]
after pos [(12, 68), (34, 18), (82, 86), (28, 60)]
current pos [(12, 68), (34, 18), (82, 86), (28, 60)]
after pos [(12, 66), (32, 18), (74, 92), (32, 58)]
current pos [(12, 66), (32, 18), (74, 92), (32, 58)]
after pos [(12, 64), (30, 18), (72, 92), (36, 56)]
current pos [(12, 64), (30, 18), (72, 92), (36, 56)]
after pos [(12, 62), (28, 18), (66, 94), (40, 54)]
current pos [(12, 62), (28, 18), (66, 94), (40, 54)]
after pos [(12, 60), (20, 16), (64, 94), (48, 52)]
current pos [(12, 60), (20, 16), (64, 94), (48, 52)]
after pos [(12, 58), (20, 18), (62, 94), (48, 54)]
current pos [(12, 58), (20, 18), (62, 94), (48, 54)]
after pos [(12, 56), (20, 20), (60, 94), (48, 56)]
current pos [(12, 56), (20, 20), (60, 94), (48, 56)]
after pos [(12, 54), (20, 22), (58, 92), (48, 58)]
current pos [(12, 54), (20, 22), (58, 92), (48, 58)]
after pos [(10, 48), (22, 28), (56, 90), (46, 60)]
current pos [(10, 48), (22, 28), (56, 90), (46, 60)]
after pos [(8, 40), (30, 30), (54, 86), (44, 64)]
current pos [(8, 40), (30, 30), (54, 86), (44, 64)]
after pos [(6, 36), (32, 32), (52, 82), (42, 66)]
current pos [(6, 36), (32, 32), (52, 82), (42, 66)]
after pos [(4, 32), (38, 34), (54, 78), (40, 68)]
current pos [(4, 32), (38, 34), (54, 78), (40, 68)]
after pos [(4, 30), (40, 34), (54, 76), (40, 70)]
current pos [(4, 30), (40, 34), (54, 76), (40, 70)]
after pos [(4, 28), (42, 34), (56, 70), (40, 72)]
current pos [(4, 28), (42, 34), (56, 70), (40, 72)]
after pos [(2, 22), (44, 34), (58, 64), (40, 74)]
current pos [(2, 22), (44, 34), (58, 64), (40, 74)]
after pos [(0, 20), (46, 34), (60, 60), (40, 76)]
current pos [(0, 20), (46, 34), (60, 60), (40, 76)]
after pos [(0, 18), (48, 34), (60, 58), (42, 76)]
current pos [(0, 18), (48, 34), (60, 58), (42, 76)]
after pos [(2, 14), (50, 34), (68, 48), (42, 78)]
current pos [(2, 14), (50, 34), (68, 48), (42, 78)]
after pos [(10, 8), (54, 32), (70, 44), (42, 80)]
current pos [(10, 8), (54, 32), (70, 44), (42, 80)]
after pos [(12, 6), (60, 30), (72, 40), (42, 82)]
current pos [(12, 6), (60, 30), (72, 40), (42, 82)]
after pos [(14, 6), (84, 20), (82, 16), (42, 84)]
current pos [(14, 6), (84, 20), (82, 16), (42, 84)]
after pos [(20, 4), (86, 22), (88, 26), (42, 86)]
current pos [(20, 4), (86, 22), (88, 26), (42, 86)]
after pos [(26, 6), (90, 28), (88, 28), (44, 86)]
current pos [(26, 6), (90, 28), (88, 28), (44, 86)]
after pos [(28, 6), (92, 32), (90, 34), (44, 88)]
current pos [(28, 6), (92, 32), (90, 34), (44, 88)]
after pos [(30, 6), (94, 36), (92, 38), (44, 90)]
current pos [(30, 6), (94, 36), (92, 38), (44, 90)]
after pos [(34, 4), (96, 38), (92, 40), (42, 92)]
current pos [(34, 4), (96, 38), (92, 40), (42, 92)]
after pos [(36, 2), (96, 40), (94, 42), (40, 94)]
current pos [(36, 2), (96, 40), (94, 42), (40, 94)]
after pos [(38, 2), (96, 42), (94, 44), (42, 96)]
current pos [(38, 2), (96, 42), (94, 44), (42, 96)]
after pos [(40, 2), (96, 44), (94, 46), (44, 96)]
current pos [(40, 2), (96, 44), (94, 46), (44, 96)]
after pos [(42, 2), (96, 46), (94, 48), (46, 98)]
current pos [(42, 2), (96, 46), (94, 48), (46, 98)]
after pos [(44, 2), (96, 48), (96, 50), (48, 98)]
current pos [(44, 2), (96, 48), (96, 50), (48, 98)]
after pos [(46, 2), (96, 52), (96, 54), (50, 98)]
current pos [(46, 2), (96, 52), (96, 54), (50, 98)]
after pos [(48, 2), (98, 60), (96, 56), (52, 98)]
current pos [(48, 2), (98, 60), (96, 56), (52, 98)]
after pos [(48, 0), (98, 62), (94, 62), (54, 98)]
current pos [(48, 0), (98, 62), (94, 62), (54, 98)]
after pos [(50, 0), (98, 64), (96, 64), (56, 98)]
current pos [(50, 0), (98, 64), (96, 64), (56, 98)]
after pos [(52, 0), (98, 66), (98, 68), (58, 98)]
current pos [(52, 0), (98, 66), (98, 68), (58, 98)]
after pos [(54, 0), (98, 70), (98, 72), (60, 98)]
current pos [(54, 0), (98, 70), (98, 72), (60, 98)]
after pos [(56, 0), (98, 74), (98, 76), (62, 98)]
current pos [(56, 0), (98, 74), (98, 76), (62, 98)]
after pos [(58, 0), (98, 78), (98, 80), (64, 98)]
current pos [(58, 0), (98, 78), (98, 80), (64, 98)]
after pos [(60, 0), (96, 82), (98, 82), (66, 98)]
current pos [(60, 0), (96, 82), (98, 82), (66, 98)]
after pos [(62, 0), (96, 84), (98, 84), (68, 98)]
current pos [(62, 0), (96, 84), (98, 84), (68, 98)]
after pos [(64, 0), (96, 86), (98, 86), (70, 98)]
current pos [(64, 0), (96, 86), (98, 86), (70, 98)]
after pos [(66, 0), (94, 88), (98, 88), (72, 98)]
current pos [(66, 0), (94, 88), (98, 88), (72, 98)]
after pos [(68, 0), (94, 90), (96, 92), (74, 98)]
current pos [(68, 0), (94, 90), (96, 92), (74, 98)]
after pos [(70, 0), (84, 66), (98, 94), (76, 98)]
current pos [(70, 0), (84, 66), (98, 94), (76, 98)]
after pos [(72, 0), (86, 62), (96, 96), (78, 98)]
current pos [(72, 0), (86, 62), (96, 96), (78, 98)]
after pos [(74, 0), (86, 60), (94, 98), (80, 98)]
current pos [(74, 0), (86, 60), (94, 98), (80, 98)]
after pos [(76, 0), (84, 56), (92, 98), (82, 98)]
current pos [(76, 0), (84, 56), (92, 98), (82, 98)]
after pos [(78, 0), (82, 50), (88, 96), (84, 96)]
current pos [(78, 0), (82, 50), (88, 96), (84, 96)]
after pos [(80, 0), (82, 48), (88, 94), (86, 90)]
current pos [(80, 0), (82, 48), (88, 94), (86, 90)]
after pos [(82, 2), (82, 46), (88, 92), (86, 88)]
current pos [(82, 2), (82, 46), (88, 92), (86, 88)]
after pos [(84, 4), (82, 44), (86, 92), (86, 86)]
current pos [(84, 4), (82, 44), (86, 92), (86, 86)]
after pos [(82, 6), (80, 44), (82, 90), (86, 84)]
current pos [(82, 6), (80, 44), (82, 90), (86, 84)]
after pos [(76, 10), (78, 44), (74, 88), (84, 82)]
current pos [(76, 10), (78, 44), (74, 88), (84, 82)]
after pos [(78, 12), (76, 44), (72, 86), (80, 74)]
current pos [(78, 12), (76, 44), (72, 86), (80, 74)]
after pos [(80, 10), (74, 44), (70, 86), (80, 72)]
current pos [(80, 10), (74, 44), (70, 86), (80, 72)]
after pos [(82, 12), (72, 44), (68, 84), (80, 64)]
current pos [(82, 12), (72, 44), (68, 84), (80, 64)]
after pos [(88, 14), (68, 44), (68, 82), (78, 62)]
current pos [(88, 14), (68, 44), (68, 82), (78, 62)]
after pos [(90, 12), (66, 44), (66, 82), (74, 62)]
current pos [(90, 12), (66, 44), (66, 82), (74, 62)]
after pos [(90, 10), (64, 44), (64, 82), (72, 64)]
current pos [(90, 10), (64, 44), (64, 82), (72, 64)]
after pos [(92, 6), (62, 44), (62, 80), (64, 66)]
current pos [(92, 6), (62, 44), (62, 80), (64, 66)]
after pos [(94, 8), (60, 44), (64, 74), (56, 54)]
│  map 9  steps=79  dist=[220.55346855105302, 275.3944818149631, 300.3657067498435, 221.18469702686886]  rmse=0.08602887
952339892  cov=9.189999848604202%  iou=0.6977611940298507  [120/200]
└─ done

┌─ model=edl  policy=myopic_greedy
current pos [[50, 50], [60, 50], [50, 60], [60, 60]]
after pos [(20, 50), (30, 50), (20, 60), (30, 60)]
current pos [(20, 50), (30, 50), (20, 60), (30, 60)]
after pos [(19, 21), (21, 22), (8, 87), (8, 79)]
current pos [(19, 21), (21, 22), (8, 87), (8, 79)]
after pos [(12, 9), (20, 9), (22, 64), (23, 56)]
current pos [(12, 9), (20, 9), (22, 64), (23, 56)]
after pos [(16, 9), (18, 10), (22, 34), (16, 27)]
current pos [(16, 9), (18, 10), (22, 34), (16, 27)]
after pos [(10, 10), (16, 12), (18, 14), (18, 12)]
current pos [(10, 10), (16, 12), (18, 14), (18, 12)]
after pos [(8, 12), (12, 13), (10, 12), (8, 15)]
current pos [(8, 12), (12, 13), (10, 12), (8, 15)]
after pos [(12, 16), (14, 16), (8, 9), (14, 18)]
current pos [(12, 16), (14, 16), (8, 9), (14, 18)]
after pos [(22, 9), (10, 18), (23, 11), (8, 19)]
current pos [(22, 9), (10, 18), (23, 11), (8, 19)]
after pos [(24, 9), (23, 13), (23, 15), (26, 9)]
current pos [(24, 9), (23, 13), (23, 15), (26, 9)]
after pos [(12, 20), (14, 20), (23, 17), (25, 13)]
current pos [(12, 20), (14, 20), (23, 17), (25, 13)]
after pos [(18, 8), (25, 15), (10, 22), (28, 9)]
current pos [(18, 8), (25, 15), (10, 22), (28, 9)]
after pos [(23, 19), (25, 18), (15, 22), (8, 23)]
current pos [(23, 19), (25, 18), (15, 22), (8, 23)]
after pos [(27, 15), (29, 11), (30, 9), (28, 13)]
current pos [(27, 15), (29, 11), (30, 9), (28, 13)]
after pos [(10, 25), (23, 21), (12, 24), (14, 24)]
current pos [(10, 25), (23, 21), (12, 24), (14, 24)]
after pos [(27, 19), (30, 13), (29, 16), (24, 23)]
current pos [(27, 19), (30, 13), (29, 16), (24, 23)]
after pos [(31, 11), (31, 15), (10, 27), (12, 27)]
current pos [(31, 11), (31, 15), (10, 27), (12, 27)]
after pos [(32, 9), (26, 22), (32, 13), (34, 10)]
current pos [(32, 9), (26, 22), (32, 13), (34, 10)]
after pos [(10, 29), (8, 27), (34, 13), (12, 7)]
│  map 0  steps=18  dist=[231.78272513377144, 190.00200589774366, 300.8811567677028, 321.722948696178]  rmse=0.009874737
160484105  cov=5.909999832510948%  iou=0.9155124653739612  [121/200]
current pos [(10, 29), (8, 27), (34, 13), (12, 7)]
after pos [(1, 1), (1, 3), (4, 13), (1, 5)]
current pos [(1, 1), (1, 3), (4, 13), (1, 5)]
after pos [(14, 28), (13, 30), (10, 42), (10, 33)]
current pos [(14, 28), (13, 30), (10, 42), (10, 33)]
after pos [(8, 57), (8, 59), (8, 71), (8, 61)]
current pos [(8, 57), (8, 59), (8, 71), (8, 61)]
after pos [(8, 75), (35, 62), (8, 73), (38, 61)]
current pos [(8, 75), (35, 62), (8, 73), (38, 61)]
after pos [(11, 65), (11, 57), (35, 65), (11, 63)]
current pos [(11, 65), (11, 57), (35, 65), (11, 63)]
after pos [(39, 65), (37, 64), (46, 50), (40, 63)]
current pos [(39, 65), (37, 64), (46, 50), (40, 63)]
after pos [(36, 67), (42, 66), (38, 67), (40, 67)]
current pos [(36, 67), (42, 66), (38, 67), (40, 67)]
after pos [(34, 59), (44, 67), (36, 59), (43, 69)]
current pos [(34, 59), (44, 67), (36, 59), (43, 69)]
after pos [(43, 64), (44, 62), (45, 64), (32, 59)]
current pos [(43, 64), (44, 62), (45, 64), (32, 59)]
after pos [(47, 67), (36, 57), (45, 60), (8, 77)]
current pos [(47, 67), (36, 57), (45, 60), (8, 77)]
after pos [(48, 65), (11, 55), (39, 69), (8, 79)]
current pos [(48, 65), (11, 55), (39, 69), (8, 79)]
after pos [(46, 70), (12, 69), (48, 63), (11, 53)]
current pos [(46, 70), (12, 69), (48, 63), (11, 53)]
after pos [(42, 71), (40, 71), (45, 58), (34, 68)]
current pos [(42, 71), (40, 71), (45, 58), (34, 68)]
after pos [(49, 50), (50, 69), (50, 66), (48, 71)]
current pos [(49, 50), (50, 69), (50, 66), (48, 71)]
after pos [(49, 60), (50, 62), (50, 58), (50, 54)]
current pos [(49, 60), (50, 62), (50, 58), (50, 54)]
after pos [(52, 63), (52, 67), (47, 48), (52, 65)]
│  map 1  steps=16  dist=[220.7023381523173, 274.40702884069447, 234.11308322468926, 305.45512149808087]  rmse=0.0220491
35649538046  cov=7.029999792575836%  iou=0.8693035253654342  [122/200]
current pos [(52, 63), (52, 67), (47, 48), (52, 65)]
after pos [(22, 63), (22, 67), (17, 48), (22, 65)]
current pos [(22, 63), (22, 67), (17, 48), (22, 65)]
after pos [(8, 75), (8, 79), (8, 71), (8, 83)]
current pos [(8, 75), (8, 79), (8, 71), (8, 83)]
after pos [(8, 87), (8, 63), (8, 65), (8, 85)]
current pos [(8, 87), (8, 63), (8, 65), (8, 85)]
after pos [(8, 61), (10, 84), (11, 69), (10, 86)]
current pos [(8, 61), (10, 84), (11, 69), (10, 86)]
after pos [(8, 59), (9, 89), (10, 61), (12, 81)]
current pos [(8, 59), (9, 89), (10, 61), (12, 81)]
after pos [(11, 88), (34, 78), (9, 57), (38, 78)]
current pos [(11, 88), (34, 78), (9, 57), (38, 78)]
after pos [(38, 81), (60, 64), (8, 55), (62, 62)]
current pos [(38, 81), (60, 64), (8, 55), (62, 62)]
after pos [(62, 66), (60, 67), (10, 55), (60, 69)]
current pos [(62, 66), (60, 67), (10, 55), (60, 69)]
after pos [(63, 69), (64, 67), (26, 74), (60, 71)]
current pos [(63, 69), (64, 67), (26, 74), (60, 71)]
after pos [(64, 65), (63, 71), (56, 74), (60, 61)]
current pos [(64, 65), (63, 71), (56, 74), (60, 61)]
after pos [(64, 63), (62, 74), (64, 73), (60, 74)]
current pos [(64, 63), (62, 74), (64, 73), (60, 74)]
after pos [(58, 71), (67, 67), (62, 60), (66, 70)]
current pos [(58, 71), (67, 67), (62, 60), (66, 70)]
after pos [(64, 61), (64, 75), (62, 76), (59, 76)]
current pos [(64, 61), (64, 75), (62, 76), (59, 76)]
after pos [(66, 64), (67, 75), (67, 73), (64, 77)]
current pos [(66, 64), (67, 75), (67, 73), (64, 77)]
after pos [(68, 71), (58, 78), (54, 77), (58, 62)]
current pos [(68, 71), (58, 78), (54, 77), (58, 62)]
after pos [(52, 79), (56, 72), (66, 78), (69, 76)]
current pos [(52, 79), (56, 72), (66, 78), (69, 76)]
after pos [(51, 76), (69, 67), (50, 78), (69, 73)]
current pos [(51, 76), (69, 67), (50, 78), (69, 73)]
after pos [(60, 59), (58, 60), (54, 80), (56, 63)]
current pos [(60, 59), (58, 60), (54, 80), (56, 63)]
after pos [(67, 62), (48, 79), (56, 80), (58, 80)]
current pos [(67, 62), (48, 79), (56, 80), (58, 80)]
after pos [(68, 79), (50, 81), (70, 70), (54, 82)]
current pos [(68, 79), (50, 81), (70, 70), (54, 82)]
after pos [(71, 75), (62, 80), (42, 71), (66, 80)]
current pos [(71, 75), (62, 80), (42, 71), (66, 80)]
after pos [(44, 81), (40, 71), (14, 79), (42, 81)]
│  map 2  steps=22  dist=[313.2113897726729, 284.79633281757896, 302.4633927857096, 282.3883683442014]  rmse=0.015876504
216679875  cov=7.4799999594688416%  iou=0.9115620214395099  [123/200]
current pos [(44, 81), (40, 71), (14, 79), (42, 81)]
after pos [(14, 81), (10, 71), (1, 52), (12, 81)]
current pos [(14, 81), (10, 71), (1, 52), (12, 81)]
after pos [(8, 87), (8, 83), (8, 75), (8, 79)]
current pos [(8, 87), (8, 83), (8, 75), (8, 79)]
after pos [(9, 89), (11, 89), (11, 77), (11, 87)]
current pos [(9, 89), (11, 89), (11, 77), (11, 87)]
after pos [(8, 91), (9, 64), (13, 86), (10, 91)]
current pos [(8, 91), (9, 64), (13, 86), (10, 91)]
after pos [(9, 62), (11, 68), (13, 88), (13, 90)]
current pos [(9, 62), (11, 68), (13, 88), (13, 90)]
after pos [(9, 60), (16, 87), (15, 84), (42, 86)]
current pos [(9, 60), (16, 87), (15, 84), (42, 86)]
after pos [(9, 58), (42, 89), (44, 90), (70, 89)]
current pos [(9, 58), (42, 89), (44, 90), (70, 89)]
after pos [(22, 78), (72, 89), (74, 90), (83, 88)]
current pos [(22, 78), (72, 89), (74, 90), (83, 88)]
after pos [(51, 85), (86, 89), (82, 82), (80, 83)]
current pos [(51, 85), (86, 89), (82, 82), (80, 83)]
after pos [(78, 78), (79, 80), (76, 79), (80, 78)]
current pos [(78, 78), (79, 80), (76, 79), (80, 78)]
after pos [(84, 83), (86, 85), (84, 81), (88, 87)]
current pos [(84, 83), (86, 85), (84, 81), (88, 87)]
after pos [(88, 83), (74, 86), (76, 85), (86, 82)]
current pos [(88, 83), (74, 86), (76, 85), (86, 82)]
after pos [(72, 87), (88, 90), (74, 84), (86, 80)]
current pos [(72, 87), (88, 90), (74, 84), (86, 80)]
after pos [(70, 86), (88, 81), (68, 87), (72, 85)]
current pos [(70, 86), (88, 81), (68, 87), (72, 85)]
after pos [(66, 86), (64, 85), (62, 85), (66, 84)]
current pos [(66, 86), (64, 85), (62, 85), (66, 84)]
after pos [(59, 86), (57, 86), (83, 78), (86, 78)]
current pos [(59, 86), (57, 86), (83, 78), (86, 78)]
after pos [(47, 82), (35, 84), (55, 82), (90, 86)]
current pos [(47, 82), (35, 84), (55, 82), (90, 86)]
after pos [(26, 84), (53, 82), (31, 84), (79, 91)]
current pos [(26, 84), (53, 82), (31, 84), (79, 91)]
after pos [(24, 84), (55, 80), (36, 79), (90, 82)]
current pos [(24, 84), (55, 80), (36, 79), (90, 82)]
after pos [(15, 76), (47, 80), (16, 79), (84, 91)]
│  map 3  steps=20  dist=[246.87836209747226, 306.18736092510466, 284.9753908267093, 238.9185435035223]  rmse=0.01031663
3827705682  cov=7.419999688863754%  iou=0.9305794606999426  [124/200]
current pos [(15, 76), (47, 80), (16, 79), (84, 91)]
after pos [(1, 50), (18, 73), (1, 54), (54, 91)]
current pos [(1, 50), (18, 73), (1, 54), (54, 91)]
after pos [(8, 71), (8, 59), (30, 58), (38, 66)]
current pos [(8, 71), (8, 59), (30, 58), (38, 66)]
after pos [(8, 57), (8, 75), (8, 73), (35, 62)]
current pos [(8, 57), (8, 75), (8, 73), (35, 62)]
after pos [(8, 51), (11, 60), (8, 53), (46, 50)]
current pos [(8, 51), (11, 60), (8, 53), (46, 50)]
after pos [(32, 61), (40, 65), (8, 49), (38, 63)]
current pos [(32, 61), (40, 65), (8, 49), (38, 63)]
after pos [(32, 59), (35, 67), (10, 49), (42, 62)]
current pos [(32, 59), (35, 67), (10, 49), (42, 62)]
after pos [(42, 66), (10, 57), (8, 47), (34, 60)]
current pos [(42, 66), (10, 57), (8, 47), (34, 60)]
after pos [(44, 67), (32, 57), (10, 74), (44, 63)]
current pos [(44, 67), (32, 57), (10, 74), (44, 63)]
after pos [(43, 69), (44, 59), (37, 69), (44, 61)]
current pos [(43, 69), (44, 59), (37, 69), (44, 61)]
after pos [(44, 49), (46, 66), (46, 48), (47, 63)]
current pos [(44, 49), (46, 66), (46, 48), (47, 63)]
after pos [(48, 65), (47, 60), (46, 69), (48, 67)]
current pos [(48, 65), (47, 60), (46, 69), (48, 67)]
after pos [(48, 55), (48, 51), (48, 53), (49, 61)]
current pos [(48, 55), (48, 51), (48, 53), (49, 61)]
after pos [(48, 69), (48, 49), (48, 71), (50, 66)]
current pos [(48, 69), (48, 49), (48, 71), (50, 66)]
after pos [(50, 49), (40, 53), (50, 52), (44, 71)]
current pos [(50, 49), (40, 53), (50, 52), (44, 71)]
after pos [(51, 61), (14, 63), (51, 59), (39, 71)]
current pos [(51, 61), (14, 63), (51, 59), (39, 71)]
after pos [(46, 72), (10, 45), (28, 55), (10, 76)]
current pos [(46, 72), (10, 45), (28, 55), (10, 76)]
after pos [(50, 69), (30, 67), (9, 78), (32, 68)]
│  map 4  steps=17  dist=[226.0860800039788, 283.6295011290503, 325.7438146646312, 205.59239204509154]  rmse=0.028709730
946885947  cov=6.7500002682209015%  iou=0.8141891891891891  [125/200]
current pos [(50, 69), (30, 67), (9, 78), (32, 68)]
after pos [(20, 69), (1, 60), (1, 50), (2, 68)]
current pos [(20, 69), (1, 60), (1, 50), (2, 68)]
after pos [(20, 39), (10, 32), (14, 23), (9, 39)]
current pos [(20, 39), (10, 32), (14, 23), (9, 39)]
after pos [(20, 9), (12, 9), (10, 10), (14, 10)]
current pos [(20, 9), (12, 9), (10, 10), (14, 10)]
after pos [(16, 9), (18, 10), (15, 17), (15, 14)]
current pos [(16, 9), (18, 10), (15, 17), (15, 14)]
after pos [(18, 14), (18, 12), (8, 11), (8, 15)]
current pos [(18, 14), (18, 12), (8, 11), (8, 15)]
after pos [(17, 16), (8, 9), (22, 9), (23, 11)]
current pos [(17, 16), (8, 9), (22, 9), (23, 11)]
after pos [(16, 19), (18, 18), (23, 13), (24, 9)]
current pos [(16, 19), (18, 18), (23, 13), (24, 9)]
after pos [(8, 19), (23, 15), (9, 17), (26, 9)]
current pos [(8, 19), (23, 15), (9, 17), (26, 9)]
after pos [(25, 14), (18, 20), (16, 21), (25, 12)]
current pos [(25, 14), (18, 20), (16, 21), (25, 12)]
after pos [(23, 19), (9, 21), (24, 17), (16, 23)]
current pos [(23, 19), (9, 21), (24, 17), (16, 23)]
after pos [(28, 9), (27, 12), (8, 23), (22, 21)]
current pos [(28, 9), (27, 12), (8, 23), (22, 21)]
after pos [(26, 17), (28, 15), (30, 9), (9, 25)]
current pos [(26, 17), (28, 15), (30, 9), (9, 25)]
after pos [(22, 23), (26, 19), (24, 21), (24, 23)]
current pos [(22, 23), (26, 19), (24, 21), (24, 23)]
after pos [(30, 13), (8, 27), (16, 7), (15, 26)]
current pos [(30, 13), (8, 27), (16, 7), (15, 26)]
after pos [(30, 16), (26, 22), (28, 19), (32, 11)]
current pos [(30, 16), (26, 22), (28, 19), (32, 11)]
after pos [(14, 28), (12, 7), (20, 7), (18, 27)]
current pos [(14, 28), (12, 7), (20, 7), (18, 27)]
after pos [(32, 9), (34, 10), (32, 14), (30, 19)]
current pos [(32, 9), (34, 10), (32, 14), (30, 19)]
after pos [(14, 30), (26, 24), (34, 12), (23, 26)]
current pos [(14, 30), (26, 24), (34, 12), (23, 26)]
after pos [(22, 28), (16, 31), (34, 15), (18, 29)]
current pos [(22, 28), (16, 31), (34, 15), (18, 29)]
after pos [(32, 18), (36, 11), (36, 9), (29, 23)]
│  map 5  steps=20  dist=[274.55210746658423, 301.7401537205972, 270.4863533618511, 268.7501903968722]  rmse=0.010895175
752843435  cov=6.350000202655792%  iou=0.8916913946587537  [126/200]
current pos [(32, 18), (36, 11), (36, 9), (29, 23)]
after pos [(2, 18), (6, 11), (6, 9), (1, 13)]
current pos [(2, 18), (6, 11), (6, 9), (1, 13)]
after pos [(18, 22), (13, 15), (16, 14), (18, 15)]
current pos [(18, 22), (13, 15), (16, 14), (18, 15)]
after pos [(20, 14), (23, 14), (20, 22), (18, 13)]
current pos [(20, 14), (23, 14), (20, 22), (18, 13)]
after pos [(20, 24), (22, 16), (25, 14), (22, 23)]
current pos [(20, 24), (22, 16), (25, 14), (22, 23)]
after pos [(23, 25), (27, 14), (12, 23), (17, 24)]
current pos [(23, 25), (27, 14), (12, 23), (17, 24)]
after pos [(27, 16), (26, 20), (10, 22), (25, 24)]
current pos [(27, 16), (26, 20), (10, 22), (25, 24)]
after pos [(29, 14), (14, 25), (10, 25), (12, 25)]
current pos [(29, 14), (14, 25), (10, 25), (12, 25)]
after pos [(22, 27), (20, 27), (28, 27), (24, 27)]
current pos [(22, 27), (20, 27), (28, 27), (24, 27)]
after pos [(30, 16), (28, 20), (31, 14), (8, 23)]
current pos [(30, 16), (28, 20), (31, 14), (8, 23)]
after pos [(10, 28), (12, 27), (14, 28), (34, 17)]
current pos [(10, 28), (12, 27), (14, 28), (34, 17)]
after pos [(33, 15), (33, 13), (32, 23), (17, 28)]
current pos [(33, 15), (33, 13), (32, 23), (17, 28)]
after pos [(23, 29), (35, 15), (10, 30), (25, 29)]
current pos [(23, 29), (35, 15), (10, 30), (25, 29)]
after pos [(8, 27), (34, 20), (30, 28), (32, 21)]
current pos [(8, 27), (34, 20), (30, 28), (32, 21)]
after pos [(10, 32), (8, 25), (30, 26), (22, 31)]
current pos [(10, 32), (8, 25), (30, 26), (22, 31)]
after pos [(19, 31), (32, 25), (37, 15), (36, 13)]
current pos [(19, 31), (32, 25), (37, 15), (36, 13)]
after pos [(32, 27), (34, 24), (27, 30), (38, 10)]
current pos [(32, 27), (34, 24), (27, 30), (38, 10)]
after pos [(25, 31), (29, 31), (39, 13), (37, 19)]
current pos [(25, 31), (29, 31), (39, 13), (37, 19)]
after pos [(23, 33), (40, 11), (32, 31), (35, 22)]
current pos [(23, 33), (40, 11), (32, 31), (35, 22)]
after pos [(10, 34), (16, 7), (12, 34), (14, 34)]
current pos [(10, 34), (16, 7), (12, 34), (14, 34)]
after pos [(9, 62), (12, 7), (26, 34), (39, 18)]
│  map 6  steps=20  dist=[271.0143451902205, 254.8726569570927, 303.3610543559791, 287.1198194041837]  rmse=0.0143644744
17152752  cov=5.900000035762787%  iou=0.8914988814317674  [127/200]
current pos [(9, 62), (12, 7), (26, 34), (39, 18)]
after pos [(1, 34), (1, 1), (1, 18), (9, 18)]
current pos [(1, 34), (1, 1), (1, 18), (9, 18)]
after pos [(10, 10), (12, 9), (14, 10), (12, 11)]
current pos [(10, 10), (12, 9), (14, 10), (12, 11)]
after pos [(16, 9), (18, 9), (13, 15), (15, 13)]
current pos [(16, 9), (18, 9), (13, 15), (15, 13)]
after pos [(16, 11), (8, 10), (15, 15), (18, 11)]
current pos [(16, 11), (8, 10), (15, 15), (18, 11)]
after pos [(17, 14), (20, 9), (20, 11), (19, 13)]
current pos [(17, 14), (20, 9), (20, 11), (19, 13)]
after pos [(17, 16), (19, 15), (22, 9), (22, 11)]
current pos [(17, 16), (19, 15), (22, 9), (22, 11)]
after pos [(24, 9), (14, 20), (21, 14), (24, 11)]
current pos [(24, 9), (14, 20), (21, 14), (24, 11)]
after pos [(12, 20), (21, 16), (10, 20), (23, 13)]
current pos [(12, 20), (21, 16), (10, 20), (23, 13)]
after pos [(23, 15), (18, 20), (14, 22), (16, 21)]
current pos [(23, 15), (18, 20), (14, 22), (16, 21)]
after pos [(26, 10), (25, 14), (18, 22), (16, 23)]
current pos [(26, 10), (25, 14), (18, 22), (16, 23)]
after pos [(21, 20), (28, 11), (20, 22), (14, 24)]
current pos [(21, 20), (28, 11), (20, 22), (14, 24)]
after pos [(26, 16), (28, 9), (24, 20), (10, 26)]
current pos [(26, 16), (28, 9), (24, 20), (10, 26)]
after pos [(18, 24), (30, 10), (14, 7), (16, 7)]
current pos [(18, 24), (30, 10), (14, 7), (16, 7)]
after pos [(28, 14), (26, 8), (10, 28), (12, 28)]
current pos [(28, 14), (26, 8), (10, 28), (12, 28)]
after pos [(24, 22), (26, 20), (8, 27), (8, 25)]
current pos [(24, 22), (26, 20), (8, 27), (8, 25)]
after pos [(18, 26), (21, 24), (30, 12), (30, 14)]
current pos [(18, 26), (21, 24), (30, 12), (30, 14)]
after pos [(32, 11), (30, 16), (32, 9), (14, 29)]
current pos [(32, 11), (30, 16), (32, 9), (14, 29)]
after pos [(32, 15), (34, 10), (34, 12), (12, 30)]
current pos [(32, 15), (34, 10), (34, 12), (12, 30)]
after pos [(27, 22), (18, 7), (30, 8), (22, 26)]
current pos [(27, 22), (18, 7), (30, 8), (22, 26)]
after pos [(10, 30), (26, 24), (13, 5), (7, 12)]
current pos [(10, 30), (26, 24), (13, 5), (7, 12)]
after pos [(34, 16), (7, 8), (31, 20), (28, 24)]
current pos [(34, 16), (7, 8), (31, 20), (28, 24)]
after pos [(30, 22), (8, 31), (16, 31), (22, 28)]
current pos [(30, 22), (8, 31), (16, 31), (22, 28)]
after pos [(35, 14), (11, 60), (35, 8), (11, 32)]
current pos [(35, 14), (11, 60), (35, 8), (11, 32)]
after pos [(36, 11), (8, 83), (37, 13), (11, 62)]
current pos [(36, 11), (8, 83), (37, 13), (11, 62)]
after pos [(30, 24), (13, 61), (32, 23), (13, 34)]
│  map 7  steps=25  dist=[285.10346150237785, 298.1041465457338, 279.05253779196477, 301.77238527828337]  rmse=0.0076754
2139975526  cov=6.700000166893005%  iou=0.8799076212471132  [128/200]
current pos [(30, 24), (13, 61), (32, 23), (13, 34)]
after pos [(1, 17), (1, 34), (2, 23), (1, 7)]
current pos [(1, 17), (1, 34), (2, 23), (1, 7)]
after pos [(10, 45), (8, 63), (10, 49), (9, 33)]
current pos [(10, 45), (8, 63), (10, 49), (9, 33)]
after pos [(8, 71), (8, 87), (8, 75), (10, 62)]
current pos [(8, 71), (8, 87), (8, 75), (10, 62)]
after pos [(8, 89), (11, 79), (11, 77), (11, 75)]
current pos [(8, 89), (11, 79), (11, 77), (11, 75)]
after pos [(11, 85), (10, 88), (10, 90), (40, 72)]
current pos [(11, 85), (10, 88), (10, 90), (40, 72)]
after pos [(12, 87), (8, 91), (12, 89), (70, 72)]
current pos [(12, 87), (8, 91), (12, 89), (70, 72)]
after pos [(13, 82), (13, 84), (13, 80), (72, 75)]
current pos [(13, 82), (13, 84), (13, 80), (72, 75)]
after pos [(13, 78), (42, 82), (42, 78), (72, 77)]
current pos [(13, 78), (42, 82), (42, 78), (72, 77)]
after pos [(38, 89), (68, 76), (70, 76), (74, 73)]
current pos [(38, 89), (68, 76), (70, 76), (74, 73)]
after pos [(66, 81), (74, 78), (72, 79), (70, 79)]
current pos [(66, 81), (74, 78), (72, 79), (70, 79)]
after pos [(76, 77), (72, 71), (76, 79), (74, 80)]
current pos [(76, 77), (72, 71), (76, 79), (74, 80)]
after pos [(69, 74), (76, 75), (70, 70), (70, 82)]
current pos [(69, 74), (76, 75), (70, 70), (70, 82)]
after pos [(72, 69), (68, 70), (75, 71), (70, 68)]
current pos [(72, 69), (68, 70), (75, 71), (70, 68)]
after pos [(78, 77), (74, 69), (68, 78), (74, 82)]
current pos [(78, 77), (74, 69), (68, 78), (74, 82)]
after pos [(77, 72), (76, 81), (76, 83), (78, 80)]
current pos [(77, 72), (76, 81), (76, 83), (78, 80)]
after pos [(68, 68), (68, 83), (70, 84), (67, 74)]
current pos [(68, 68), (68, 83), (70, 84), (67, 74)]
after pos [(62, 86), (62, 84), (60, 87), (58, 86)]
current pos [(62, 86), (62, 84), (60, 87), (58, 86)]
after pos [(58, 81), (56, 81), (74, 86), (54, 81)]
current pos [(58, 81), (56, 81), (74, 86), (54, 81)]
after pos [(60, 80), (54, 89), (72, 67), (77, 70)]
current pos [(60, 80), (54, 89), (72, 67), (77, 70)]
after pos [(52, 83), (56, 89), (56, 75), (64, 74)]
current pos [(52, 83), (56, 89), (56, 75), (64, 74)]
after pos [(50, 89), (80, 79), (42, 86), (50, 83)]
│  map 8  steps=21  dist=[267.73543652854295, 273.16609559478155, 296.56683062277153, 306.5492754375213]  rmse=0.0121820
57583786002  cov=7.930000126361847%  iou=0.9462025316455697  [129/200]
current pos [(50, 89), (80, 79), (42, 86), (50, 83)]
after pos [(20, 89), (50, 79), (12, 86), (20, 83)]
current pos [(20, 89), (50, 79), (12, 86), (20, 83)]
after pos [(10, 62), (30, 58), (10, 58), (30, 55)]
current pos [(10, 62), (30, 58), (10, 58), (30, 55)]
after pos [(8, 59), (8, 55), (8, 63), (8, 57)]
current pos [(8, 59), (8, 55), (8, 63), (8, 57)]
after pos [(8, 51), (8, 53), (32, 57), (28, 53)]
current pos [(8, 51), (8, 53), (32, 57), (28, 53)]
after pos [(8, 49), (8, 47), (38, 41), (28, 51)]
current pos [(8, 49), (8, 47), (38, 41), (28, 51)]
after pos [(28, 49), (26, 51), (34, 59), (31, 53)]
current pos [(28, 49), (26, 51), (34, 59), (31, 53)]
after pos [(10, 52), (31, 62), (36, 61), (32, 51)]
current pos [(10, 52), (31, 62), (36, 61), (32, 51)]
after pos [(37, 59), (32, 49), (30, 49), (32, 47)]
current pos [(37, 59), (32, 49), (30, 49), (32, 47)]
after pos [(37, 56), (38, 63), (37, 54), (34, 44)]
current pos [(37, 56), (38, 63), (37, 54), (34, 44)]
after pos [(39, 59), (33, 64), (39, 57), (36, 41)]
current pos [(39, 59), (33, 64), (39, 57), (36, 41)]
after pos [(28, 47), (8, 67), (39, 53), (9, 44)]
current pos [(28, 47), (8, 67), (39, 53), (9, 44)]
after pos [(26, 61), (10, 41), (40, 61), (38, 50)]
current pos [(26, 61), (10, 41), (40, 61), (38, 50)]
after pos [(30, 45), (12, 59), (28, 45), (39, 45)]
current pos [(30, 45), (12, 59), (28, 45), (39, 45)]
after pos [(40, 43), (40, 63), (40, 65), (40, 41)]
current pos [(40, 43), (40, 63), (40, 65), (40, 41)]
after pos [(34, 66), (36, 67), (22, 52), (12, 41)]
current pos [(34, 66), (36, 67), (22, 52), (12, 41)]
after pos [(26, 45), (40, 51), (10, 39), (24, 45)]
current pos [(26, 45), (40, 51), (10, 39), (24, 45)]
after pos [(10, 37), (30, 66), (8, 42), (32, 67)]
current pos [(10, 37), (30, 66), (8, 42), (32, 67)]
after pos [(38, 39), (42, 58), (36, 39), (42, 62)]
│  map 9  steps=18  dist=[294.45763456853655, 305.3451547347954, 279.2222258014791, 262.5129760804306]  rmse=0.015920697
42153893  cov=7.909999787807465%  iou=0.8886728245017015  [130/200]
└─ done

┌─ model=edl  policy=uncertainty_greedy
current pos [(38, 39), (42, 58), (36, 39), (42, 62)]
after pos [(8, 39), (13, 51), (13, 53), (13, 55)]
current pos [(8, 39), (13, 51), (13, 53), (13, 55)]
after pos [(8, 11), (19, 22), (20, 24), (18, 26)]
current pos [(8, 11), (19, 22), (20, 24), (18, 26)]
after pos [(20, 9), (12, 9), (16, 9), (8, 9)]
current pos [(20, 9), (12, 9), (16, 9), (8, 9)]
after pos [(22, 9), (24, 9), (19, 13), (20, 11)]
current pos [(22, 9), (24, 9), (19, 13), (20, 11)]
after pos [(23, 14), (21, 14), (26, 9), (20, 17)]
current pos [(23, 14), (21, 14), (26, 9), (20, 17)]
after pos [(23, 17), (25, 14), (28, 9), (26, 12)]
current pos [(23, 17), (25, 14), (28, 9), (26, 12)]
after pos [(10, 16), (10, 18), (21, 19), (23, 19)]
current pos [(10, 16), (10, 18), (21, 19), (23, 19)]
after pos [(12, 20), (30, 9), (10, 21), (22, 22)]
current pos [(12, 20), (30, 9), (10, 21), (22, 22)]
after pos [(27, 15), (14, 23), (26, 18), (12, 23)]
current pos [(27, 15), (14, 23), (26, 18), (12, 23)]
after pos [(26, 22), (24, 23), (10, 23), (28, 19)]
current pos [(26, 22), (24, 23), (10, 23), (28, 19)]
after pos [(29, 14), (32, 11), (34, 10), (12, 27)]
current pos [(29, 14), (32, 11), (34, 10), (12, 27)]
after pos [(10, 25), (10, 27), (32, 15), (30, 18)]
current pos [(10, 25), (10, 27), (32, 15), (30, 18)]
after pos [(14, 28), (12, 31), (32, 9), (22, 26)]
current pos [(14, 28), (12, 31), (32, 9), (22, 26)]
after pos [(38, 10), (26, 26), (24, 27), (34, 16)]
current pos [(38, 10), (26, 26), (24, 27), (34, 16)]
after pos [(35, 8), (12, 7), (16, 7), (30, 22)]
current pos [(35, 8), (12, 7), (16, 7), (30, 22)]
after pos [(38, 14), (36, 15), (20, 7), (28, 24)]
current pos [(38, 14), (36, 15), (20, 7), (28, 24)]
after pos [(22, 30), (36, 19), (28, 27), (34, 20)]
current pos [(22, 30), (36, 19), (28, 27), (34, 20)]
after pos [(10, 32), (14, 34), (15, 32), (40, 11)]
│  map 0  steps=18  dist=[231.26274086424849, 305.24848050333617, 263.16117024705545, 235.2946017902085]  rmse=0.0094118
07141895694  cov=6.019999831914902%  iou=0.9015471167369902  [131/200]
current pos [(10, 32), (14, 34), (15, 32), (40, 11)]
after pos [(1, 4), (1, 7), (1, 9), (10, 11)]
current pos [(1, 4), (1, 7), (1, 9), (10, 11)]
after pos [(17, 29), (15, 28), (19, 28), (14, 26)]
current pos [(17, 29), (15, 28), (19, 28), (14, 26)]
after pos [(30, 56), (8, 55), (26, 54), (8, 51)]
current pos [(30, 56), (8, 55), (26, 54), (8, 51)]
after pos [(8, 59), (8, 75), (8, 71), (8, 57)]
current pos [(8, 59), (8, 75), (8, 71), (8, 57)]
after pos [(8, 79), (11, 61), (11, 65), (8, 77)]
current pos [(8, 79), (11, 61), (11, 65), (8, 77)]
after pos [(11, 73), (32, 61), (35, 66), (11, 56)]
current pos [(11, 73), (32, 61), (35, 66), (11, 56)]
after pos [(11, 71), (39, 65), (36, 61), (34, 62)]
current pos [(11, 71), (39, 65), (36, 61), (34, 62)]
after pos [(34, 59), (36, 59), (38, 67), (40, 67)]
current pos [(34, 59), (36, 59), (38, 67), (40, 67)]
after pos [(44, 48), (46, 49), (46, 46), (44, 50)]
current pos [(44, 48), (46, 49), (46, 46), (44, 50)]
after pos [(43, 65), (44, 63), (44, 67), (48, 51)]
current pos [(43, 65), (44, 63), (44, 67), (48, 51)]
after pos [(43, 69), (40, 69), (47, 67), (38, 70)]
current pos [(43, 69), (40, 69), (47, 67), (38, 70)]
after pos [(47, 65), (48, 63), (46, 71), (49, 66)]
current pos [(47, 65), (48, 63), (46, 71), (49, 66)]
after pos [(43, 71), (36, 68), (48, 58), (50, 49)]
current pos [(43, 71), (36, 68), (48, 58), (50, 49)]
after pos [(48, 71), (50, 69), (50, 71), (52, 67)]
current pos [(48, 71), (50, 69), (50, 71), (52, 67)]
after pos [(48, 55), (22, 70), (48, 49), (34, 70)]
current pos [(48, 55), (22, 70), (48, 49), (34, 70)]
after pos [(32, 64), (41, 71), (46, 73), (32, 57)]
current pos [(32, 64), (41, 71), (46, 73), (32, 57)]
after pos [(11, 52), (13, 63), (30, 59), (48, 75)]
│  map 1  steps=17  dist=[278.22097032162685, 301.88207240764274, 291.3660220825384, 295.4148218352779]  rmse=0.01703756
0323056016  cov=7.450000196695328%  iou=0.9007368877329865  [132/200]
current pos [(11, 52), (13, 63), (30, 59), (48, 75)]
after pos [(1, 24), (1, 36), (1, 52), (18, 75)]
current pos [(1, 24), (1, 36), (1, 52), (18, 75)]
after pos [(14, 50), (12, 47), (14, 46), (14, 48)]
current pos [(14, 50), (12, 47), (14, 46), (14, 48)]
after pos [(8, 63), (8, 67), (8, 75), (8, 71)]
current pos [(8, 63), (8, 67), (8, 75), (8, 71)]
after pos [(8, 83), (8, 79), (8, 87), (8, 77)]
current pos [(8, 83), (8, 79), (8, 87), (8, 77)]
after pos [(11, 73), (11, 77), (11, 69), (11, 79)]
current pos [(11, 73), (11, 77), (11, 69), (11, 79)]
after pos [(11, 81), (8, 89), (11, 83), (11, 85)]
current pos [(11, 81), (8, 89), (11, 83), (11, 85)]
after pos [(10, 88), (10, 90), (13, 77), (13, 73)]
current pos [(10, 88), (10, 90), (13, 77), (13, 73)]
after pos [(12, 67), (13, 69), (12, 65), (12, 87)]
current pos [(12, 67), (13, 69), (12, 65), (12, 87)]
after pos [(8, 58), (40, 67), (38, 66), (24, 67)]
current pos [(8, 58), (40, 67), (38, 66), (24, 67)]
after pos [(15, 78), (20, 83), (15, 76), (22, 82)]
current pos [(15, 78), (20, 83), (15, 76), (22, 82)]
after pos [(44, 71), (42, 78), (42, 70), (42, 82)]
current pos [(44, 71), (42, 78), (42, 70), (42, 82)]
after pos [(62, 61), (60, 61), (58, 61), (60, 63)]
current pos [(62, 61), (60, 61), (58, 61), (60, 63)]
after pos [(63, 65), (60, 67), (62, 67), (61, 65)]
current pos [(63, 65), (60, 67), (62, 67), (61, 65)]
after pos [(62, 70), (60, 70), (61, 72), (58, 69)]
current pos [(62, 70), (60, 70), (61, 72), (58, 69)]
after pos [(64, 71), (66, 65), (66, 71), (64, 61)]
current pos [(64, 71), (66, 65), (66, 71), (64, 61)]
after pos [(65, 69), (67, 67), (59, 73), (67, 69)]
current pos [(65, 69), (67, 67), (59, 73), (67, 69)]
after pos [(63, 76), (66, 75), (62, 74), (61, 76)]
current pos [(63, 76), (66, 75), (62, 74), (61, 76)]
after pos [(66, 61), (68, 65), (56, 75), (54, 74)]
current pos [(66, 61), (68, 65), (56, 75), (54, 74)]
after pos [(58, 71), (54, 78), (56, 71), (58, 78)]
current pos [(58, 71), (54, 78), (56, 71), (58, 78)]
after pos [(62, 59), (62, 78), (66, 78), (64, 79)]
current pos [(62, 59), (62, 78), (66, 78), (64, 79)]
after pos [(70, 70), (72, 71), (60, 59), (72, 75)]
│  map 2  steps=21  dist=[296.51610480899905, 293.5476182731737, 303.56030743538884, 270.46383490518843]  rmse=0.0160429
72286338684  cov=7.63000026345253%  iou=0.9237057220708447  [133/200]
current pos [(70, 70), (72, 71), (60, 59), (72, 75)]
after pos [(40, 70), (42, 71), (43, 64), (43, 68)]
current pos [(40, 70), (42, 71), (43, 64), (43, 68)]
after pos [(30, 42), (30, 46), (30, 54), (26, 50)]
current pos [(30, 42), (30, 46), (30, 54), (26, 50)]
after pos [(23, 22), (19, 22), (23, 25), (21, 26)]
current pos [(23, 22), (19, 22), (23, 25), (21, 26)]
after pos [(10, 10), (10, 12), (8, 11), (12, 10)]
current pos [(10, 10), (10, 12), (8, 11), (12, 10)]
after pos [(29, 13), (25, 13), (9, 37), (21, 13)]
current pos [(29, 13), (25, 13), (9, 37), (21, 13)]
after pos [(11, 8), (14, 34), (14, 38), (11, 36)]
current pos [(11, 8), (14, 34), (14, 38), (11, 36)]
after pos [(9, 8), (7, 8), (5, 17), (5, 13)]
current pos [(9, 8), (7, 8), (5, 17), (5, 13)]
after pos [(5, 29), (5, 33), (13, 5), (9, 5)]
current pos [(5, 29), (5, 33), (13, 5), (9, 5)]
after pos [(9, 58), (9, 56), (11, 4), (7, 32)]
current pos [(9, 58), (9, 56), (11, 4), (7, 32)]
after pos [(8, 87), (8, 75), (3, 32), (2, 30)]
current pos [(8, 87), (8, 75), (3, 32), (2, 30)]
after pos [(9, 90), (11, 77), (11, 60), (11, 58)]
current pos [(9, 90), (11, 77), (11, 60), (11, 58)]
after pos [(11, 88), (11, 81), (11, 83), (11, 85)]
current pos [(11, 88), (11, 81), (11, 83), (11, 85)]
after pos [(12, 90), (13, 81), (13, 78), (40, 87)]
current pos [(12, 90), (13, 81), (13, 78), (40, 87)]
after pos [(20, 79), (16, 79), (24, 79), (18, 78)]
│  map 3  steps=14  dist=[240.02808955323343, 243.91339806518565, 252.76765743418343, 306.45390387177196]  rmse=0.016322
705807489887  cov=7.3499999940395355%  iou=0.9185573007562536  [134/200]
current pos [(20, 79), (16, 79), (24, 79), (18, 78)]
after pos [(1, 56), (1, 58), (1, 60), (1, 62)]
current pos [(1, 56), (1, 58), (1, 60), (1, 62)]
after pos [(8, 75), (8, 72), (8, 79), (9, 62)]
current pos [(8, 75), (8, 72), (8, 79), (9, 62)]
after pos [(34, 62), (8, 59), (32, 61), (8, 83)]
current pos [(34, 62), (8, 59), (32, 61), (8, 83)]
after pos [(11, 65), (8, 57), (8, 55), (8, 53)]
current pos [(11, 65), (8, 57), (8, 55), (8, 53)]
after pos [(8, 51), (11, 61), (8, 47), (10, 50)]
current pos [(8, 51), (11, 61), (8, 47), (10, 50)]
after pos [(11, 53), (31, 58), (34, 46), (36, 45)]
current pos [(11, 53), (31, 58), (34, 46), (36, 45)]
after pos [(12, 59), (35, 65), (36, 63), (38, 62)]
current pos [(12, 59), (35, 65), (36, 63), (38, 62)]
after pos [(39, 65), (40, 63), (36, 67), (38, 67)]
current pos [(39, 65), (40, 63), (36, 67), (38, 67)]
after pos [(46, 50), (48, 49), (46, 48), (44, 48)]
current pos [(46, 50), (48, 49), (46, 48), (44, 48)]
after pos [(41, 67), (48, 55), (44, 63), (43, 65)]
current pos [(41, 67), (48, 55), (44, 63), (43, 65)]
after pos [(50, 49), (44, 67), (47, 63), (43, 69)]
current pos [(50, 49), (44, 67), (47, 63), (43, 69)]
after pos [(51, 53), (47, 67), (39, 69), (49, 62)]
current pos [(51, 53), (47, 67), (39, 69), (49, 62)]
after pos [(49, 66), (46, 70), (49, 68), (43, 71)]
current pos [(49, 66), (46, 70), (49, 68), (43, 71)]
after pos [(48, 71), (50, 71), (40, 71), (52, 67)]
current pos [(48, 71), (50, 71), (40, 71), (52, 67)]
after pos [(46, 72), (51, 65), (32, 67), (36, 69)]
current pos [(46, 72), (51, 65), (32, 67), (36, 69)]
after pos [(52, 63), (29, 56), (48, 47), (27, 56)]
current pos [(52, 63), (29, 56), (48, 47), (27, 56)]
after pos [(26, 69), (44, 73), (30, 70), (40, 53)]
current pos [(26, 69), (44, 73), (30, 70), (40, 53)]
after pos [(13, 63), (15, 68), (52, 59), (54, 66)]
│  map 4  steps=18  dist=[284.83634834358156, 222.14156925321402, 317.4564701473943, 269.79007206800804]  rmse=0.0202855
41441422823  cov=6.970000267028809%  iou=0.8844483058210252  [135/200]
current pos [(13, 63), (15, 68), (52, 59), (54, 66)]
after pos [(1, 36), (1, 42), (22, 59), (24, 66)]
current pos [(1, 36), (1, 42), (22, 59), (24, 66)]
after pos [(23, 22), (21, 22), (22, 29), (24, 36)]
current pos [(23, 22), (21, 22), (22, 29), (24, 36)]
after pos [(20, 9), (12, 9), (16, 9), (8, 11)]
current pos [(20, 9), (12, 9), (16, 9), (8, 11)]
after pos [(8, 15), (8, 9), (18, 9), (10, 9)]
current pos [(8, 15), (8, 9), (18, 9), (10, 9)]
after pos [(22, 9), (8, 19), (23, 11), (24, 9)]
current pos [(22, 9), (8, 19), (23, 11), (24, 9)]
after pos [(23, 13), (15, 17), (11, 11), (13, 15)]
current pos [(23, 13), (15, 17), (11, 11), (13, 15)]
after pos [(26, 9), (16, 19), (28, 9), (25, 11)]
current pos [(26, 9), (16, 19), (28, 9), (25, 11)]
after pos [(24, 15), (8, 23), (10, 21), (26, 13)]
current pos [(24, 15), (8, 23), (10, 21), (26, 13)]
after pos [(24, 17), (26, 15), (17, 21), (25, 19)]
current pos [(24, 17), (26, 15), (17, 21), (25, 19)]
after pos [(32, 9), (32, 11), (10, 25), (28, 15)]
current pos [(32, 9), (32, 11), (10, 25), (28, 15)]
after pos [(8, 27), (28, 23), (28, 19), (30, 18)]
current pos [(8, 27), (28, 23), (28, 19), (30, 18)]
after pos [(34, 14), (10, 28), (16, 7), (34, 18)]
current pos [(34, 14), (10, 28), (16, 7), (34, 18)]
after pos [(34, 10), (25, 22), (34, 12), (18, 30)]
current pos [(34, 10), (25, 22), (34, 12), (18, 30)]
after pos [(36, 11), (38, 10), (36, 9), (30, 8)]
current pos [(36, 11), (38, 10), (36, 9), (30, 8)]
after pos [(12, 7), (14, 7), (32, 23), (36, 15)]
current pos [(12, 7), (14, 7), (32, 23), (36, 15)]
after pos [(38, 14), (28, 27), (30, 26), (16, 31)]
current pos [(38, 14), (28, 27), (30, 26), (16, 31)]
after pos [(14, 32), (26, 28), (42, 10), (38, 18)]
current pos [(14, 32), (26, 28), (42, 10), (38, 18)]
after pos [(14, 34), (12, 35), (26, 30), (32, 27)]
current pos [(14, 34), (12, 35), (26, 30), (32, 27)]
after pos [(28, 31), (30, 30), (24, 32), (18, 34)]
current pos [(28, 31), (30, 30), (24, 32), (18, 34)]
after pos [(39, 8), (8, 29), (21, 6), (26, 34)]
│  map 5  steps=20  dist=[314.7491150850937, 305.3652119015469, 305.08910745699006, 292.52849172069443]  rmse=0.01015629
1723165642  cov=7.2599999606609344%  iou=0.9004392386530015  [136/200]
current pos [(39, 8), (8, 29), (21, 6), (26, 34)]
after pos [(9, 8), (10, 1), (10, 3), (10, 10)]
current pos [(9, 8), (10, 1), (10, 3), (10, 10)]
after pos [(13, 10), (18, 10), (22, 10), (15, 13)]
current pos [(13, 10), (18, 10), (22, 10), (15, 13)]
after pos [(20, 12), (15, 10), (11, 15), (18, 14)]
current pos [(20, 12), (15, 10), (11, 15), (18, 14)]
after pos [(23, 13), (25, 11), (20, 15), (19, 17)]
current pos [(23, 13), (25, 11), (20, 15), (19, 17)]
after pos [(27, 11), (24, 15), (23, 17), (20, 21)]
current pos [(27, 11), (24, 15), (23, 17), (20, 21)]
after pos [(23, 21), (13, 19), (15, 21), (24, 19)]
current pos [(23, 21), (13, 19), (15, 21), (24, 19)]
after pos [(15, 23), (21, 23), (27, 19), (28, 15)]
current pos [(15, 23), (21, 23), (27, 19), (28, 15)]
after pos [(24, 23), (12, 17), (26, 23), (27, 21)]
current pos [(24, 23), (12, 17), (26, 23), (27, 21)]
after pos [(11, 19), (30, 13), (29, 10), (12, 23)]
current pos [(11, 19), (30, 13), (29, 10), (12, 23)]
after pos [(11, 21), (17, 25), (31, 15), (23, 25)]
current pos [(11, 21), (17, 25), (31, 15), (23, 25)]
after pos [(14, 26), (16, 27), (28, 23), (10, 23)]
current pos [(14, 26), (16, 27), (28, 23), (10, 23)]
after pos [(19, 27), (32, 27), (31, 10), (28, 27)]
current pos [(19, 27), (32, 27), (31, 10), (28, 27)]
after pos [(36, 15), (34, 14), (34, 18), (36, 19)]
current pos [(36, 15), (34, 14), (34, 18), (36, 19)]
after pos [(34, 10), (12, 27), (10, 25), (12, 31)]
current pos [(34, 10), (12, 27), (10, 25), (12, 31)]
after pos [(38, 10), (38, 13), (30, 30), (32, 31)]
current pos [(38, 10), (38, 13), (30, 30), (32, 31)]
after pos [(38, 18), (38, 16), (42, 10), (40, 11)]
current pos [(38, 18), (38, 16), (42, 10), (40, 11)]
after pos [(10, 28), (28, 43), (38, 22), (30, 34)]
current pos [(10, 28), (28, 43), (38, 22), (30, 34)]
after pos [(10, 32), (8, 31), (10, 30), (12, 35)]
current pos [(10, 32), (8, 31), (10, 30), (12, 35)]
after pos [(38, 26), (36, 27), (8, 35), (10, 35)]
current pos [(38, 26), (36, 27), (8, 35), (10, 35)]
after pos [(43, 14), (41, 19), (17, 33), (19, 33)]
│  map 6  steps=20  dist=[217.49623871713496, 304.1893793663873, 249.68579368142773, 253.254253669876]  rmse=0.013486780
045801004  cov=6.340000033378601%  iou=0.8960893854748604  [137/200]
current pos [(43, 14), (41, 19), (17, 33), (19, 33)]
after pos [(13, 14), (14, 7), (14, 9), (14, 11)]
current pos [(13, 14), (14, 7), (14, 9), (14, 11)]
after pos [(12, 9), (10, 10), (8, 11), (8, 9)]
current pos [(12, 9), (10, 10), (8, 11), (8, 9)]
after pos [(10, 14), (16, 11), (8, 15), (8, 13)]
current pos [(10, 14), (16, 11), (8, 15), (8, 13)]
after pos [(13, 16), (18, 11), (10, 16), (8, 19)]
current pos [(13, 16), (18, 11), (10, 16), (8, 19)]
after pos [(23, 8), (10, 20), (12, 19), (17, 16)]
current pos [(23, 8), (10, 20), (12, 19), (17, 16)]
after pos [(19, 16), (20, 19), (22, 18), (18, 18)]
current pos [(19, 16), (20, 19), (22, 18), (18, 18)]
after pos [(26, 10), (22, 16), (10, 22), (10, 7)]
current pos [(26, 10), (22, 16), (10, 22), (10, 7)]
after pos [(24, 19), (26, 18), (8, 23), (28, 19)]
current pos [(24, 19), (26, 18), (8, 23), (28, 19)]
after pos [(26, 20), (22, 22), (27, 8), (22, 20)]
current pos [(26, 20), (22, 22), (27, 8), (22, 20)]
after pos [(30, 10), (28, 11), (27, 16), (14, 23)]
current pos [(30, 10), (28, 11), (27, 16), (14, 23)]
after pos [(10, 24), (30, 18), (20, 23), (25, 23)]
current pos [(10, 24), (30, 18), (20, 23), (25, 23)]
after pos [(12, 6), (10, 26), (14, 26), (8, 7)]
current pos [(12, 6), (10, 26), (14, 26), (8, 7)]
after pos [(34, 10), (27, 22), (31, 8), (30, 22)]
current pos [(34, 10), (27, 22), (31, 8), (30, 22)]
after pos [(10, 28), (22, 26), (32, 12), (20, 27)]
current pos [(10, 28), (22, 26), (32, 12), (20, 27)]
after pos [(10, 58), (10, 46), (8, 27), (10, 30)]
current pos [(10, 58), (10, 46), (8, 27), (10, 30)]
after pos [(13, 31), (8, 31), (15, 31), (14, 34)]
current pos [(13, 31), (8, 31), (15, 31), (14, 34)]
after pos [(35, 12), (32, 19), (34, 18), (23, 28)]
current pos [(35, 12), (32, 19), (34, 18), (23, 28)]
after pos [(25, 27), (35, 8), (32, 17), (37, 9)]
current pos [(25, 27), (35, 8), (32, 17), (37, 9)]
after pos [(29, 25), (33, 21), (31, 24), (28, 27)]
│  map 7  steps=19  dist=[300.90523522437996, 233.51752420227925, 211.6781460325957, 243.2619317442838]  rmse=0.01809585
5938698006  cov=5.499999970197678%  iou=0.5917355371900826  [138/200]
current pos [(29, 25), (33, 21), (31, 24), (28, 27)]
after pos [(1, 15), (3, 21), (4, 14), (4, 16)]
current pos [(1, 15), (3, 21), (4, 14), (4, 16)]
after pos [(10, 42), (8, 43), (10, 40), (12, 41)]
current pos [(10, 42), (8, 43), (10, 40), (12, 41)]
after pos [(8, 67), (8, 63), (8, 65), (8, 69)]
current pos [(8, 67), (8, 63), (8, 65), (8, 69)]
after pos [(8, 87), (8, 71), (8, 83), (8, 75)]
current pos [(8, 87), (8, 71), (8, 83), (8, 75)]
after pos [(8, 89), (11, 79), (11, 77), (10, 90)]
current pos [(8, 89), (11, 79), (11, 77), (10, 90)]
after pos [(11, 85), (11, 83), (12, 81), (11, 73)]
current pos [(11, 85), (11, 83), (12, 81), (11, 73)]
after pos [(12, 87), (13, 77), (8, 91), (10, 69)]
current pos [(12, 87), (13, 77), (8, 91), (10, 69)]
after pos [(36, 69), (38, 74), (13, 84), (12, 89)]
current pos [(36, 69), (38, 74), (13, 84), (12, 89)]
after pos [(66, 69), (64, 68), (13, 74), (14, 81)]
current pos [(66, 69), (64, 68), (13, 74), (14, 81)]
after pos [(70, 74), (72, 72), (42, 78), (40, 83)]
current pos [(70, 74), (72, 72), (42, 78), (40, 83)]
after pos [(72, 75), (74, 73), (71, 77), (68, 75)]
current pos [(72, 75), (74, 73), (71, 77), (68, 75)]
after pos [(74, 78), (72, 69), (72, 79), (76, 77)]
current pos [(74, 78), (72, 69), (72, 79), (76, 77)]
after pos [(76, 75), (74, 81), (70, 68), (76, 73)]
current pos [(76, 75), (74, 81), (70, 68), (76, 73)]
after pos [(74, 69), (68, 79), (50, 89), (76, 79)]
current pos [(74, 69), (68, 79), (50, 89), (76, 79)]
after pos [(62, 82), (66, 82), (76, 83), (78, 82)]
current pos [(62, 82), (66, 82), (76, 83), (78, 82)]
after pos [(46, 89), (78, 74), (80, 79), (88, 83)]
current pos [(46, 89), (78, 74), (80, 79), (88, 83)]
after pos [(38, 89), (52, 83), (54, 82), (68, 83)]
current pos [(38, 89), (52, 83), (54, 82), (68, 83)]
after pos [(32, 90), (30, 89), (28, 90), (64, 83)]
│  map 8  steps=18  dist=[243.92224464764385, 253.77972625042187, 325.18335958394835, 262.663926070359]  rmse=0.01335894
6189112191  cov=7.980000227689743%  iou=0.9410971223021583  [139/200]
current pos [(32, 90), (30, 89), (28, 90), (64, 83)]
after pos [(2, 90), (3, 83), (3, 85), (34, 83)]
current pos [(2, 90), (3, 83), (3, 85), (34, 83)]
after pos [(10, 62), (10, 64), (10, 66), (10, 68)]
current pos [(10, 62), (10, 64), (10, 66), (10, 68)]
after pos [(30, 46), (31, 58), (26, 53), (28, 53)]
current pos [(30, 46), (31, 58), (26, 53), (28, 53)]
after pos [(34, 34), (36, 37), (34, 37), (30, 30)]
current pos [(34, 34), (36, 37), (34, 37), (30, 30)]
after pos [(8, 47), (39, 41), (27, 57), (8, 43)]
current pos [(8, 47), (39, 41), (27, 57), (8, 43)]
after pos [(8, 59), (31, 62), (32, 60), (28, 62)]
current pos [(8, 59), (31, 62), (32, 60), (28, 62)]
after pos [(8, 61), (35, 61), (36, 59), (11, 53)]
current pos [(8, 61), (35, 61), (36, 59), (11, 53)]
after pos [(36, 63), (36, 57), (30, 54), (35, 65)]
current pos [(36, 63), (36, 57), (30, 54), (35, 65)]
after pos [(36, 55), (38, 62), (39, 59), (38, 67)]
current pos [(36, 55), (38, 62), (39, 59), (38, 67)]
after pos [(41, 58), (39, 55), (37, 53), (39, 51)]
current pos [(41, 58), (39, 55), (37, 53), (39, 51)]
after pos [(40, 61), (40, 63), (34, 67), (40, 47)]
current pos [(40, 61), (40, 63), (34, 67), (40, 47)]
after pos [(11, 57), (30, 66), (40, 67), (24, 48)]
current pos [(11, 57), (30, 66), (40, 67), (24, 48)]
after pos [(11, 49), (10, 51), (28, 64), (24, 45)]
current pos [(11, 49), (10, 51), (28, 64), (24, 45)]
after pos [(8, 39), (10, 37), (26, 45), (10, 59)]
current pos [(8, 39), (10, 37), (26, 45), (10, 59)]
after pos [(10, 34), (8, 35), (22, 50), (10, 32)]
current pos [(10, 34), (8, 35), (22, 50), (10, 32)]
after pos [(16, 47), (17, 49), (20, 46), (24, 43)]
│  map 9  steps=16  dist=[252.9333528212046, 216.48341019948774, 202.48911031258217, 311.4223577762503]  rmse=0.01723581
963753562  cov=6.97999969124794%  iou=0.8842615012106537  [140/200]
└─ done

┌─ model=edl  policy=epsilon_greedy
current pos [(16, 47), (17, 49), (20, 46), (24, 43)]
after pos [(20, 59), (11, 24), (7, 40), (26, 63)]
current pos [(20, 59), (11, 24), (7, 40), (26, 63)]
after pos [(11, 34), (12, 12), (9, 12), (6, 56)]
current pos [(11, 34), (12, 12), (9, 12), (6, 56)]
after pos [(11, 18), (2, 23), (9, 6), (12, 71)]
current pos [(11, 18), (2, 23), (9, 6), (12, 71)]
after pos [(19, 28), (2, 19), (35, 14), (29, 64)]
current pos [(19, 28), (2, 19), (35, 14), (29, 64)]
after pos [(44, 32), (5, 34), (40, 42), (43, 55)]
current pos [(44, 32), (5, 34), (40, 42), (43, 55)]
after pos [(23, 20), (9, 23), (57, 61), (70, 62)]
current pos [(23, 20), (9, 23), (57, 61), (70, 62)]
after pos [(38, 3), (18, 11), (36, 40), (50, 80)]
current pos [(38, 3), (18, 11), (36, 40), (50, 80)]
after pos [(54, 5), (13, 12), (12, 23), (51, 63)]
current pos [(54, 5), (13, 12), (12, 23), (51, 63)]
after pos [(36, 26), (39, 19), (1, 3), (77, 77)]
current pos [(36, 26), (39, 19), (1, 3), (77, 77)]
after pos [(23, 1), (34, 13), (22, 1), (65, 68)]
current pos [(23, 1), (34, 13), (22, 1), (65, 68)]
after pos [(46, 16), (55, 26), (13, 14), (84, 46)]
current pos [(46, 16), (55, 26), (13, 14), (84, 46)]
after pos [(61, 33), (64, 27), (28, 25), (92, 34)]
current pos [(61, 33), (64, 27), (28, 25), (92, 34)]
after pos [(69, 27), (37, 16), (24, 18), (72, 40)]
current pos [(69, 27), (37, 16), (24, 18), (72, 40)]
after pos [(40, 20), (42, 16), (41, 29), (63, 23)]
│  map 0  steps=14  dist=[302.12698956050167, 206.36275794996646, 295.28311534909477, 292.4389768833548]  rmse=0.0176251
3655920761  cov=8.749999850988388%  iou=0.9228611500701263  [141/200]
current pos [(40, 20), (42, 16), (41, 29), (63, 23)]
after pos [(57, 8), (53, 18), (37, 50), (76, 12)]
current pos [(57, 8), (53, 18), (37, 50), (76, 12)]
after pos [(32, 22), (44, 14), (63, 59), (63, 5)]
current pos [(32, 22), (44, 14), (63, 59), (63, 5)]
after pos [(43, 33), (18, 27), (80, 41), (70, 23)]
current pos [(43, 33), (18, 27), (80, 41), (70, 23)]
after pos [(54, 8), (42, 11), (52, 51), (46, 26)]
current pos [(54, 8), (42, 11), (52, 51), (46, 26)]
after pos [(65, 5), (53, 27), (41, 35), (22, 20)]
current pos [(65, 5), (53, 27), (41, 35), (22, 20)]
after pos [(73, 19), (36, 33), (36, 64), (31, 12)]
current pos [(73, 19), (36, 33), (36, 64), (31, 12)]
after pos [(71, 25), (33, 44), (25, 44), (23, 7)]
current pos [(71, 25), (33, 44), (25, 44), (23, 7)]
after pos [(61, 3), (32, 45), (17, 64), (29, 5)]
current pos [(61, 3), (32, 45), (17, 64), (29, 5)]
after pos [(54, 17), (22, 46), (4, 47), (43, 7)]
current pos [(54, 17), (22, 46), (4, 47), (43, 7)]
after pos [(76, 10), (34, 54), (18, 63), (61, 31)]
current pos [(76, 10), (34, 54), (18, 63), (61, 31)]
after pos [(76, 14), (22, 55), (19, 77), (68, 14)]
current pos [(76, 14), (22, 55), (19, 77), (68, 14)]
after pos [(70, 16), (0, 47), (27, 98), (87, 13)]
current pos [(70, 16), (0, 47), (27, 98), (87, 13)]
after pos [(82, 10), (13, 63), (17, 76), (87, 32)]
current pos [(82, 10), (13, 63), (17, 76), (87, 32)]
after pos [(99, 1), (27, 74), (5, 69), (90, 55)]
│  map 1  steps=14  dist=[232.06363222992312, 227.5458006961978, 313.82025106238405, 251.58099190628306]  rmse=0.0215476
69273355725  cov=8.240000158548355%  iou=0.9331585845347313  [142/200]
current pos [(99, 1), (27, 74), (5, 69), (90, 55)]
after pos [(95, 12), (51, 85), (0, 40), (90, 41)]
current pos [(95, 12), (51, 85), (0, 40), (90, 41)]
after pos [(90, 0), (45, 95), (26, 33), (73, 19)]
current pos [(90, 0), (45, 95), (26, 33), (73, 19)]
after pos [(81, 5), (19, 92), (20, 26), (55, 25)]
current pos [(81, 5), (19, 92), (20, 26), (55, 25)]
after pos [(95, 4), (20, 82), (5, 46), (55, 28)]
current pos [(95, 4), (20, 82), (5, 46), (55, 28)]
after pos [(75, 5), (28, 63), (16, 42), (38, 43)]
current pos [(75, 5), (28, 63), (16, 42), (38, 43)]
after pos [(60, 2), (20, 62), (9, 62), (53, 64)]
current pos [(60, 2), (20, 62), (9, 62), (53, 64)]
after pos [(81, 10), (9, 75), (14, 89), (72, 70)]
current pos [(81, 10), (9, 75), (14, 89), (72, 70)]
after pos [(93, 23), (1, 97), (15, 81), (73, 64)]
current pos [(93, 23), (1, 97), (15, 81), (73, 64)]
after pos [(74, 44), (6, 78), (37, 66), (72, 51)]
current pos [(74, 44), (6, 78), (37, 66), (72, 51)]
after pos [(72, 26), (18, 67), (9, 73), (92, 64)]
current pos [(72, 26), (18, 67), (9, 73), (92, 64)]
after pos [(57, 32), (23, 57), (9, 74), (90, 36)]
current pos [(57, 32), (23, 57), (9, 74), (90, 36)]
after pos [(40, 50), (9, 72), (18, 89), (70, 19)]
current pos [(40, 50), (9, 72), (18, 89), (70, 19)]
after pos [(62, 32), (17, 50), (42, 85), (53, 42)]
current pos [(62, 32), (17, 50), (42, 85), (53, 42)]
after pos [(45, 14), (30, 76), (62, 66), (57, 54)]
current pos [(45, 14), (30, 76), (62, 66), (57, 54)]
after pos [(52, 30), (40, 78), (82, 80), (70, 28)]
│  map 2  steps=15  dist=[282.51518573272983, 273.7022639688494, 309.3009234031929, 299.7936753105618]  rmse=0.020453471
184080096  cov=9.549999982118607%  iou=0.9301872074882995  [143/200]
current pos [(52, 30), (40, 78), (82, 80), (70, 28)]
after pos [(50, 31), (34, 76), (69, 56), (79, 2)]
current pos [(50, 31), (34, 76), (69, 56), (79, 2)]
after pos [(45, 55), (10, 69), (80, 83), (74, 2)]
current pos [(45, 55), (10, 69), (80, 83), (74, 2)]
after pos [(52, 84), (21, 80), (51, 84), (0, 0)]
current pos [(52, 84), (21, 80), (51, 84), (0, 0)]
after pos [(55, 72), (0, 67), (41, 61), (15, 20)]
current pos [(55, 72), (0, 67), (41, 61), (15, 20)]
after pos [(78, 67), (8, 93), (21, 66), (37, 20)]
current pos [(78, 67), (8, 93), (21, 66), (37, 20)]
after pos [(51, 77), (29, 98), (9, 80), (20, 22)]
current pos [(51, 77), (29, 98), (9, 80), (20, 22)]
after pos [(55, 58), (27, 80), (9, 81), (26, 22)]
current pos [(55, 58), (27, 80), (9, 81), (26, 22)]
after pos [(39, 70), (12, 81), (12, 84), (14, 34)]
current pos [(39, 70), (12, 81), (12, 84), (14, 34)]
after pos [(51, 59), (38, 67), (37, 86), (9, 63)]
current pos [(51, 59), (38, 67), (37, 86), (9, 63)]
after pos [(58, 88), (32, 69), (64, 89), (23, 41)]
current pos [(58, 88), (32, 69), (64, 89), (23, 41)]
after pos [(78, 97), (38, 64), (53, 96), (28, 57)]
current pos [(78, 97), (38, 64), (53, 96), (28, 57)]
after pos [(53, 82), (55, 53), (34, 98), (24, 57)]
current pos [(53, 82), (55, 53), (34, 98), (24, 57)]
after pos [(53, 95), (50, 43), (40, 89), (46, 62)]
current pos [(53, 95), (50, 43), (40, 89), (46, 62)]
after pos [(60, 69), (63, 18), (65, 99), (35, 79)]
│  map 3  steps=14  dist=[297.8235905933837, 256.78437673667577, 276.97569766638867, 312.7056878456317]  rmse=0.01752114
8304538176  cov=9.880000352859497%  iou=0.9177464788732395  [144/200]
current pos [(60, 69), (63, 18), (65, 99), (35, 79)]
after pos [(72, 95), (79, 27), (35, 99), (63, 85)]
current pos [(72, 95), (79, 27), (35, 99), (63, 85)]
after pos [(71, 90), (73, 30), (37, 72), (40, 66)]
current pos [(71, 90), (73, 30), (37, 72), (40, 66)]
after pos [(49, 70), (63, 27), (25, 90), (43, 82)]
current pos [(49, 70), (63, 27), (25, 90), (43, 82)]
after pos [(57, 93), (65, 16), (19, 98), (27, 99)]
current pos [(57, 93), (65, 16), (19, 98), (27, 99)]
after pos [(52, 75), (82, 37), (17, 94), (9, 75)]
current pos [(52, 75), (82, 37), (17, 94), (9, 75)]
after pos [(72, 55), (63, 36), (9, 66), (9, 68)]
current pos [(72, 55), (63, 36), (9, 66), (9, 68)]
after pos [(77, 59), (92, 31), (22, 84), (30, 49)]
current pos [(77, 59), (92, 31), (22, 84), (30, 49)]
after pos [(63, 40), (83, 14), (20, 91), (26, 70)]
current pos [(63, 40), (83, 14), (20, 91), (26, 70)]
after pos [(51, 45), (61, 21), (10, 99), (31, 60)]
current pos [(51, 45), (61, 21), (10, 99), (31, 60)]
after pos [(50, 20), (51, 17), (33, 96), (34, 36)]
current pos [(50, 20), (51, 17), (33, 96), (34, 36)]
after pos [(29, 22), (50, 16), (41, 82), (16, 19)]
current pos [(29, 22), (50, 16), (41, 82), (16, 19)]
after pos [(8, 30), (60, 35), (53, 97), (39, 24)]
current pos [(8, 30), (60, 35), (53, 97), (39, 24)]
after pos [(9, 59), (62, 35), (38, 85), (27, 18)]
current pos [(9, 59), (62, 35), (38, 85), (27, 18)]
after pos [(1, 87), (61, 26), (49, 87), (7, 14)]
│  map 4  steps=14  dist=[304.51307106271315, 209.19211347263717, 253.50824539976765, 302.265368856231]  rmse=0.02391310
2780612417  cov=9.000000357627869%  iou=0.9078138718173837  [145/200]
current pos [(1, 87), (61, 26), (49, 87), (7, 14)]
after pos [(16, 89), (70, 8), (42, 67), (21, 8)]
current pos [(16, 89), (70, 8), (42, 67), (21, 8)]
after pos [(20, 80), (68, 29), (16, 57), (14, 12)]
current pos [(20, 80), (68, 29), (16, 57), (14, 12)]
after pos [(29, 53), (68, 4), (8, 56), (42, 8)]
current pos [(29, 53), (68, 4), (8, 56), (42, 8)]
after pos [(8, 36), (89, 1), (0, 29), (43, 34)]
current pos [(8, 36), (89, 1), (0, 29), (43, 34)]
after pos [(15, 19), (78, 0), (19, 7), (66, 19)]
current pos [(15, 19), (78, 0), (19, 7), (66, 19)]
after pos [(7, 35), (69, 28), (20, 7), (41, 7)]
current pos [(7, 35), (69, 28), (20, 7), (41, 7)]
after pos [(7, 40), (66, 23), (10, 0), (24, 12)]
current pos [(7, 40), (66, 23), (10, 0), (24, 12)]
after pos [(3, 43), (57, 40), (26, 12), (14, 25)]
current pos [(3, 43), (57, 40), (26, 12), (14, 25)]
after pos [(4, 20), (64, 63), (46, 13), (25, 8)]
current pos [(4, 20), (64, 63), (46, 13), (25, 8)]
after pos [(10, 42), (37, 71), (70, 19), (48, 4)]
current pos [(10, 42), (37, 71), (70, 19), (48, 4)]
after pos [(0, 14), (18, 61), (51, 6), (46, 23)]
current pos [(0, 14), (18, 61), (51, 6), (46, 23)]
after pos [(4, 16), (4, 51), (44, 29), (49, 2)]
current pos [(4, 16), (4, 51), (44, 29), (49, 2)]
after pos [(24, 29), (11, 43), (19, 13), (36, 1)]
current pos [(24, 29), (11, 43), (19, 13), (36, 1)]
after pos [(39, 47), (15, 14), (9, 12), (20, 22)]
current pos [(39, 47), (15, 14), (9, 12), (20, 22)]
after pos [(52, 21), (8, 31), (9, 0), (38, 30)]
│  map 5  steps=15  dist=[283.1167994338266, 302.12234944509584, 291.1028467623969, 309.9572195469448]  rmse=0.015625470
310822027  cov=9.570000320672989%  iou=0.9127218934911243  [146/200]
current pos [(52, 21), (8, 31), (9, 0), (38, 30)]
after pos [(47, 20), (19, 39), (22, 19), (48, 17)]
current pos [(47, 20), (19, 39), (22, 19), (48, 17)]
after pos [(56, 7), (24, 62), (41, 40), (27, 15)]
current pos [(56, 7), (24, 62), (41, 40), (27, 15)]
after pos [(82, 14), (26, 36), (53, 45), (35, 38)]
current pos [(82, 14), (26, 36), (53, 45), (35, 38)]
after pos [(84, 37), (15, 54), (65, 26), (57, 57)]
current pos [(84, 37), (15, 54), (65, 26), (57, 57)]
after pos [(87, 49), (6, 81), (36, 19), (40, 48)]
current pos [(87, 49), (6, 81), (36, 19), (40, 48)]
after pos [(98, 40), (6, 99), (18, 18), (58, 43)]
current pos [(98, 40), (6, 99), (18, 18), (58, 43)]
after pos [(93, 45), (11, 70), (2, 3), (71, 58)]
current pos [(93, 45), (11, 70), (2, 3), (71, 58)]
after pos [(77, 43), (21, 57), (10, 25), (91, 44)]
current pos [(77, 43), (21, 57), (10, 25), (91, 44)]
after pos [(84, 46), (43, 39), (28, 45), (92, 39)]
current pos [(84, 46), (43, 39), (28, 45), (92, 39)]
after pos [(93, 72), (53, 66), (43, 59), (74, 47)]
current pos [(93, 72), (53, 66), (43, 59), (74, 47)]
after pos [(99, 48), (29, 49), (22, 73), (58, 46)]
current pos [(99, 48), (29, 49), (22, 73), (58, 46)]
after pos [(80, 66), (18, 69), (5, 83), (34, 28)]
current pos [(80, 66), (18, 69), (5, 83), (34, 28)]
after pos [(66, 81), (42, 64), (13, 62), (57, 12)]
│  map 6  steps=13  dist=[227.2594242294581, 310.5694131885255, 294.8749541449114, 271.94199394585235]  rmse=0.017596965
699772087  cov=9.070000052452087%  iou=0.952  [147/200]
current pos [(66, 81), (42, 64), (13, 62), (57, 12)]
after pos [(76, 88), (62, 78), (0, 35), (36, 0)]
current pos [(76, 88), (62, 78), (0, 35), (36, 0)]
after pos [(53, 87), (70, 68), (11, 46), (0, 0)]
current pos [(53, 87), (70, 68), (11, 46), (0, 0)]
after pos [(50, 58), (65, 64), (29, 38), (8, 17)]
current pos [(50, 58), (65, 64), (29, 38), (8, 17)]
after pos [(30, 56), (52, 90), (3, 35), (28, 6)]
current pos [(30, 56), (52, 90), (3, 35), (28, 6)]
after pos [(7, 62), (55, 90), (21, 15), (24, 11)]
current pos [(7, 62), (55, 90), (21, 15), (24, 11)]
after pos [(21, 45), (77, 85), (20, 19), (26, 22)]
current pos [(21, 45), (77, 85), (20, 19), (26, 22)]
after pos [(12, 47), (76, 79), (37, 13), (10, 29)]
current pos [(12, 47), (76, 79), (37, 13), (10, 29)]
after pos [(12, 64), (69, 92), (60, 21), (39, 27)]
current pos [(12, 64), (69, 92), (60, 21), (39, 27)]
after pos [(9, 35), (50, 73), (78, 7), (35, 6)]
current pos [(9, 35), (50, 73), (78, 7), (35, 6)]
after pos [(34, 34), (35, 65), (94, 11), (42, 9)]
current pos [(34, 34), (35, 65), (94, 11), (42, 9)]
after pos [(60, 41), (21, 68), (87, 14), (45, 29)]
current pos [(60, 41), (21, 68), (87, 14), (45, 29)]
after pos [(69, 63), (5, 84), (86, 17), (50, 47)]
current pos [(69, 63), (5, 84), (86, 17), (50, 47)]
after pos [(45, 64), (9, 57), (96, 21), (78, 38)]
current pos [(45, 64), (9, 57), (96, 21), (78, 38)]
after pos [(31, 76), (32, 74), (86, 20), (52, 25)]
│  map 7  steps=14  dist=[303.8250012273087, 255.81066475354902, 235.6971060005769, 292.29547651090496]  rmse=0.01545422
2353241715  cov=9.48999971151352%  iou=0.9567198177676538  [148/200]
current pos [(31, 76), (32, 74), (86, 20), (52, 25)]
after pos [(45, 68), (22, 59), (86, 19), (22, 25)]
current pos [(45, 68), (22, 59), (86, 19), (22, 25)]
after pos [(16, 64), (22, 50), (73, 23), (31, 9)]
current pos [(16, 64), (22, 50), (73, 23), (31, 9)]
after pos [(28, 56), (9, 77), (53, 11), (55, 0)]
current pos [(28, 56), (9, 77), (53, 11), (55, 0)]
after pos [(28, 55), (2, 94), (32, 30), (33, 16)]
current pos [(28, 55), (2, 94), (32, 30), (33, 16)]
after pos [(20, 71), (29, 92), (21, 14), (17, 41)]
current pos [(20, 71), (29, 92), (21, 14), (17, 41)]
after pos [(38, 70), (49, 94), (15, 12), (27, 21)]
current pos [(38, 70), (49, 94), (15, 12), (27, 21)]
after pos [(15, 89), (58, 98), (22, 37), (17, 19)]
current pos [(15, 89), (58, 98), (22, 37), (17, 19)]
after pos [(1, 68), (39, 77), (24, 49), (23, 1)]
current pos [(1, 68), (39, 77), (24, 49), (23, 1)]
after pos [(1, 69), (57, 70), (48, 57), (28, 9)]
current pos [(1, 69), (57, 70), (48, 57), (28, 9)]
after pos [(17, 65), (52, 86), (73, 66), (42, 19)]
current pos [(17, 65), (52, 86), (73, 66), (42, 19)]
after pos [(36, 44), (48, 99), (94, 45), (66, 10)]
current pos [(36, 44), (48, 99), (94, 45), (66, 10)]
after pos [(58, 32), (68, 77), (79, 34), (83, 1)]
current pos [(58, 32), (68, 77), (79, 34), (83, 1)]
after pos [(52, 7), (58, 84), (94, 28), (93, 27)]
current pos [(52, 7), (58, 84), (94, 28), (93, 27)]
after pos [(63, 34), (82, 82), (66, 32), (77, 10)]
│  map 8  steps=14  dist=[277.5459447713387, 276.42098242488476, 274.721168305463, 305.11457950460624]  rmse=0.018976415
433103737  cov=9.560000151395798%  iou=0.9490161001788909  [149/200]
current pos [(63, 34), (82, 82), (66, 32), (77, 10)]
after pos [(66, 9), (97, 76), (36, 32), (97, 14)]
current pos [(66, 9), (97, 76), (36, 32), (97, 14)]
after pos [(54, 2), (83, 80), (31, 54), (94, 24)]
current pos [(54, 2), (83, 80), (31, 54), (94, 24)]
after pos [(51, 7), (53, 80), (39, 50), (75, 38)]
current pos [(51, 7), (53, 80), (39, 50), (75, 38)]
after pos [(73, 8), (39, 89), (41, 73), (94, 38)]
current pos [(73, 8), (39, 89), (41, 73), (94, 38)]
after pos [(82, 17), (32, 60), (37, 63), (69, 46)]
current pos [(82, 17), (32, 60), (37, 63), (69, 46)]
after pos [(99, 34), (6, 57), (48, 75), (59, 73)]
current pos [(99, 34), (6, 57), (48, 75), (59, 73)]
after pos [(70, 30), (30, 58), (65, 82), (41, 53)]
current pos [(70, 30), (30, 58), (65, 82), (41, 53)]
after pos [(68, 39), (16, 47), (68, 61), (42, 66)]
current pos [(68, 39), (16, 47), (68, 61), (42, 66)]
after pos [(82, 65), (8, 42), (97, 65), (31, 58)]
current pos [(82, 65), (8, 42), (97, 65), (31, 58)]
after pos [(84, 87), (25, 50), (74, 49), (19, 60)]
current pos [(84, 87), (25, 50), (74, 49), (19, 60)]
after pos [(77, 81), (32, 58), (67, 76), (35, 56)]
current pos [(77, 81), (32, 58), (67, 76), (35, 56)]
after pos [(49, 71), (31, 48), (50, 54), (50, 69)]
current pos [(49, 71), (31, 48), (50, 54), (50, 69)]
after pos [(52, 99), (24, 56), (51, 25), (55, 79)]
current pos [(52, 99), (24, 56), (51, 25), (55, 79)]
after pos [(37, 94), (4, 39), (36, 46), (58, 70)]
│  map 9  steps=14  dist=[276.7328215577415, 260.9709738312248, 319.05137773135465, 251.20007868592143]  rmse=0.02257419
878322935  cov=9.440000355243683%  iou=0.8811357074109721  [150/200]
└─ done

┌─ model=edl  policy=orienteering
current pos [(37, 94), (4, 39), (36, 46), (58, 70)]
after pos [(34, 94), (4, 36), (36, 48), (56, 70)]
current pos [(34, 94), (4, 36), (36, 48), (56, 70)]
after pos [(32, 94), (6, 34), (36, 50), (54, 70)]
current pos [(32, 94), (6, 34), (36, 50), (54, 70)]
after pos [(32, 92), (8, 32), (36, 52), (52, 70)]
current pos [(32, 92), (8, 32), (36, 52), (52, 70)]
after pos [(32, 90), (10, 30), (34, 48), (50, 72)]
current pos [(32, 90), (10, 30), (34, 48), (50, 72)]
after pos [(32, 88), (12, 28), (32, 44), (48, 72)]
current pos [(32, 88), (12, 28), (32, 44), (48, 72)]
after pos [(34, 80), (14, 24), (22, 20), (46, 72)]
current pos [(34, 80), (14, 24), (22, 20), (46, 72)]
after pos [(34, 78), (14, 22), (22, 18), (40, 64)]
current pos [(34, 78), (14, 22), (22, 18), (40, 64)]
after pos [(34, 76), (14, 20), (22, 16), (36, 58)]
current pos [(34, 76), (14, 20), (22, 16), (36, 58)]
after pos [(34, 74), (14, 18), (22, 14), (34, 54)]
current pos [(34, 74), (14, 18), (22, 14), (34, 54)]
after pos [(32, 72), (14, 16), (22, 12), (32, 50)]
current pos [(32, 72), (14, 16), (22, 12), (32, 50)]
after pos [(30, 70), (14, 14), (20, 10), (30, 46)]
current pos [(30, 70), (14, 14), (20, 10), (30, 46)]
after pos [(28, 70), (14, 12), (22, 8), (28, 42)]
current pos [(28, 70), (14, 12), (22, 8), (28, 42)]
after pos [(28, 68), (14, 8), (16, 10), (24, 40)]
current pos [(28, 68), (14, 8), (16, 10), (24, 40)]
after pos [(28, 66), (8, 10), (16, 18), (22, 36)]
current pos [(28, 66), (8, 10), (16, 18), (22, 36)]
after pos [(28, 64), (8, 16), (20, 18), (20, 34)]
current pos [(28, 64), (8, 16), (20, 18), (20, 34)]
after pos [(28, 62), (8, 20), (18, 12), (20, 32)]
current pos [(28, 62), (8, 20), (18, 12), (20, 32)]
after pos [(28, 60), (12, 12), (28, 8), (20, 30)]
current pos [(28, 60), (12, 12), (28, 8), (20, 30)]
after pos [(26, 52), (10, 12), (28, 14), (20, 28)]
current pos [(26, 52), (10, 12), (28, 14), (20, 28)]
after pos [(24, 46), (12, 16), (24, 14), (18, 26)]
current pos [(24, 46), (12, 16), (24, 14), (18, 26)]
after pos [(22, 42), (12, 20), (24, 12), (18, 20)]
current pos [(22, 42), (12, 20), (24, 12), (18, 20)]
after pos [(20, 40), (8, 22), (24, 20), (16, 20)]
current pos [(20, 40), (8, 22), (24, 20), (16, 20)]
after pos [(24, 32), (8, 24), (30, 20), (16, 22)]
current pos [(24, 32), (8, 24), (30, 20), (16, 22)]
after pos [(20, 20), (12, 24), (30, 8), (16, 24)]
current pos [(20, 20), (12, 24), (30, 8), (16, 24)]
after pos [(26, 18), (8, 28), (32, 8), (16, 28)]
current pos [(26, 18), (8, 28), (32, 8), (16, 28)]
after pos [(34, 14), (12, 32), (34, 8), (16, 32)]
current pos [(34, 14), (12, 32), (34, 8), (16, 32)]
after pos [(34, 10), (14, 28), (36, 8), (12, 36)]
current pos [(34, 10), (14, 28), (36, 8), (12, 36)]
after pos [(32, 10), (14, 30), (38, 8), (8, 36)]
current pos [(32, 10), (14, 30), (38, 8), (8, 36)]
after pos [(42, 10), (28, 24), (40, 8), (8, 38)]
current pos [(42, 10), (28, 24), (40, 8), (8, 38)]
after pos [(42, 12), (32, 24), (38, 12), (8, 40)]
current pos [(42, 12), (32, 24), (38, 12), (8, 40)]
after pos [(42, 18), (34, 24), (36, 14), (10, 42)]
current pos [(42, 18), (34, 24), (36, 14), (10, 42)]
after pos [(40, 18), (36, 24), (36, 16), (14, 40)]
current pos [(40, 18), (36, 24), (36, 16), (14, 40)]
after pos [(32, 18), (36, 22), (36, 18), (18, 34)]
current pos [(32, 18), (36, 22), (36, 18), (18, 34)]
after pos [(32, 22), (36, 20), (40, 14), (18, 32)]
current pos [(32, 22), (36, 20), (40, 14), (18, 32)]
after pos [(30, 22), (42, 20), (40, 20), (22, 32)]
current pos [(30, 22), (42, 20), (40, 20), (22, 32)]
after pos [(26, 22), (42, 22), (40, 22), (36, 26)]
current pos [(26, 22), (42, 22), (40, 22), (36, 26)]
after pos [(26, 6), (42, 24), (38, 24), (36, 32)]
current pos [(26, 6), (42, 24), (38, 24), (36, 32)]
after pos [(24, 6), (42, 26), (38, 30), (30, 32)]
current pos [(24, 6), (42, 26), (38, 30), (30, 32)]
after pos [(22, 6), (44, 24), (40, 30), (32, 36)]
current pos [(22, 6), (44, 24), (40, 30), (32, 36)]
after pos [(20, 6), (46, 22), (32, 30), (32, 38)]
current pos [(20, 6), (46, 22), (32, 30), (32, 38)]
after pos [(18, 6), (44, 20), (28, 26), (36, 36)]
current pos [(18, 6), (44, 20), (28, 26), (36, 36)]
after pos [(16, 8), (46, 18), (40, 28), (38, 34)]
current pos [(16, 8), (46, 18), (40, 28), (38, 34)]
after pos [(16, 6), (46, 16), (40, 26), (34, 34)]
current pos [(16, 6), (46, 16), (40, 26), (34, 34)]
after pos [(14, 6), (46, 8), (42, 28), (38, 32)]
current pos [(14, 6), (46, 8), (42, 28), (38, 32)]
after pos [(6, 8), (42, 8), (42, 30), (44, 32)]
current pos [(6, 8), (42, 8), (42, 30), (44, 32)]
after pos [(6, 10), (44, 12), (40, 34), (42, 34)]
current pos [(6, 10), (44, 12), (40, 34), (42, 34)]
after pos [(6, 12), (44, 10), (42, 36), (40, 36)]
current pos [(6, 12), (44, 10), (42, 36), (40, 36)]
after pos [(6, 14), (44, 16), (40, 38), (34, 40)]
current pos [(6, 14), (44, 16), (40, 38), (34, 40)]
after pos [(4, 18), (48, 16), (42, 40), (34, 44)]
current pos [(4, 18), (48, 16), (42, 40), (34, 44)]
after pos [(6, 22), (50, 16), (42, 42), (36, 44)]
current pos [(6, 22), (50, 16), (42, 42), (36, 44)]
after pos [(12, 22), (48, 8), (38, 52), (40, 44)]
current pos [(12, 22), (48, 8), (38, 52), (40, 44)]
after pos [(10, 34), (50, 8), (38, 56), (38, 40)]
current pos [(10, 34), (50, 8), (38, 56), (38, 40)]
after pos [(14, 48), (52, 8), (40, 52), (38, 42)]
current pos [(14, 48), (52, 8), (40, 52), (38, 42)]
after pos [(16, 46), (54, 8), (42, 48), (36, 42)]
current pos [(16, 46), (54, 8), (42, 48), (36, 42)]
after pos [(18, 38), (52, 14), (44, 44), (38, 46)]
current pos [(18, 38), (52, 14), (44, 44), (38, 46)]
after pos [(20, 44), (50, 18), (46, 38), (44, 38)]
current pos [(20, 44), (50, 18), (46, 38), (44, 38)]
after pos [(20, 46), (44, 30), (48, 18), (44, 36)]
current pos [(20, 46), (44, 30), (48, 18), (44, 36)]
after pos [(20, 48), (50, 30), (50, 22), (48, 34)]
current pos [(20, 48), (50, 30), (50, 22), (48, 34)]
after pos [(22, 50), (52, 28), (50, 24), (50, 32)]
current pos [(22, 50), (52, 28), (50, 24), (50, 32)]
after pos [(26, 60), (52, 26), (52, 22), (50, 26)]
current pos [(26, 60), (52, 26), (52, 22), (50, 26)]
after pos [(30, 60), (54, 24), (54, 22), (52, 20)]
current pos [(30, 60), (54, 24), (54, 22), (52, 20)]
after pos [(32, 60), (60, 24), (54, 20), (56, 10)]
current pos [(32, 60), (60, 24), (54, 20), (56, 10)]
after pos [(32, 58), (60, 18), (60, 20), (58, 12)]
current pos [(32, 58), (60, 18), (60, 20), (58, 12)]
after pos [(32, 56), (62, 10), (56, 16), (60, 12)]
│  map 0  steps=63  dist=[277.37921049352576, 254.16455460631394, 300.98309600357595, 261.2102045863201]  rmse=0.0152289
68090262442  cov=9.510000050067902%  iou=0.9384615384615385  [151/200]
current pos [(32, 56), (62, 10), (56, 16), (60, 12)]
after pos [(32, 54), (62, 12), (58, 16), (58, 12)]
current pos [(32, 54), (62, 12), (58, 16), (58, 12)]
after pos [(32, 52), (62, 14), (60, 16), (56, 12)]
current pos [(32, 52), (62, 14), (60, 16), (56, 12)]
after pos [(32, 50), (62, 16), (54, 14), (54, 12)]
current pos [(32, 50), (62, 16), (54, 14), (54, 12)]
after pos [(34, 44), (54, 16), (50, 16), (50, 14)]
current pos [(34, 44), (54, 16), (50, 16), (50, 14)]
after pos [(34, 42), (52, 18), (46, 18), (46, 16)]
current pos [(34, 42), (52, 18), (46, 18), (46, 16)]
after pos [(32, 34), (50, 18), (44, 18), (44, 16)]
current pos [(32, 34), (50, 18), (44, 18), (44, 16)]
after pos [(36, 44), (48, 18), (42, 18), (42, 16)]
current pos [(36, 44), (48, 18), (42, 18), (42, 16)]
after pos [(38, 46), (44, 20), (36, 20), (40, 16)]
current pos [(38, 46), (44, 20), (36, 20), (40, 16)]
after pos [(38, 48), (40, 22), (34, 24), (38, 16)]
current pos [(38, 48), (40, 22), (34, 24), (38, 16)]
after pos [(38, 50), (42, 26), (34, 26), (30, 22)]
current pos [(38, 50), (42, 26), (34, 26), (30, 22)]
after pos [(40, 50), (44, 32), (36, 32), (28, 26)]
current pos [(40, 50), (44, 32), (36, 32), (28, 26)]
after pos [(42, 50), (44, 34), (38, 34), (26, 30)]
current pos [(42, 50), (44, 34), (38, 34), (26, 30)]
after pos [(44, 50), (44, 36), (42, 40), (26, 32)]
current pos [(44, 50), (44, 36), (42, 40), (26, 32)]
after pos [(50, 50), (44, 38), (42, 42), (26, 34)]
current pos [(50, 50), (44, 38), (42, 42), (26, 34)]
after pos [(50, 52), (44, 40), (42, 44), (26, 36)]
current pos [(50, 52), (44, 40), (42, 44), (26, 36)]
after pos [(50, 54), (44, 42), (42, 46), (26, 38)]
current pos [(50, 54), (44, 42), (42, 46), (26, 38)]
after pos [(46, 60), (44, 44), (42, 48), (26, 40)]
current pos [(46, 60), (44, 44), (42, 48), (26, 40)]
after pos [(44, 60), (44, 46), (40, 54), (26, 42)]
current pos [(44, 60), (44, 46), (40, 54), (26, 42)]
after pos [(42, 58), (46, 54), (40, 56), (28, 46)]
current pos [(42, 58), (46, 54), (40, 56), (28, 46)]
after pos [(40, 60), (42, 56), (40, 58), (28, 48)]
current pos [(40, 60), (42, 56), (40, 58), (28, 48)]
after pos [(30, 60), (42, 62), (38, 58), (28, 50)]
current pos [(30, 60), (42, 62), (38, 58), (28, 50)]
after pos [(34, 62), (44, 62), (30, 62), (28, 52)]
current pos [(34, 62), (44, 62), (30, 62), (28, 52)]
after pos [(38, 64), (44, 64), (34, 64), (28, 54)]
current pos [(38, 64), (44, 64), (34, 64), (28, 54)]
after pos [(38, 70), (44, 72), (38, 66), (28, 56)]
current pos [(38, 70), (44, 72), (38, 66), (28, 56)]
after pos [(36, 70), (46, 72), (34, 66), (26, 58)]
current pos [(36, 70), (46, 72), (34, 66), (26, 58)]
after pos [(34, 70), (46, 70), (32, 66), (24, 60)]
current pos [(34, 70), (46, 70), (32, 66), (24, 60)]
after pos [(32, 70), (48, 70), (30, 64), (22, 58)]
current pos [(32, 70), (48, 70), (30, 64), (22, 58)]
after pos [(30, 70), (48, 62), (28, 66), (20, 58)]
current pos [(30, 70), (48, 62), (28, 66), (20, 58)]
after pos [(28, 70), (50, 62), (26, 66), (18, 58)]
current pos [(28, 70), (50, 62), (26, 66), (18, 58)]
after pos [(26, 70), (50, 64), (24, 68), (16, 60)]
current pos [(26, 70), (50, 64), (24, 68), (16, 60)]
after pos [(24, 72), (56, 64), (18, 66), (12, 58)]
current pos [(24, 72), (56, 64), (18, 66), (12, 58)]
after pos [(22, 72), (56, 66), (18, 64), (12, 60)]
current pos [(22, 72), (56, 66), (18, 64), (12, 60)]
after pos [(20, 72), (56, 68), (16, 64), (12, 62)]
current pos [(20, 72), (56, 68), (16, 64), (12, 62)]
after pos [(18, 70), (56, 76), (14, 64), (12, 64)]
current pos [(18, 70), (56, 76), (14, 64), (12, 64)]
after pos [(16, 70), (52, 74), (14, 66), (10, 66)]
current pos [(16, 70), (52, 74), (14, 66), (10, 66)]
after pos [(14, 70), (48, 76), (12, 70), (10, 68)]
current pos [(14, 70), (48, 76), (12, 70), (10, 68)]
after pos [(14, 72), (46, 76), (10, 70), (10, 72)]
current pos [(14, 72), (46, 76), (10, 70), (10, 72)]
after pos [(12, 72), (44, 76), (8, 70), (8, 72)]
current pos [(12, 72), (44, 76), (8, 70), (8, 72)]
after pos [(8, 80), (42, 76), (8, 68), (8, 76)]
current pos [(8, 80), (42, 76), (8, 68), (8, 76)]
after pos [(8, 66), (40, 74), (8, 64), (8, 62)]
current pos [(8, 66), (40, 74), (8, 64), (8, 62)]
after pos [(8, 50), (40, 72), (8, 52), (8, 54)]
current pos [(8, 50), (40, 72), (8, 52), (8, 54)]
after pos [(8, 46), (40, 62), (12, 52), (12, 54)]
current pos [(8, 46), (40, 62), (12, 52), (12, 54)]
after pos [(8, 44), (38, 62), (12, 50), (10, 58)]
current pos [(8, 44), (38, 62), (12, 50), (10, 58)]
after pos [(8, 42), (28, 62), (12, 48), (10, 56)]
current pos [(8, 42), (28, 62), (12, 48), (10, 56)]
after pos [(8, 40), (18, 62), (12, 46), (10, 62)]
current pos [(8, 40), (18, 62), (12, 46), (10, 62)]
after pos [(10, 42), (18, 56), (16, 48), (14, 54)]
current pos [(10, 42), (18, 56), (16, 48), (14, 54)]
after pos [(12, 44), (20, 56), (20, 50), (16, 54)]
current pos [(12, 44), (20, 56), (20, 50), (16, 54)]
after pos [(16, 42), (26, 52), (22, 50), (18, 54)]
current pos [(16, 42), (26, 52), (22, 50), (18, 54)]
after pos [(18, 44), (26, 46), (26, 50), (26, 54)]
current pos [(18, 44), (26, 46), (26, 50), (26, 54)]
after pos [(24, 46), (16, 46), (24, 48), (28, 60)]
current pos [(24, 46), (16, 46), (24, 48), (28, 60)]
after pos [(24, 44), (16, 50), (20, 48), (36, 56)]
current pos [(24, 44), (16, 50), (20, 48), (36, 56)]
after pos [(24, 42), (16, 52), (20, 42), (36, 50)]
current pos [(24, 42), (16, 52), (20, 42), (36, 50)]
after pos [(24, 40), (22, 52), (18, 40), (42, 54)]
current pos [(24, 40), (22, 52), (18, 40), (42, 54)]
after pos [(22, 38), (24, 56), (16, 40), (42, 72)]
current pos [(22, 38), (24, 56), (16, 40), (42, 72)]
after pos [(20, 38), (26, 64), (8, 36), (38, 72)]
current pos [(20, 38), (26, 64), (8, 36), (38, 72)]
after pos [(18, 36), (20, 64), (10, 50), (30, 74)]
current pos [(18, 36), (20, 64), (10, 50), (30, 74)]
after pos [(10, 32), (18, 68), (14, 62), (26, 76)]
current pos [(10, 32), (18, 68), (14, 62), (26, 76)]
after pos [(10, 26), (16, 72), (16, 66), (22, 78)]
current pos [(10, 26), (16, 72), (16, 66), (22, 78)]
after pos [(12, 26), (16, 74), (16, 68), (20, 78)]
current pos [(12, 26), (16, 74), (16, 68), (20, 78)]
after pos [(18, 28), (14, 76), (14, 74), (18, 80)]
current pos [(18, 28), (14, 76), (14, 74), (18, 80)]
after pos [(18, 30), (12, 76), (12, 78), (16, 82)]
current pos [(18, 30), (12, 76), (12, 78), (16, 82)]
after pos [(18, 34), (8, 84), (12, 80), (14, 82)]
current pos [(18, 34), (8, 84), (12, 80), (14, 82)]
after pos [(24, 34), (10, 90), (12, 82), (18, 84)]
current pos [(24, 34), (10, 90), (12, 82), (18, 84)]
after pos [(28, 36), (16, 88), (10, 82), (20, 84)]
current pos [(28, 36), (16, 88), (10, 82), (20, 84)]
after pos [(30, 38), (18, 86), (14, 80), (22, 82)]
current pos [(30, 38), (18, 86), (14, 80), (22, 82)]
after pos [(30, 40), (20, 82), (22, 80), (26, 80)]
current pos [(30, 40), (20, 82), (22, 80), (26, 80)]
after pos [(30, 42), (30, 78), (28, 82), (28, 78)]
current pos [(30, 42), (30, 78), (28, 82), (28, 78)]
after pos [(30, 56), (32, 78), (30, 82), (30, 76)]
current pos [(30, 56), (32, 78), (30, 82), (30, 76)]
after pos [(34, 54), (34, 78), (32, 82), (38, 76)]
current pos [(34, 54), (34, 78), (32, 82), (38, 76)]
after pos [(38, 56), (42, 78), (34, 82), (38, 82)]
│  map 1  steps=70  dist=[277.0353672996465, 302.4268605876576, 274.3268381311605, 279.1481796949557]  rmse=0.0157834554
9363614  cov=9.459999948740005%  iou=0.9290378754897692  [152/200]
current pos [(38, 56), (42, 78), (34, 82), (38, 82)]
after pos [(36, 56), (42, 76), (34, 80), (40, 82)]
current pos [(36, 56), (42, 76), (34, 80), (40, 82)]
after pos [(34, 56), (42, 74), (34, 78), (42, 82)]
current pos [(34, 56), (42, 74), (34, 78), (42, 82)]
after pos [(32, 56), (42, 72), (34, 76), (44, 82)]
current pos [(32, 56), (42, 72), (34, 76), (44, 82)]
after pos [(36, 58), (52, 66), (58, 66), (52, 76)]
current pos [(36, 58), (52, 66), (58, 66), (52, 76)]
after pos [(40, 60), (56, 64), (58, 64), (58, 68)]
current pos [(40, 60), (56, 64), (58, 64), (58, 68)]
after pos [(44, 62), (58, 62), (60, 64), (60, 66)]
current pos [(44, 62), (58, 62), (60, 64), (60, 66)]
after pos [(46, 62), (60, 62), (60, 60), (66, 64)]
current pos [(46, 62), (60, 62), (60, 60), (66, 64)]
after pos [(50, 64), (64, 62), (62, 62), (66, 66)]
current pos [(50, 64), (64, 62), (62, 62), (66, 66)]
after pos [(64, 70), (62, 68), (64, 68), (66, 68)]
current pos [(64, 70), (62, 68), (64, 68), (66, 68)]
after pos [(64, 72), (62, 76), (66, 70), (66, 72)]
current pos [(64, 72), (62, 76), (66, 70), (66, 72)]
after pos [(64, 78), (64, 76), (74, 70), (66, 74)]
current pos [(64, 78), (64, 76), (74, 70), (66, 74)]
after pos [(62, 78), (72, 76), (74, 72), (66, 82)]
current pos [(62, 78), (72, 76), (74, 72), (66, 82)]
after pos [(60, 78), (72, 78), (74, 82), (64, 82)]
current pos [(60, 78), (72, 78), (74, 82), (64, 82)]
after pos [(54, 78), (72, 84), (70, 84), (62, 82)]
current pos [(54, 78), (72, 84), (70, 84), (62, 82)]
after pos [(54, 80), (68, 84), (66, 84), (60, 82)]
current pos [(54, 80), (68, 84), (66, 84), (60, 82)]
after pos [(54, 86), (64, 84), (62, 84), (58, 82)]
current pos [(54, 86), (64, 84), (62, 84), (58, 82)]
after pos [(52, 86), (60, 84), (58, 84), (50, 82)]
current pos [(52, 86), (60, 84), (58, 84), (50, 82)]
after pos [(50, 86), (60, 80), (56, 84), (44, 84)]
current pos [(50, 86), (60, 80), (56, 84), (44, 84)]
after pos [(48, 86), (58, 80), (56, 80), (42, 84)]
current pos [(48, 86), (58, 80), (56, 80), (42, 84)]
after pos [(46, 86), (58, 72), (60, 72), (38, 86)]
current pos [(46, 86), (58, 72), (60, 72), (38, 86)]
after pos [(44, 86), (56, 76), (56, 74), (36, 86)]
current pos [(44, 86), (56, 76), (56, 74), (36, 86)]
after pos [(42, 86), (48, 74), (52, 72), (34, 86)]
current pos [(42, 86), (48, 74), (52, 72), (34, 86)]
after pos [(34, 88), (46, 74), (40, 68), (32, 86)]
current pos [(34, 88), (46, 74), (40, 68), (32, 86)]
after pos [(32, 88), (44, 74), (38, 68), (30, 88)]
current pos [(32, 88), (44, 74), (38, 68), (30, 88)]
after pos [(28, 88), (34, 74), (36, 68), (26, 88)]
current pos [(28, 88), (34, 74), (36, 68), (26, 88)]
after pos [(24, 88), (32, 74), (34, 68), (22, 88)]
current pos [(24, 88), (32, 74), (34, 68), (22, 88)]
after pos [(20, 88), (30, 74), (32, 68), (18, 88)]
current pos [(20, 88), (30, 74), (32, 68), (18, 88)]
after pos [(16, 88), (28, 74), (30, 68), (14, 88)]
current pos [(16, 88), (28, 74), (30, 68), (14, 88)]
after pos [(12, 88), (24, 76), (28, 68), (12, 84)]
current pos [(12, 88), (24, 76), (28, 68), (12, 84)]
after pos [(10, 88), (22, 76), (26, 68), (12, 82)]
current pos [(10, 88), (22, 76), (26, 68), (12, 82)]
after pos [(10, 86), (20, 78), (24, 68), (10, 80)]
current pos [(10, 86), (20, 78), (24, 68), (10, 80)]
after pos [(8, 86), (18, 80), (22, 68), (10, 78)]
current pos [(8, 86), (18, 80), (22, 68), (10, 78)]
after pos [(8, 84), (16, 78), (20, 68), (10, 76)]
current pos [(8, 84), (16, 78), (20, 68), (10, 76)]
after pos [(8, 82), (14, 76), (18, 68), (8, 76)]
current pos [(8, 82), (14, 76), (18, 68), (8, 76)]
after pos [(8, 80), (14, 74), (16, 68), (8, 74)]
current pos [(8, 80), (14, 74), (16, 68), (8, 74)]
after pos [(8, 78), (12, 72), (14, 68), (8, 64)]
current pos [(8, 78), (12, 72), (14, 68), (8, 64)]
after pos [(10, 74), (10, 68), (12, 68), (8, 58)]
current pos [(10, 74), (10, 68), (12, 68), (8, 58)]
after pos [(10, 72), (10, 56), (10, 60), (8, 54)]
current pos [(10, 72), (10, 56), (10, 60), (8, 54)]
after pos [(14, 80), (10, 50), (16, 62), (8, 50)]
current pos [(14, 80), (10, 50), (16, 62), (8, 50)]
after pos [(16, 82), (10, 44), (18, 64), (12, 52)]
current pos [(16, 82), (10, 44), (18, 64), (12, 52)]
after pos [(18, 84), (12, 46), (20, 62), (16, 54)]
current pos [(18, 84), (12, 46), (20, 62), (16, 54)]
after pos [(20, 82), (14, 50), (22, 64), (18, 54)]
current pos [(20, 82), (14, 50), (22, 64), (18, 54)]
after pos [(22, 80), (20, 54), (24, 64), (20, 56)]
current pos [(22, 80), (20, 54), (24, 64), (20, 56)]
after pos [(28, 82), (22, 56), (26, 64), (26, 58)]
current pos [(28, 82), (22, 56), (26, 64), (26, 58)]
after pos [(28, 80), (24, 58), (28, 62), (28, 60)]
current pos [(28, 80), (24, 58), (28, 62), (28, 60)]
after pos [(28, 76), (24, 60), (30, 64), (30, 62)]
current pos [(28, 76), (24, 60), (30, 64), (30, 62)]
after pos [(24, 72), (22, 60), (32, 62), (32, 60)]
current pos [(24, 72), (22, 60), (32, 62), (32, 60)]
after pos [(16, 72), (20, 60), (38, 64), (36, 62)]
current pos [(16, 72), (20, 60), (38, 64), (36, 62)]
after pos [(10, 84), (18, 60), (40, 64), (32, 66)]
current pos [(10, 84), (18, 60), (40, 64), (32, 66)]
after pos [(8, 88), (16, 58), (42, 64), (30, 66)]
current pos [(8, 88), (16, 58), (42, 64), (30, 66)]
after pos [(8, 90), (12, 58), (44, 64), (28, 66)]
current pos [(8, 90), (12, 58), (44, 64), (28, 66)]
after pos [(12, 90), (12, 54), (48, 66), (26, 66)]
current pos [(12, 90), (12, 54), (48, 66), (26, 66)]
after pos [(14, 90), (20, 58), (46, 66), (16, 66)]
current pos [(14, 90), (20, 58), (46, 66), (16, 66)]
after pos [(16, 90), (24, 62), (36, 66), (20, 70)]
current pos [(16, 90), (24, 62), (36, 66), (20, 70)]
after pos [(18, 90), (28, 70), (36, 70), (26, 70)]
current pos [(18, 90), (28, 70), (36, 70), (26, 70)]
after pos [(20, 90), (36, 72), (38, 72), (28, 72)]
current pos [(20, 90), (36, 72), (38, 72), (28, 72)]
after pos [(22, 90), (36, 84), (40, 80), (32, 82)]
current pos [(22, 90), (36, 84), (40, 80), (32, 82)]
after pos [(24, 90), (34, 84), (48, 76), (24, 86)]
current pos [(24, 90), (34, 84), (48, 76), (24, 86)]
after pos [(26, 90), (32, 84), (70, 64), (16, 86)]
current pos [(26, 90), (32, 84), (70, 64), (16, 86)]
after pos [(28, 90), (22, 84), (62, 58), (14, 84)]
current pos [(28, 90), (22, 84), (62, 58), (14, 84)]
after pos [(30, 90), (28, 86), (56, 58), (18, 76)]
current pos [(30, 90), (28, 86), (56, 58), (18, 76)]
after pos [(32, 90), (34, 90), (54, 62), (22, 74)]
current pos [(32, 90), (34, 90), (54, 62), (22, 74)]
after pos [(36, 90), (38, 90), (54, 60), (20, 74)]
current pos [(36, 90), (38, 90), (54, 60), (20, 74)]
after pos [(40, 90), (42, 90), (46, 60), (18, 74)]
current pos [(40, 90), (42, 90), (46, 60), (18, 74)]
after pos [(44, 90), (46, 90), (48, 58), (16, 70)]
current pos [(44, 90), (46, 90), (48, 58), (16, 70)]
after pos [(46, 88), (48, 90), (50, 56), (14, 70)]
│  map 2  steps=66  dist=[234.79479816151857, 297.41599112664113, 302.53704924364206, 271.7070437019751]  rmse=0.0131863
40244629313  cov=9.229999780654907%  iou=0.9262745098039216  [153/200]
current pos [(46, 88), (48, 90), (50, 56), (14, 70)]
after pos [(46, 86), (50, 90), (50, 58), (14, 68)]
current pos [(46, 86), (50, 90), (50, 58), (14, 68)]
after pos [(46, 84), (52, 90), (50, 60), (14, 66)]
current pos [(46, 84), (52, 90), (50, 60), (14, 66)]
after pos [(46, 82), (54, 90), (50, 62), (14, 64)]
current pos [(46, 82), (54, 90), (50, 62), (14, 64)]
after pos [(50, 80), (56, 88), (52, 64), (12, 66)]
current pos [(50, 80), (56, 88), (52, 64), (12, 66)]
after pos [(54, 78), (62, 84), (54, 66), (10, 70)]
current pos [(54, 78), (62, 84), (54, 66), (10, 70)]
after pos [(56, 78), (66, 82), (56, 68), (10, 72)]
current pos [(56, 78), (66, 82), (56, 68), (10, 72)]
after pos [(58, 78), (70, 84), (58, 70), (10, 74)]
current pos [(58, 78), (70, 84), (58, 70), (10, 74)]
after pos [(60, 78), (72, 84), (60, 74), (8, 74)]
current pos [(60, 78), (72, 84), (60, 74), (8, 74)]
after pos [(62, 78), (74, 82), (68, 76), (8, 88)]
current pos [(62, 78), (74, 82), (68, 76), (8, 88)]
after pos [(64, 78), (76, 82), (72, 78), (12, 88)]
current pos [(64, 78), (76, 82), (72, 78), (12, 88)]
after pos [(66, 78), (84, 88), (78, 80), (10, 78)]
current pos [(66, 78), (84, 88), (78, 80), (10, 78)]
after pos [(70, 80), (90, 88), (82, 82), (8, 70)]
current pos [(70, 80), (90, 88), (82, 82), (8, 70)]
after pos [(72, 80), (90, 90), (84, 82), (8, 66)]
current pos [(72, 80), (90, 90), (84, 82), (8, 66)]
after pos [(76, 86), (88, 90), (90, 82), (8, 62)]
current pos [(76, 86), (88, 90), (90, 82), (8, 62)]
after pos [(76, 90), (86, 90), (88, 86), (10, 56)]
current pos [(76, 90), (86, 90), (88, 86), (10, 56)]
after pos [(68, 90), (84, 90), (90, 86), (12, 60)]
current pos [(68, 90), (84, 90), (90, 86), (12, 60)]
after pos [(60, 90), (82, 90), (82, 84), (10, 64)]
current pos [(60, 90), (82, 90), (82, 84), (10, 64)]
after pos [(54, 86), (80, 90), (82, 76), (10, 66)]
current pos [(54, 86), (80, 90), (82, 76), (10, 66)]
after pos [(52, 86), (78, 86), (90, 80), (12, 70)]
current pos [(52, 86), (78, 86), (90, 80), (12, 70)]
after pos [(50, 86), (78, 88), (84, 80), (12, 72)]
current pos [(50, 86), (78, 88), (84, 80), (12, 72)]
after pos [(48, 86), (74, 88), (74, 76), (12, 78)]
current pos [(48, 86), (74, 88), (74, 76), (12, 78)]
after pos [(44, 86), (72, 88), (66, 80), (14, 84)]
current pos [(44, 86), (72, 88), (66, 80), (14, 84)]
after pos [(42, 86), (62, 88), (64, 80), (16, 84)]
current pos [(42, 86), (62, 88), (64, 80), (16, 84)]
after pos [(40, 86), (52, 88), (62, 80), (18, 84)]
current pos [(40, 86), (52, 88), (62, 80), (18, 84)]
after pos [(38, 86), (46, 90), (60, 80), (20, 84)]
current pos [(38, 86), (46, 90), (60, 80), (20, 84)]
after pos [(36, 86), (44, 90), (52, 82), (18, 86)]
current pos [(36, 86), (44, 90), (52, 82), (18, 86)]
after pos [(34, 86), (42, 90), (50, 82), (16, 86)]
current pos [(34, 86), (42, 90), (50, 82), (16, 86)]
after pos [(32, 86), (40, 90), (44, 82), (14, 88)]
current pos [(32, 86), (40, 90), (44, 82), (14, 88)]
after pos [(30, 86), (38, 90), (42, 82), (14, 90)]
current pos [(30, 86), (38, 90), (42, 82), (14, 90)]
after pos [(28, 86), (36, 90), (40, 82), (8, 90)]
current pos [(28, 86), (36, 90), (40, 82), (8, 90)]
after pos [(26, 86), (34, 90), (38, 82), (16, 90)]
current pos [(26, 86), (34, 90), (38, 82), (16, 90)]
after pos [(24, 88), (22, 90), (36, 82), (18, 90)]
current pos [(24, 88), (22, 90), (36, 82), (18, 90)]
after pos [(24, 84), (22, 88), (34, 82), (20, 90)]
current pos [(24, 84), (22, 88), (34, 82), (20, 90)]
after pos [(24, 82), (22, 86), (32, 82), (20, 88)]
current pos [(24, 82), (22, 86), (32, 82), (20, 88)]
after pos [(24, 74), (22, 84), (30, 80), (20, 82)]
current pos [(24, 74), (22, 84), (30, 80), (20, 82)]
after pos [(26, 74), (22, 82), (28, 80), (20, 74)]
current pos [(26, 74), (22, 82), (28, 80), (20, 74)]
after pos [(32, 76), (22, 72), (26, 80), (14, 74)]
current pos [(32, 76), (22, 72), (26, 80), (14, 74)]
after pos [(34, 78), (24, 72), (26, 84), (16, 82)]
current pos [(34, 78), (24, 72), (26, 84), (16, 82)]
after pos [(36, 80), (26, 72), (28, 84), (18, 78)]
current pos [(36, 80), (26, 72), (28, 84), (18, 78)]
after pos [(42, 76), (28, 72), (30, 84), (18, 76)]
current pos [(42, 76), (28, 72), (30, 84), (18, 76)]
after pos [(42, 74), (30, 72), (44, 84), (18, 72)]
current pos [(42, 74), (30, 72), (44, 84), (18, 72)]
after pos [(44, 76), (32, 72), (58, 84), (18, 60)]
current pos [(44, 76), (32, 72), (58, 84), (18, 60)]
after pos [(46, 76), (38, 72), (62, 82), (20, 62)]
current pos [(46, 76), (38, 72), (62, 82), (20, 62)]
after pos [(46, 78), (44, 70), (60, 82), (22, 64)]
current pos [(46, 78), (44, 70), (60, 82), (22, 64)]
after pos [(46, 80), (50, 78), (70, 86), (22, 66)]
current pos [(46, 80), (50, 78), (70, 86), (22, 66)]
after pos [(44, 80), (52, 72), (72, 86), (22, 68)]
current pos [(44, 80), (52, 72), (72, 86), (22, 68)]
after pos [(42, 80), (60, 76), (70, 82), (22, 70)]
current pos [(42, 80), (60, 76), (70, 82), (22, 70)]
after pos [(40, 80), (66, 72), (72, 70), (34, 70)]
current pos [(40, 80), (66, 72), (72, 70), (34, 70)]
after pos [(44, 78), (68, 72), (74, 70), (34, 68)]
current pos [(44, 78), (68, 72), (74, 70), (34, 68)]
after pos [(32, 74), (70, 72), (76, 70), (34, 66)]
current pos [(32, 74), (70, 72), (76, 70), (34, 66)]
after pos [(26, 78), (74, 72), (78, 72), (34, 64)]
current pos [(26, 78), (74, 72), (78, 72), (34, 64)]
after pos [(26, 68), (80, 76), (80, 72), (32, 64)]
current pos [(26, 68), (80, 76), (80, 72), (32, 64)]
after pos [(32, 68), (82, 72), (84, 70), (30, 64)]
current pos [(32, 68), (82, 72), (84, 70), (30, 64)]
after pos [(24, 62), (82, 74), (90, 78), (28, 64)]
current pos [(24, 62), (82, 74), (90, 78), (28, 64)]
after pos [(24, 68), (84, 74), (90, 72), (28, 62)]
current pos [(24, 68), (84, 74), (90, 72), (28, 62)]
after pos [(20, 72), (86, 76), (80, 70), (28, 60)]
current pos [(20, 72), (86, 76), (80, 70), (28, 60)]
after pos [(20, 66), (80, 68), (70, 70), (28, 58)]
current pos [(20, 66), (80, 68), (70, 70), (28, 58)]
after pos [(14, 58), (78, 68), (60, 70), (26, 56)]
current pos [(14, 58), (78, 68), (60, 70), (26, 56)]
after pos [(12, 56), (76, 68), (54, 70), (24, 54)]
current pos [(12, 56), (76, 68), (54, 70), (24, 54)]
after pos [(8, 48), (74, 68), (48, 70), (22, 54)]
current pos [(8, 48), (74, 68), (48, 70), (22, 54)]
after pos [(8, 56), (60, 68), (46, 68), (20, 54)]
current pos [(8, 56), (60, 68), (46, 68), (20, 54)]
after pos [(16, 56), (58, 66), (44, 66), (18, 54)]
│  map 3  steps=62  dist=[256.44988176794294, 254.75349784277645, 300.7883248933277, 239.49924181855087]  rmse=0.0101200
71552728274  cov=9.350000321865082%  iou=0.93184421534937  [154/200]
current pos [(16, 56), (58, 66), (44, 66), (18, 54)]
after pos [(16, 58), (60, 66), (44, 64), (18, 56)]
current pos [(16, 58), (60, 66), (44, 64), (18, 56)]
after pos [(16, 60), (62, 66), (44, 62), (18, 58)]
current pos [(16, 60), (62, 66), (44, 62), (18, 58)]
after pos [(16, 62), (64, 66), (44, 60), (18, 60)]
current pos [(16, 62), (64, 66), (44, 60), (18, 60)]
after pos [(18, 62), (62, 68), (42, 60), (20, 60)]
current pos [(18, 62), (62, 68), (42, 60), (20, 60)]
after pos [(20, 62), (60, 70), (40, 60), (22, 60)]
current pos [(20, 62), (60, 70), (40, 60), (22, 60)]
after pos [(22, 62), (58, 70), (40, 62), (24, 60)]
current pos [(22, 62), (58, 70), (40, 62), (24, 60)]
after pos [(24, 62), (54, 72), (38, 62), (26, 60)]
current pos [(24, 62), (54, 72), (38, 62), (26, 60)]
after pos [(26, 62), (52, 70), (38, 60), (28, 60)]
current pos [(26, 62), (52, 70), (38, 60), (28, 60)]
after pos [(28, 62), (50, 70), (32, 60), (30, 60)]
current pos [(28, 62), (50, 70), (32, 60), (30, 60)]
after pos [(30, 64), (48, 68), (32, 66), (30, 62)]
current pos [(30, 64), (48, 68), (32, 66), (30, 62)]
after pos [(34, 64), (48, 66), (34, 66), (34, 58)]
current pos [(34, 64), (48, 66), (34, 66), (34, 58)]
after pos [(42, 64), (46, 66), (42, 66), (38, 56)]
current pos [(42, 64), (46, 66), (42, 66), (38, 56)]
after pos [(42, 62), (46, 64), (42, 70), (40, 56)]
current pos [(42, 62), (46, 64), (42, 70), (40, 56)]
after pos [(42, 58), (46, 62), (44, 70), (46, 54)]
current pos [(42, 58), (46, 62), (44, 70), (46, 54)]
after pos [(48, 58), (46, 60), (44, 68), (46, 52)]
current pos [(48, 58), (46, 60), (44, 68), (46, 52)]
after pos [(48, 48), (50, 62), (36, 68), (46, 48)]
current pos [(48, 48), (50, 62), (36, 68), (46, 48)]
after pos [(52, 48), (48, 62), (34, 68), (44, 50)]
current pos [(52, 48), (48, 62), (34, 68), (44, 50)]
after pos [(52, 50), (50, 66), (32, 68), (42, 50)]
current pos [(52, 50), (50, 66), (32, 68), (42, 50)]
after pos [(52, 52), (46, 74), (30, 68), (40, 50)]
current pos [(52, 52), (46, 74), (30, 68), (40, 50)]
after pos [(52, 58), (44, 74), (28, 68), (38, 50)]
current pos [(52, 58), (44, 74), (28, 68), (38, 50)]
after pos [(52, 68), (38, 70), (26, 70), (36, 50)]
current pos [(52, 68), (38, 70), (26, 70), (36, 50)]
after pos [(50, 76), (36, 70), (20, 68), (34, 50)]
current pos [(50, 76), (36, 70), (20, 68), (34, 50)]
after pos [(48, 76), (34, 70), (18, 68), (32, 50)]
current pos [(48, 76), (34, 70), (18, 68), (32, 50)]
after pos [(46, 76), (32, 70), (16, 68), (30, 50)]
current pos [(46, 76), (32, 70), (16, 68), (30, 50)]
after pos [(44, 76), (30, 72), (14, 68), (28, 50)]
current pos [(44, 76), (30, 72), (14, 68), (28, 50)]
after pos [(42, 76), (28, 74), (12, 66), (28, 52)]
current pos [(42, 76), (28, 74), (12, 66), (28, 52)]
after pos [(40, 76), (26, 74), (12, 64), (28, 58)]
current pos [(40, 76), (26, 74), (12, 64), (28, 58)]
after pos [(38, 76), (24, 74), (10, 60), (34, 56)]
current pos [(38, 76), (24, 74), (10, 60), (34, 56)]
after pos [(36, 76), (22, 74), (10, 58), (30, 54)]
current pos [(36, 76), (22, 74), (10, 58), (30, 54)]
after pos [(34, 76), (20, 74), (10, 56), (26, 52)]
current pos [(34, 76), (20, 74), (10, 56), (26, 52)]
after pos [(32, 76), (18, 74), (8, 56), (24, 52)]
current pos [(32, 76), (18, 74), (8, 56), (24, 52)]
after pos [(30, 76), (16, 74), (8, 72), (22, 50)]
current pos [(30, 76), (16, 74), (8, 72), (22, 50)]
after pos [(28, 76), (14, 74), (8, 76), (18, 52)]
current pos [(28, 76), (14, 74), (8, 76), (18, 52)]
after pos [(26, 76), (12, 74), (8, 80), (16, 52)]
current pos [(26, 76), (12, 74), (8, 80), (16, 52)]
after pos [(18, 82), (10, 66), (8, 84), (16, 50)]
current pos [(18, 82), (10, 66), (8, 84), (16, 50)]
after pos [(16, 78), (10, 64), (12, 80), (14, 50)]
current pos [(16, 78), (10, 64), (12, 80), (14, 50)]
after pos [(16, 76), (12, 60), (10, 74), (12, 50)]
current pos [(16, 76), (12, 60), (10, 74), (12, 50)]
after pos [(14, 72), (12, 58), (6, 68), (8, 50)]
current pos [(14, 72), (12, 58), (6, 68), (8, 50)]
after pos [(8, 54), (12, 56), (6, 66), (8, 52)]
current pos [(8, 54), (12, 56), (6, 66), (8, 52)]
after pos [(14, 52), (10, 48), (6, 64), (10, 52)]
current pos [(14, 52), (10, 48), (6, 64), (10, 52)]
after pos [(10, 44), (8, 44), (6, 62), (10, 54)]
current pos [(10, 44), (8, 44), (6, 62), (10, 54)]
after pos [(10, 38), (8, 48), (16, 66), (14, 54)]
current pos [(10, 38), (8, 48), (16, 66), (14, 54)]
after pos [(14, 46), (14, 48), (28, 66), (16, 54)]
current pos [(14, 46), (14, 48), (28, 66), (16, 54)]
after pos [(16, 46), (16, 48), (26, 64), (20, 54)]
current pos [(16, 46), (16, 48), (26, 64), (20, 54)]
after pos [(24, 46), (18, 48), (24, 54), (26, 54)]
current pos [(24, 46), (18, 48), (24, 54), (26, 54)]
after pos [(26, 46), (20, 48), (30, 52), (32, 52)]
current pos [(26, 46), (20, 48), (30, 52), (32, 52)]
after pos [(28, 46), (22, 48), (38, 52), (38, 54)]
current pos [(28, 46), (22, 48), (38, 52), (38, 54)]
after pos [(30, 46), (24, 48), (44, 52), (42, 52)]
current pos [(30, 46), (24, 48), (44, 52), (42, 52)]
after pos [(32, 46), (26, 48), (50, 56), (42, 48)]
current pos [(32, 46), (26, 48), (50, 56), (42, 48)]
after pos [(34, 46), (40, 48), (50, 50), (42, 46)]
current pos [(34, 46), (40, 48), (50, 50), (42, 46)]
after pos [(36, 46), (44, 46), (54, 60), (50, 46)]
current pos [(36, 46), (44, 46), (54, 60), (50, 46)]
after pos [(32, 44), (40, 44), (54, 68), (54, 54)]
current pos [(32, 44), (40, 44), (54, 68), (54, 54)]
after pos [(28, 42), (36, 42), (58, 64), (56, 56)]
current pos [(28, 42), (36, 42), (58, 64), (56, 56)]
after pos [(26, 42), (30, 40), (56, 58), (60, 64)]
current pos [(26, 42), (30, 40), (56, 58), (60, 64)]
after pos [(24, 42), (28, 40), (58, 68), (60, 72)]
current pos [(24, 42), (28, 40), (58, 68), (60, 72)]
after pos [(22, 42), (26, 40), (58, 72), (60, 74)]
current pos [(22, 42), (26, 40), (58, 72), (60, 74)]
after pos [(14, 42), (24, 40), (58, 80), (60, 76)]
current pos [(14, 42), (24, 40), (58, 80), (60, 76)]
after pos [(14, 40), (22, 40), (56, 80), (60, 80)]
current pos [(14, 40), (22, 40), (56, 80), (60, 80)]
after pos [(14, 38), (20, 40), (54, 80), (52, 80)]
current pos [(14, 38), (20, 40), (54, 80), (52, 80)]
after pos [(14, 36), (18, 40), (48, 78), (50, 80)]
current pos [(14, 36), (18, 40), (48, 78), (50, 80)]
after pos [(8, 36), (18, 38), (46, 78), (48, 80)]
current pos [(8, 36), (18, 38), (46, 78), (48, 80)]
after pos [(8, 42), (18, 36), (44, 78), (46, 80)]
current pos [(8, 42), (18, 36), (44, 78), (46, 80)]
after pos [(20, 44), (18, 34), (42, 78), (44, 80)]
current pos [(20, 44), (18, 34), (42, 78), (44, 80)]
after pos [(28, 44), (16, 34), (40, 78), (42, 80)]
current pos [(28, 44), (16, 34), (40, 78), (42, 80)]
after pos [(26, 50), (8, 34), (30, 78), (40, 80)]
current pos [(26, 50), (8, 34), (30, 78), (40, 80)]
after pos [(20, 58), (8, 32), (30, 84), (40, 82)]
│  map 4  steps=66  dist=[280.6400276782584, 209.7200026722083, 302.2528448146718, 219.68958050007421]  rmse=0.015484963
260235613  cov=8.92999991774559%  iou=0.9042875703767865  [155/200]
current pos [(20, 58), (8, 32), (30, 84), (40, 82)]
after pos [(22, 58), (10, 32), (28, 84), (38, 82)]
current pos [(22, 58), (10, 32), (28, 84), (38, 82)]
after pos [(24, 58), (12, 32), (26, 84), (36, 82)]
current pos [(24, 58), (12, 32), (26, 84), (36, 82)]
after pos [(26, 58), (14, 32), (24, 84), (34, 82)]
current pos [(26, 58), (14, 32), (24, 84), (34, 82)]
after pos [(26, 56), (14, 30), (26, 80), (34, 80)]
current pos [(26, 56), (14, 30), (26, 80), (34, 80)]
after pos [(26, 54), (14, 28), (28, 72), (34, 78)]
current pos [(26, 54), (14, 28), (28, 72), (34, 78)]
after pos [(26, 52), (14, 26), (28, 70), (34, 76)]
current pos [(26, 52), (14, 26), (28, 70), (34, 76)]
after pos [(26, 50), (14, 24), (28, 68), (30, 70)]
current pos [(26, 50), (14, 24), (28, 68), (30, 70)]
after pos [(26, 48), (14, 22), (28, 66), (30, 68)]
current pos [(26, 48), (14, 22), (28, 66), (30, 68)]
after pos [(26, 46), (14, 20), (28, 64), (30, 66)]
current pos [(26, 46), (14, 20), (28, 64), (30, 66)]
after pos [(28, 44), (12, 16), (28, 62), (30, 64)]
current pos [(28, 44), (12, 16), (28, 62), (30, 64)]
after pos [(28, 42), (14, 12), (28, 60), (30, 62)]
current pos [(28, 42), (14, 12), (28, 60), (30, 62)]
after pos [(28, 40), (12, 10), (28, 58), (30, 60)]
current pos [(28, 40), (12, 10), (28, 58), (30, 60)]
after pos [(26, 36), (14, 8), (28, 56), (30, 58)]
current pos [(26, 36), (14, 8), (28, 56), (30, 58)]
after pos [(24, 30), (20, 10), (28, 54), (30, 56)]
current pos [(24, 30), (20, 10), (28, 54), (30, 56)]
after pos [(24, 28), (20, 8), (24, 42), (30, 54)]
current pos [(24, 28), (20, 8), (24, 42), (30, 54)]
after pos [(22, 28), (26, 10), (22, 38), (30, 52)]
current pos [(22, 28), (26, 10), (22, 38), (30, 52)]
after pos [(22, 26), (24, 12), (20, 34), (30, 50)]
current pos [(22, 26), (24, 12), (20, 34), (30, 50)]
after pos [(22, 24), (16, 14), (18, 34), (30, 48)]
current pos [(22, 24), (16, 14), (18, 34), (30, 48)]
after pos [(22, 22), (16, 18), (18, 32), (30, 46)]
current pos [(22, 22), (16, 18), (18, 32), (30, 46)]
after pos [(22, 20), (22, 18), (18, 30), (30, 44)]
current pos [(22, 20), (22, 18), (18, 30), (30, 44)]
after pos [(16, 20), (24, 14), (18, 28), (30, 42)]
current pos [(16, 20), (24, 14), (18, 28), (30, 42)]
after pos [(10, 16), (18, 16), (18, 26), (30, 40)]
current pos [(10, 16), (18, 16), (18, 26), (30, 40)]
after pos [(10, 8), (14, 16), (16, 24), (30, 38)]
current pos [(10, 8), (14, 16), (16, 24), (30, 38)]
after pos [(8, 12), (16, 12), (12, 20), (30, 36)]
current pos [(8, 12), (16, 12), (12, 20), (30, 36)]
after pos [(8, 10), (16, 6), (8, 20), (30, 34)]
current pos [(8, 10), (16, 6), (8, 20), (30, 34)]
after pos [(8, 18), (18, 6), (8, 14), (30, 32)]
current pos [(8, 18), (18, 6), (8, 14), (30, 32)]
after pos [(8, 26), (20, 6), (10, 28), (30, 30)]
current pos [(8, 26), (20, 6), (10, 28), (30, 30)]
after pos [(12, 24), (34, 10), (18, 22), (30, 28)]
current pos [(12, 24), (34, 10), (18, 22), (30, 28)]
after pos [(24, 18), (26, 16), (20, 22), (30, 26)]
current pos [(24, 18), (26, 16), (20, 22), (30, 26)]
after pos [(30, 18), (26, 22), (24, 22), (30, 24)]
current pos [(30, 18), (26, 22), (24, 22), (30, 24)]
after pos [(32, 20), (28, 22), (26, 28), (30, 22)]
current pos [(32, 20), (28, 22), (26, 28), (30, 22)]
after pos [(34, 20), (34, 18), (28, 20), (36, 10)]
current pos [(34, 20), (34, 18), (28, 20), (36, 10)]
after pos [(36, 18), (40, 10), (32, 24), (38, 18)]
current pos [(36, 18), (40, 10), (32, 24), (38, 18)]
after pos [(38, 22), (36, 8), (32, 30), (36, 22)]
current pos [(38, 22), (36, 8), (32, 30), (36, 22)]
after pos [(36, 26), (34, 8), (28, 30), (34, 26)]
current pos [(36, 26), (34, 8), (28, 30), (34, 26)]
after pos [(34, 34), (30, 6), (26, 30), (34, 32)]
current pos [(34, 34), (30, 6), (26, 30), (34, 32)]
after pos [(32, 34), (28, 6), (22, 30), (32, 32)]
current pos [(32, 34), (28, 6), (22, 30), (32, 32)]
after pos [(28, 34), (28, 12), (20, 30), (28, 32)]
current pos [(28, 34), (28, 12), (20, 30), (28, 32)]
after pos [(22, 34), (30, 16), (20, 24), (22, 32)]
current pos [(22, 34), (30, 16), (20, 24), (22, 32)]
after pos [(18, 36), (32, 14), (14, 36), (20, 32)]
current pos [(18, 36), (32, 14), (14, 36), (20, 32)]
after pos [(16, 36), (48, 14), (8, 36), (8, 30)]
current pos [(16, 36), (48, 14), (8, 36), (8, 30)]
after pos [(16, 40), (40, 8), (8, 38), (8, 28)]
current pos [(16, 40), (40, 8), (8, 38), (8, 28)]
after pos [(10, 38), (40, 16), (8, 40), (6, 28)]
current pos [(10, 38), (40, 16), (8, 40), (6, 28)]
after pos [(10, 42), (40, 20), (10, 40), (6, 26)]
current pos [(10, 42), (40, 20), (10, 40), (6, 26)]
after pos [(12, 42), (40, 22), (14, 42), (6, 24)]
current pos [(12, 42), (40, 22), (14, 42), (6, 24)]
after pos [(14, 44), (40, 24), (16, 44), (6, 22)]
current pos [(14, 44), (40, 24), (16, 44), (6, 22)]
after pos [(24, 38), (40, 26), (20, 38), (6, 20)]
current pos [(24, 38), (40, 26), (20, 38), (6, 20)]
after pos [(24, 36), (44, 22), (22, 50), (6, 18)]
current pos [(24, 36), (44, 22), (22, 50), (6, 18)]
after pos [(28, 36), (42, 16), (18, 48), (6, 16)]
current pos [(28, 36), (42, 16), (18, 48), (6, 16)]
after pos [(36, 36), (44, 16), (6, 42), (6, 14)]
current pos [(36, 36), (44, 16), (6, 42), (6, 14)]
after pos [(38, 36), (48, 16), (4, 40), (8, 6)]
current pos [(38, 36), (48, 16), (4, 40), (8, 6)]
after pos [(38, 28), (46, 22), (4, 38), (14, 6)]
current pos [(38, 28), (46, 22), (4, 38), (14, 6)]
after pos [(38, 26), (46, 24), (4, 36), (14, 2)]
current pos [(38, 26), (46, 24), (4, 36), (14, 2)]
after pos [(40, 28), (46, 26), (4, 34), (16, 2)]
current pos [(40, 28), (46, 26), (4, 34), (16, 2)]
after pos [(40, 30), (42, 30), (12, 34), (22, 4)]
current pos [(40, 30), (42, 30), (12, 34), (22, 4)]
after pos [(40, 36), (42, 34), (16, 28), (32, 4)]
current pos [(40, 36), (42, 34), (16, 28), (32, 4)]
after pos [(32, 42), (40, 38), (24, 20), (34, 4)]
current pos [(32, 42), (40, 38), (24, 20), (34, 4)]
after pos [(32, 48), (38, 40), (28, 28), (36, 4)]
current pos [(32, 48), (38, 40), (28, 28), (36, 4)]
after pos [(32, 56), (36, 46), (32, 38), (38, 4)]
current pos [(32, 56), (36, 46), (32, 38), (38, 4)]
after pos [(32, 64), (36, 48), (34, 38), (46, 10)]
current pos [(32, 64), (36, 48), (34, 38), (46, 10)]
after pos [(34, 60), (36, 50), (34, 52), (50, 10)]
│  map 5  steps=61  dist=[262.6318234062541, 273.19779726545727, 302.2167496511359, 204.55428520932972]  rmse=0.01655968
035766936  cov=8.990000188350677%  iou=0.9042857142857142  [156/200]
current pos [(34, 60), (36, 50), (34, 52), (50, 10)]
after pos [(36, 60), (34, 50), (36, 52), (50, 12)]
current pos [(36, 60), (34, 50), (36, 52), (50, 12)]
after pos [(38, 60), (32, 50), (38, 52), (50, 14)]
current pos [(38, 60), (32, 50), (38, 52), (50, 14)]
after pos [(40, 60), (30, 50), (40, 52), (50, 16)]
current pos [(40, 60), (30, 50), (40, 52), (50, 16)]
after pos [(40, 62), (32, 42), (38, 48), (48, 16)]
current pos [(40, 62), (32, 42), (38, 48), (48, 16)]
after pos [(40, 64), (30, 38), (36, 44), (46, 16)]
current pos [(40, 64), (30, 38), (36, 44), (46, 16)]
after pos [(40, 66), (28, 34), (32, 38), (40, 18)]
current pos [(40, 66), (28, 34), (32, 38), (40, 18)]
after pos [(38, 64), (26, 30), (32, 36), (38, 18)]
current pos [(38, 64), (26, 30), (32, 36), (38, 18)]
after pos [(34, 62), (24, 26), (30, 30), (34, 16)]
current pos [(34, 62), (24, 26), (30, 30), (34, 16)]
after pos [(32, 60), (22, 26), (28, 26), (32, 16)]
current pos [(32, 60), (22, 26), (28, 26), (32, 16)]
after pos [(30, 58), (22, 24), (26, 24), (30, 16)]
current pos [(30, 58), (22, 24), (26, 24), (30, 16)]
after pos [(28, 54), (22, 22), (24, 22), (28, 16)]
current pos [(28, 54), (22, 22), (24, 22), (28, 16)]
after pos [(26, 50), (24, 18), (24, 20), (22, 12)]
current pos [(26, 50), (24, 18), (24, 20), (22, 12)]
after pos [(26, 48), (24, 16), (22, 16), (20, 12)]
current pos [(26, 48), (24, 16), (22, 16), (20, 12)]
after pos [(24, 42), (20, 16), (20, 14), (18, 10)]
current pos [(24, 42), (20, 16), (20, 14), (18, 10)]
after pos [(22, 36), (18, 16), (16, 10), (24, 8)]
current pos [(22, 36), (18, 16), (16, 10), (24, 8)]
after pos [(20, 30), (16, 16), (10, 8), (30, 10)]
current pos [(20, 30), (16, 16), (10, 8), (30, 10)]
after pos [(20, 28), (14, 16), (8, 8), (12, 14)]
current pos [(20, 28), (14, 16), (8, 8), (12, 14)]
after pos [(20, 26), (10, 14), (8, 12), (10, 10)]
current pos [(20, 26), (10, 14), (8, 12), (10, 10)]
after pos [(20, 24), (10, 18), (8, 20), (10, 12)]
current pos [(20, 24), (10, 18), (8, 20), (10, 12)]
after pos [(20, 22), (10, 20), (10, 22), (12, 18)]
current pos [(20, 22), (10, 20), (10, 22), (12, 18)]
after pos [(20, 18), (20, 20), (12, 20), (18, 20)]
current pos [(20, 18), (20, 20), (12, 20), (18, 20)]
after pos [(18, 18), (12, 24), (14, 24), (18, 24)]
current pos [(18, 18), (12, 24), (14, 24), (18, 24)]
after pos [(26, 18), (12, 32), (14, 22), (16, 26)]
current pos [(26, 18), (12, 32), (14, 22), (16, 26)]
after pos [(28, 22), (8, 24), (14, 26), (10, 28)]
current pos [(28, 22), (8, 24), (14, 26), (10, 28)]
after pos [(28, 20), (10, 24), (14, 34), (18, 30)]
current pos [(28, 20), (10, 24), (14, 34), (18, 30)]
after pos [(34, 22), (32, 12), (12, 34), (18, 34)]
current pos [(34, 22), (32, 12), (12, 34), (18, 34)]
after pos [(34, 20), (32, 8), (8, 34), (16, 36)]
current pos [(34, 20), (32, 8), (8, 34), (16, 36)]
after pos [(34, 18), (38, 8), (8, 28), (14, 38)]
current pos [(34, 18), (38, 8), (8, 28), (14, 38)]
after pos [(34, 14), (38, 14), (14, 6), (10, 38)]
current pos [(34, 14), (38, 14), (14, 6), (10, 38)]
after pos [(34, 10), (34, 12), (18, 8), (10, 36)]
current pos [(34, 10), (34, 12), (18, 8), (10, 36)]
after pos [(36, 10), (36, 12), (16, 8), (24, 32)]
current pos [(36, 10), (36, 12), (16, 8), (24, 32)]
after pos [(46, 10), (44, 12), (40, 26), (22, 28)]
current pos [(46, 10), (44, 12), (40, 26), (22, 28)]
after pos [(46, 14), (40, 16), (38, 28), (22, 30)]
current pos [(46, 14), (40, 16), (38, 28), (22, 30)]
after pos [(44, 14), (36, 20), (36, 26), (26, 34)]
current pos [(44, 14), (36, 20), (36, 26), (26, 34)]
after pos [(46, 18), (32, 30), (30, 26), (26, 42)]
current pos [(46, 18), (32, 30), (30, 26), (26, 42)]
after pos [(46, 20), (38, 30), (30, 24), (22, 44)]
current pos [(46, 20), (38, 30), (30, 24), (22, 44)]
after pos [(46, 22), (38, 38), (32, 24), (20, 42)]
current pos [(46, 22), (38, 38), (32, 24), (20, 42)]
after pos [(38, 22), (40, 34), (34, 36), (20, 36)]
current pos [(38, 22), (40, 34), (34, 36), (20, 36)]
after pos [(46, 26), (42, 30), (36, 40), (12, 42)]
current pos [(46, 26), (42, 30), (36, 40), (12, 42)]
after pos [(46, 28), (42, 26), (36, 38), (8, 42)]
current pos [(46, 28), (42, 26), (36, 38), (8, 42)]
after pos [(46, 30), (40, 30), (36, 32), (8, 36)]
current pos [(46, 30), (40, 30), (36, 32), (8, 36)]
after pos [(42, 36), (40, 38), (40, 48), (10, 32)]
current pos [(42, 36), (40, 38), (40, 48), (10, 32)]
after pos [(42, 42), (44, 38), (36, 48), (18, 28)]
current pos [(42, 42), (44, 38), (36, 48), (18, 28)]
after pos [(42, 50), (46, 38), (34, 48), (16, 32)]
current pos [(42, 50), (46, 38), (34, 48), (16, 32)]
after pos [(32, 56), (46, 40), (34, 46), (18, 40)]
current pos [(32, 56), (46, 40), (34, 46), (18, 40)]
after pos [(30, 52), (44, 48), (28, 46), (18, 46)]
current pos [(30, 52), (44, 48), (28, 46), (18, 46)]
after pos [(30, 54), (44, 50), (28, 38), (20, 46)]
current pos [(30, 54), (44, 50), (28, 38), (20, 46)]
after pos [(20, 54), (44, 52), (24, 50), (22, 46)]
current pos [(20, 54), (44, 52), (24, 50), (22, 46)]
after pos [(22, 48), (42, 54), (18, 50), (18, 48)]
current pos [(22, 48), (42, 54), (18, 50), (18, 48)]
after pos [(16, 46), (36, 56), (16, 48), (14, 48)]
current pos [(16, 46), (36, 56), (16, 48), (14, 48)]
after pos [(16, 42), (36, 58), (8, 44), (14, 44)]
current pos [(16, 42), (36, 58), (8, 44), (14, 44)]
after pos [(10, 40), (34, 58), (8, 48), (12, 44)]
current pos [(10, 40), (34, 58), (8, 48), (12, 44)]
after pos [(10, 48), (38, 58), (10, 52), (10, 50)]
current pos [(10, 48), (38, 58), (10, 52), (10, 50)]
after pos [(18, 54), (44, 58), (12, 54), (14, 52)]
current pos [(18, 54), (44, 58), (12, 54), (14, 52)]
after pos [(20, 56), (46, 60), (14, 56), (16, 54)]
current pos [(20, 56), (46, 60), (14, 56), (16, 54)]
after pos [(26, 58), (46, 62), (18, 58), (14, 64)]
current pos [(26, 58), (46, 62), (18, 58), (14, 64)]
after pos [(26, 60), (44, 66), (22, 60), (16, 64)]
│  map 6  steps=57  dist=[250.56024504229407, 272.6998376828306, 303.5775368542742, 272.5215365640536]  rmse=0.014058367
963208892  cov=9.149999916553497%  iou=0.9356984478935698  [157/200]
current pos [(26, 60), (44, 66), (22, 60), (16, 64)]
after pos [(26, 62), (44, 64), (22, 58), (16, 62)]
current pos [(26, 62), (44, 64), (22, 58), (16, 62)]
after pos [(26, 64), (44, 62), (22, 56), (16, 60)]
current pos [(26, 64), (44, 62), (22, 56), (16, 60)]
after pos [(26, 66), (44, 60), (22, 54), (16, 58)]
current pos [(26, 66), (44, 60), (22, 54), (16, 58)]
after pos [(24, 68), (44, 68), (20, 62), (14, 62)]
current pos [(24, 68), (44, 68), (20, 62), (14, 62)]
after pos [(22, 68), (44, 70), (18, 62), (12, 64)]
current pos [(22, 68), (44, 70), (18, 62), (12, 64)]
after pos [(20, 68), (44, 72), (18, 64), (10, 66)]
current pos [(20, 68), (44, 72), (18, 64), (10, 66)]
after pos [(20, 70), (44, 74), (8, 88), (10, 68)]
current pos [(20, 70), (44, 74), (8, 88), (10, 68)]
after pos [(18, 72), (42, 72), (8, 82), (8, 70)]
current pos [(18, 72), (42, 72), (8, 82), (8, 70)]
after pos [(16, 74), (40, 70), (8, 80), (8, 66)]
current pos [(16, 74), (40, 70), (8, 80), (8, 66)]
after pos [(20, 66), (38, 66), (8, 78), (8, 64)]
current pos [(20, 66), (38, 66), (8, 78), (8, 64)]
after pos [(20, 64), (36, 60), (10, 78), (8, 62)]
current pos [(20, 64), (36, 60), (10, 78), (8, 62)]
after pos [(20, 54), (34, 56), (10, 76), (8, 60)]
current pos [(20, 54), (34, 56), (10, 76), (8, 60)]
after pos [(20, 52), (34, 54), (10, 74), (8, 58)]
current pos [(20, 52), (34, 54), (10, 74), (8, 58)]
after pos [(20, 50), (34, 52), (10, 72), (10, 54)]
current pos [(20, 50), (34, 52), (10, 72), (10, 54)]
after pos [(20, 48), (32, 48), (10, 62), (12, 50)]
current pos [(20, 48), (32, 48), (10, 62), (12, 50)]
after pos [(20, 46), (30, 44), (10, 60), (22, 26)]
current pos [(20, 46), (30, 44), (10, 60), (22, 26)]
after pos [(20, 44), (28, 38), (10, 58), (20, 24)]
current pos [(20, 44), (28, 38), (10, 58), (20, 24)]
after pos [(20, 42), (26, 36), (10, 50), (18, 22)]
current pos [(20, 42), (26, 36), (10, 50), (18, 22)]
after pos [(16, 32), (24, 34), (10, 48), (18, 20)]
current pos [(16, 32), (24, 34), (10, 48), (18, 20)]
after pos [(14, 30), (16, 22), (10, 46), (12, 12)]
current pos [(14, 30), (16, 22), (10, 46), (12, 12)]
after pos [(14, 28), (14, 22), (10, 44), (12, 8)]
current pos [(14, 28), (14, 22), (10, 44), (12, 8)]
after pos [(14, 26), (14, 20), (10, 42), (18, 10)]
current pos [(14, 26), (14, 20), (10, 42), (18, 10)]
after pos [(12, 24), (12, 16), (10, 40), (24, 8)]
current pos [(12, 24), (12, 16), (10, 40), (24, 8)]
after pos [(10, 22), (8, 8), (10, 38), (20, 12)]
current pos [(10, 22), (8, 8), (10, 38), (20, 12)]
after pos [(8, 22), (8, 16), (10, 36), (16, 12)]
current pos [(8, 22), (8, 16), (10, 36), (16, 12)]
after pos [(10, 16), (8, 20), (10, 34), (16, 14)]
current pos [(10, 16), (8, 20), (10, 34), (16, 14)]
after pos [(18, 16), (20, 14), (10, 32), (18, 14)]
current pos [(18, 16), (20, 14), (10, 32), (18, 14)]
after pos [(20, 18), (26, 14), (10, 26), (20, 16)]
current pos [(20, 18), (26, 14), (10, 26), (20, 16)]
after pos [(26, 16), (26, 12), (20, 20), (22, 16)]
current pos [(26, 16), (26, 12), (20, 20), (22, 16)]
after pos [(30, 16), (26, 8), (28, 18), (10, 8)]
current pos [(30, 16), (26, 8), (28, 18), (10, 8)]
after pos [(32, 16), (32, 10), (28, 8), (18, 8)]
current pos [(32, 16), (32, 10), (28, 8), (18, 8)]
after pos [(30, 12), (36, 10), (32, 8), (24, 12)]
current pos [(30, 12), (36, 10), (32, 8), (24, 12)]
after pos [(30, 14), (34, 14), (36, 8), (24, 24)]
current pos [(30, 14), (34, 14), (36, 8), (24, 24)]
after pos [(30, 26), (34, 12), (38, 14), (26, 24)]
current pos [(30, 26), (34, 12), (38, 14), (26, 24)]
after pos [(24, 26), (32, 12), (34, 16), (28, 24)]
current pos [(24, 26), (32, 12), (34, 16), (28, 24)]
after pos [(22, 22), (36, 18), (34, 18), (28, 20)]
current pos [(22, 22), (36, 18), (34, 18), (28, 20)]
after pos [(26, 22), (34, 22), (32, 22), (32, 20)]
current pos [(26, 22), (34, 22), (32, 22), (32, 20)]
after pos [(26, 32), (32, 26), (34, 26), (34, 20)]
current pos [(26, 32), (32, 26), (34, 26), (34, 20)]
after pos [(36, 28), (30, 30), (34, 24), (32, 18)]
current pos [(36, 28), (30, 30), (34, 24), (32, 18)]
after pos [(38, 26), (30, 28), (38, 22), (38, 20)]
current pos [(38, 26), (30, 28), (38, 22), (38, 20)]
after pos [(36, 24), (28, 28), (36, 22), (38, 16)]
current pos [(36, 24), (28, 28), (36, 22), (38, 16)]
after pos [(40, 16), (24, 28), (40, 22), (42, 8)]
current pos [(40, 16), (24, 28), (40, 22), (42, 8)]
after pos [(46, 12), (24, 30), (42, 22), (38, 8)]
current pos [(46, 12), (24, 30), (42, 22), (38, 8)]
after pos [(46, 16), (18, 30), (42, 24), (38, 6)]
current pos [(46, 16), (18, 30), (42, 24), (38, 6)]
after pos [(44, 20), (16, 26), (42, 26), (36, 6)]
current pos [(44, 20), (16, 26), (42, 26), (36, 6)]
after pos [(40, 20), (16, 28), (42, 28), (34, 6)]
current pos [(40, 20), (16, 28), (42, 28), (34, 6)]
after pos [(40, 24), (12, 20), (34, 34), (32, 6)]
current pos [(40, 24), (12, 20), (34, 34), (32, 6)]
after pos [(40, 26), (12, 36), (28, 34), (30, 6)]
current pos [(40, 26), (12, 36), (28, 34), (30, 6)]
after pos [(48, 24), (12, 40), (34, 38), (28, 6)]
current pos [(48, 24), (12, 40), (34, 38), (28, 6)]
after pos [(48, 20), (14, 36), (40, 32), (26, 6)]
current pos [(48, 20), (14, 36), (40, 32), (26, 6)]
after pos [(50, 18), (14, 34), (42, 34), (24, 6)]
current pos [(50, 18), (14, 34), (42, 34), (24, 6)]
after pos [(54, 12), (6, 24), (46, 32), (22, 6)]
current pos [(54, 12), (6, 24), (46, 32), (22, 6)]
after pos [(54, 10), (8, 32), (46, 30), (8, 6)]
current pos [(54, 10), (8, 32), (46, 30), (8, 6)]
after pos [(52, 10), (8, 36), (46, 28), (12, 2)]
current pos [(52, 10), (8, 36), (46, 28), (12, 2)]
after pos [(50, 10), (8, 40), (46, 22), (14, 2)]
current pos [(50, 10), (8, 40), (46, 22), (14, 2)]
after pos [(48, 16), (8, 48), (44, 22), (16, 2)]
current pos [(48, 16), (8, 48), (44, 22), (16, 2)]
after pos [(44, 6), (8, 54), (44, 30), (16, 4)]
current pos [(44, 6), (8, 54), (44, 30), (16, 4)]
after pos [(46, 6), (18, 54), (38, 38), (24, 4)]
current pos [(46, 6), (18, 54), (38, 38), (24, 4)]
after pos [(48, 6), (18, 50), (36, 40), (36, 4)]
current pos [(48, 6), (18, 50), (36, 40), (36, 4)]
after pos [(50, 6), (18, 48), (34, 40), (48, 4)]
current pos [(50, 6), (18, 48), (34, 40), (48, 4)]
after pos [(48, 10), (22, 46), (32, 40), (50, 4)]
current pos [(48, 10), (22, 46), (32, 40), (50, 4)]
after pos [(48, 8), (28, 44), (32, 44), (52, 4)]
│  map 7  steps=62  dist=[260.0144300443671, 302.2682803042087, 268.19279956215485, 282.0803517610002]  rmse=0.009379239
849650261  cov=9.560000151395798%  iou=0.8974358974358975  [158/200]
current pos [(48, 8), (28, 44), (32, 44), (52, 4)]
after pos [(46, 8), (28, 42), (32, 42), (52, 6)]
current pos [(46, 8), (28, 42), (32, 42), (52, 6)]
after pos [(44, 8), (28, 40), (32, 40), (52, 8)]
current pos [(44, 8), (28, 40), (32, 40), (52, 8)]
after pos [(42, 8), (28, 38), (32, 38), (52, 10)]
current pos [(42, 8), (28, 38), (32, 38), (52, 10)]
after pos [(40, 8), (26, 40), (32, 46), (50, 10)]
current pos [(40, 8), (26, 40), (32, 46), (50, 10)]
after pos [(38, 8), (24, 42), (32, 48), (48, 10)]
current pos [(38, 8), (24, 42), (32, 48), (48, 10)]
after pos [(36, 8), (18, 50), (32, 50), (46, 10)]
current pos [(36, 8), (18, 50), (32, 50), (46, 10)]
after pos [(30, 12), (14, 52), (32, 52), (44, 10)]
current pos [(30, 12), (14, 52), (32, 52), (44, 10)]
after pos [(28, 12), (12, 56), (32, 54), (42, 10)]
current pos [(28, 12), (12, 56), (32, 54), (42, 10)]
after pos [(28, 14), (10, 58), (32, 56), (40, 10)]
current pos [(28, 14), (10, 58), (32, 56), (40, 10)]
after pos [(28, 16), (8, 60), (32, 58), (38, 10)]
current pos [(28, 16), (8, 60), (32, 58), (38, 10)]
after pos [(26, 18), (8, 62), (32, 60), (36, 12)]
current pos [(26, 18), (8, 62), (32, 60), (36, 12)]
after pos [(24, 24), (8, 64), (32, 62), (34, 14)]
current pos [(24, 24), (8, 64), (32, 62), (34, 14)]
after pos [(22, 22), (8, 66), (32, 64), (32, 14)]
current pos [(22, 22), (8, 66), (32, 64), (32, 14)]
after pos [(22, 20), (8, 68), (32, 66), (30, 14)]
current pos [(22, 20), (8, 68), (32, 66), (30, 14)]
after pos [(22, 18), (8, 70), (32, 68), (26, 14)]
current pos [(22, 18), (8, 70), (32, 68), (26, 14)]
after pos [(20, 24), (8, 72), (32, 70), (24, 14)]
current pos [(20, 24), (8, 72), (32, 70), (24, 14)]
after pos [(18, 30), (8, 74), (34, 72), (22, 16)]
current pos [(18, 30), (8, 74), (34, 72), (22, 16)]
after pos [(16, 36), (8, 76), (38, 74), (20, 16)]
current pos [(16, 36), (8, 76), (38, 74), (20, 16)]
after pos [(14, 42), (8, 90), (40, 74), (18, 22)]
current pos [(14, 42), (8, 90), (40, 74), (18, 22)]
after pos [(10, 48), (12, 90), (42, 74), (16, 26)]
current pos [(10, 48), (12, 90), (42, 74), (16, 26)]
after pos [(10, 50), (10, 72), (44, 74), (14, 32)]
current pos [(10, 50), (10, 72), (44, 74), (14, 32)]
after pos [(10, 52), (10, 64), (46, 74), (12, 34)]
current pos [(10, 52), (10, 64), (46, 74), (12, 34)]
after pos [(10, 54), (12, 70), (48, 74), (10, 36)]
current pos [(10, 54), (12, 70), (48, 74), (10, 36)]
after pos [(12, 62), (14, 90), (50, 74), (10, 38)]
current pos [(12, 62), (14, 90), (50, 74), (10, 38)]
after pos [(14, 68), (16, 90), (52, 74), (10, 40)]
current pos [(14, 68), (16, 90), (52, 74), (10, 40)]
after pos [(16, 70), (18, 90), (54, 74), (10, 42)]
current pos [(16, 70), (18, 90), (54, 74), (10, 42)]
after pos [(16, 72), (20, 90), (56, 74), (14, 50)]
current pos [(16, 72), (20, 90), (56, 74), (14, 50)]
after pos [(16, 74), (22, 90), (58, 74), (16, 60)]
current pos [(16, 74), (22, 90), (58, 74), (16, 60)]
after pos [(26, 80), (24, 90), (60, 74), (20, 66)]
current pos [(26, 80), (24, 90), (60, 74), (20, 66)]
after pos [(28, 80), (26, 90), (62, 74), (26, 74)]
current pos [(28, 80), (26, 90), (62, 74), (26, 74)]
after pos [(30, 80), (28, 90), (64, 74), (28, 74)]
current pos [(30, 80), (28, 90), (64, 74), (28, 74)]
after pos [(32, 80), (30, 90), (66, 74), (32, 76)]
current pos [(32, 80), (30, 90), (66, 74), (32, 76)]
after pos [(34, 80), (32, 90), (68, 74), (40, 82)]
current pos [(34, 80), (32, 90), (68, 74), (40, 82)]
after pos [(36, 80), (34, 90), (70, 74), (42, 82)]
current pos [(36, 80), (34, 90), (70, 74), (42, 82)]
after pos [(42, 80), (36, 90), (70, 72), (44, 82)]
current pos [(42, 80), (36, 90), (70, 72), (44, 82)]
after pos [(44, 80), (38, 90), (74, 72), (46, 82)]
current pos [(44, 80), (38, 90), (74, 72), (46, 82)]
after pos [(46, 80), (40, 90), (74, 78), (52, 84)]
current pos [(46, 80), (40, 90), (74, 78), (52, 84)]
after pos [(48, 80), (44, 88), (66, 78), (54, 84)]
current pos [(48, 80), (44, 88), (66, 78), (54, 84)]
after pos [(50, 80), (46, 88), (66, 86), (58, 82)]
current pos [(50, 80), (46, 88), (66, 86), (58, 82)]
after pos [(52, 80), (48, 88), (72, 82), (60, 80)]
current pos [(52, 80), (48, 88), (72, 82), (60, 80)]
after pos [(54, 80), (50, 88), (74, 80), (62, 80)]
current pos [(54, 80), (50, 88), (74, 80), (62, 80)]
after pos [(56, 78), (54, 86), (76, 80), (64, 80)]
current pos [(56, 78), (54, 86), (76, 80), (64, 80)]
after pos [(58, 76), (56, 88), (78, 80), (64, 82)]
current pos [(58, 76), (56, 88), (78, 80), (64, 82)]
after pos [(60, 76), (58, 88), (78, 72), (62, 82)]
current pos [(60, 76), (58, 88), (78, 72), (62, 82)]
after pos [(62, 76), (64, 88), (76, 70), (62, 88)]
current pos [(62, 76), (64, 88), (76, 70), (62, 88)]
after pos [(72, 76), (68, 90), (74, 70), (66, 88)]
current pos [(72, 76), (68, 90), (74, 70), (66, 88)]
after pos [(72, 74), (70, 90), (72, 68), (68, 88)]
current pos [(72, 74), (70, 90), (72, 68), (68, 88)]
after pos [(72, 70), (72, 90), (66, 70), (70, 88)]
current pos [(72, 70), (72, 90), (66, 70), (70, 88)]
after pos [(64, 70), (74, 88), (66, 66), (72, 88)]
current pos [(64, 70), (74, 88), (66, 66), (72, 88)]
after pos [(62, 70), (76, 88), (74, 66), (74, 86)]
current pos [(62, 70), (76, 88), (74, 66), (74, 86)]
after pos [(58, 72), (78, 86), (82, 72), (82, 82)]
current pos [(58, 72), (78, 86), (82, 72), (82, 82)]
after pos [(68, 72), (82, 84), (82, 78), (84, 82)]
current pos [(68, 72), (82, 84), (82, 78), (84, 82)]
after pos [(56, 72), (84, 84), (84, 78), (90, 82)]
current pos [(56, 72), (84, 84), (84, 78), (90, 82)]
after pos [(54, 72), (84, 86), (86, 78), (90, 84)]
current pos [(54, 72), (84, 86), (86, 78), (90, 84)]
after pos [(52, 72), (90, 86), (90, 78), (88, 88)]
current pos [(52, 72), (90, 86), (90, 78), (88, 88)]
after pos [(50, 72), (86, 88), (90, 72), (84, 88)]
current pos [(50, 72), (86, 88), (90, 72), (84, 88)]
after pos [(44, 72), (82, 90), (84, 74), (80, 88)]
current pos [(44, 72), (82, 90), (84, 74), (80, 88)]
after pos [(42, 72), (76, 90), (84, 72), (80, 74)]
current pos [(42, 72), (76, 90), (84, 72), (80, 74)]
after pos [(40, 72), (64, 90), (84, 70), (76, 76)]
current pos [(40, 72), (64, 90), (84, 70), (76, 76)]
after pos [(38, 72), (62, 90), (84, 66), (76, 78)]
current pos [(38, 72), (62, 90), (84, 66), (76, 78)]
after pos [(38, 66), (60, 90), (82, 66), (74, 84)]
current pos [(38, 66), (60, 90), (82, 66), (74, 84)]
after pos [(40, 66), (46, 90), (80, 66), (70, 86)]
current pos [(40, 66), (46, 90), (80, 66), (70, 86)]
after pos [(42, 68), (38, 86), (78, 66), (70, 80)]
current pos [(42, 68), (38, 86), (78, 66), (70, 80)]
after pos [(44, 70), (36, 86), (72, 62), (68, 80)]
current pos [(44, 70), (36, 86), (72, 62), (68, 80)]
after pos [(58, 70), (34, 86), (70, 62), (68, 82)]
current pos [(58, 70), (34, 86), (70, 62), (68, 82)]
after pos [(58, 68), (32, 86), (68, 64), (64, 86)]
current pos [(58, 68), (32, 86), (68, 64), (64, 86)]
after pos [(58, 64), (30, 86), (58, 66), (60, 86)]
current pos [(58, 64), (30, 86), (58, 66), (60, 86)]
after pos [(56, 66), (28, 86), (54, 66), (58, 86)]
current pos [(56, 66), (28, 86), (54, 66), (58, 86)]
after pos [(54, 68), (26, 86), (44, 66), (50, 86)]
current pos [(54, 68), (26, 86), (44, 66), (50, 86)]
after pos [(46, 68), (24, 86), (42, 64), (48, 86)]
current pos [(46, 68), (24, 86), (42, 64), (48, 86)]
after pos [(46, 76), (22, 86), (40, 64), (46, 86)]
current pos [(46, 76), (22, 86), (40, 64), (46, 86)]
after pos [(44, 76), (20, 86), (38, 62), (44, 86)]
current pos [(44, 76), (20, 86), (38, 62), (44, 86)]
after pos [(42, 76), (20, 80), (34, 64), (34, 82)]
current pos [(42, 76), (20, 80), (34, 64), (34, 82)]
after pos [(40, 76), (22, 80), (30, 62), (32, 82)]
current pos [(40, 76), (22, 80), (30, 62), (32, 82)]
after pos [(36, 76), (28, 84), (30, 64), (22, 82)]
current pos [(36, 76), (28, 84), (30, 64), (22, 82)]
after pos [(34, 74), (34, 84), (30, 66), (22, 84)]
current pos [(34, 74), (34, 84), (30, 66), (22, 84)]
after pos [(30, 72), (28, 78), (30, 70), (16, 84)]
│  map 8  steps=77  dist=[293.5061952222635, 306.751810187239, 264.4847525079371, 299.6548961464411]  rmse=0.01204428546
5996247  cov=10.400000214576721%  iou=0.9470404984423676  [159/200]
current pos [(30, 72), (28, 78), (30, 70), (16, 84)]
after pos [(28, 72), (30, 78), (28, 70), (16, 82)]
current pos [(28, 72), (30, 78), (28, 70), (16, 82)]
after pos [(26, 72), (32, 78), (26, 70), (16, 80)]
current pos [(26, 72), (32, 78), (26, 70), (16, 80)]
after pos [(24, 72), (34, 78), (24, 70), (16, 78)]
current pos [(24, 72), (34, 78), (24, 70), (16, 78)]
after pos [(26, 66), (32, 76), (26, 68), (18, 70)]
current pos [(26, 66), (32, 76), (26, 68), (18, 70)]
after pos [(26, 64), (34, 66), (28, 66), (20, 66)]
current pos [(26, 64), (34, 66), (28, 66), (20, 66)]
after pos [(26, 62), (34, 64), (30, 64), (22, 64)]
current pos [(26, 62), (34, 64), (30, 64), (22, 64)]
after pos [(26, 60), (34, 62), (30, 62), (24, 60)]
current pos [(26, 60), (34, 62), (30, 62), (24, 60)]
after pos [(36, 36), (34, 60), (30, 60), (26, 56)]
current pos [(36, 36), (34, 60), (30, 60), (26, 56)]
after pos [(38, 36), (36, 58), (30, 58), (26, 50)]
current pos [(38, 36), (36, 58), (30, 58), (26, 50)]
after pos [(38, 38), (34, 54), (30, 56), (20, 50)]
current pos [(38, 38), (34, 54), (30, 56), (20, 50)]
after pos [(38, 46), (36, 52), (32, 52), (18, 50)]
current pos [(38, 46), (36, 52), (32, 52), (18, 50)]
after pos [(38, 48), (34, 50), (32, 64), (16, 50)]
current pos [(38, 48), (34, 50), (32, 64), (16, 50)]
after pos [(38, 50), (36, 42), (40, 60), (14, 50)]
current pos [(38, 50), (36, 42), (40, 60), (14, 50)]
after pos [(38, 52), (30, 44), (42, 62), (12, 50)]
current pos [(38, 52), (30, 44), (42, 62), (12, 50)]
after pos [(38, 58), (28, 46), (42, 64), (10, 50)]
current pos [(38, 58), (28, 46), (42, 64), (10, 50)]
after pos [(40, 56), (26, 46), (40, 68), (8, 50)]
current pos [(40, 56), (26, 46), (40, 68), (8, 50)]
after pos [(42, 54), (24, 46), (36, 66), (8, 64)]
current pos [(42, 54), (24, 46), (36, 66), (8, 64)]
after pos [(40, 52), (22, 46), (36, 64), (8, 68)]
current pos [(40, 52), (22, 46), (36, 64), (8, 68)]
after pos [(42, 50), (20, 46), (40, 64), (8, 72)]
current pos [(42, 50), (20, 46), (40, 64), (8, 72)]
after pos [(42, 48), (18, 46), (40, 48), (10, 70)]
current pos [(42, 48), (18, 46), (40, 48), (10, 70)]
after pos [(42, 46), (16, 46), (40, 46), (10, 68)]
current pos [(42, 46), (16, 46), (40, 46), (10, 68)]
after pos [(42, 38), (14, 46), (40, 40), (10, 66)]
current pos [(42, 38), (14, 46), (40, 40), (10, 66)]
after pos [(40, 38), (12, 46), (32, 40), (10, 52)]
current pos [(40, 38), (12, 46), (32, 40), (10, 52)]
after pos [(32, 38), (8, 46), (30, 40), (10, 38)]
current pos [(32, 38), (8, 46), (30, 40), (10, 38)]
after pos [(30, 38), (8, 48), (26, 38), (10, 32)]
current pos [(30, 38), (8, 48), (26, 38), (10, 32)]
after pos [(28, 38), (8, 38), (24, 36), (12, 32)]
current pos [(28, 38), (8, 38), (24, 36), (12, 32)]
after pos [(22, 38), (12, 38), (22, 36), (14, 32)]
current pos [(22, 38), (12, 38), (22, 36), (14, 32)]
after pos [(20, 40), (14, 40), (20, 36), (16, 32)]
current pos [(20, 40), (14, 40), (20, 36), (16, 32)]
after pos [(18, 40), (14, 42), (18, 42), (16, 44)]
current pos [(18, 40), (14, 42), (18, 42), (16, 44)]
after pos [(12, 42), (14, 44), (28, 42), (16, 48)]
current pos [(12, 42), (14, 44), (28, 42), (16, 48)]
after pos [(12, 44), (14, 48), (28, 48), (14, 52)]
current pos [(12, 44), (14, 48), (28, 48), (14, 52)]
after pos [(12, 48), (16, 52), (28, 50), (14, 54)]
current pos [(12, 48), (16, 52), (28, 50), (14, 54)]
after pos [(12, 64), (16, 54), (26, 48), (14, 56)]
current pos [(12, 64), (16, 54), (26, 48), (14, 56)]
after pos [(18, 62), (18, 54), (24, 48), (14, 58)]
current pos [(18, 62), (18, 54), (24, 48), (14, 58)]
after pos [(20, 56), (24, 54), (22, 54), (18, 60)]
current pos [(20, 56), (24, 54), (22, 54), (18, 60)]
after pos [(24, 56), (22, 58), (22, 56), (20, 60)]
current pos [(24, 56), (22, 58), (22, 56), (20, 60)]
after pos [(14, 72), (20, 62), (16, 56), (16, 68)]
current pos [(14, 72), (20, 62), (16, 56), (16, 68)]
after pos [(12, 72), (24, 64), (14, 60), (12, 66)]
current pos [(12, 72), (24, 64), (14, 60), (12, 66)]
after pos [(8, 74), (24, 66), (12, 68), (8, 84)]
current pos [(8, 74), (24, 66), (12, 68), (8, 84)]
after pos [(12, 74), (30, 68), (20, 72), (12, 78)]
current pos [(12, 74), (30, 68), (20, 72), (12, 78)]
after pos [(14, 74), (28, 60), (22, 72), (14, 78)]
current pos [(14, 74), (28, 60), (22, 72), (14, 78)]
after pos [(20, 74), (42, 70), (36, 70), (18, 78)]
current pos [(20, 74), (42, 70), (36, 70), (18, 78)]
after pos [(30, 74), (48, 62), (38, 70), (20, 78)]
current pos [(30, 74), (48, 62), (38, 70), (20, 78)]
after pos [(36, 74), (46, 60), (38, 72), (22, 80)]
current pos [(36, 74), (46, 60), (38, 72), (22, 80)]
after pos [(38, 74), (42, 58), (40, 72), (24, 80)]
current pos [(38, 74), (42, 58), (40, 72), (24, 80)]
after pos [(42, 72), (44, 54), (42, 74), (26, 78)]
current pos [(42, 72), (44, 54), (42, 74), (26, 78)]
after pos [(54, 66), (44, 56), (44, 72), (20, 76)]
current pos [(54, 66), (44, 56), (44, 72), (20, 76)]
after pos [(54, 68), (44, 52), (52, 72), (26, 76)]
current pos [(54, 68), (44, 52), (52, 72), (26, 76)]
after pos [(56, 70), (44, 50), (52, 70), (28, 76)]
current pos [(56, 70), (44, 50), (52, 70), (28, 76)]
after pos [(56, 72), (44, 42), (50, 66), (30, 76)]
current pos [(56, 72), (44, 42), (50, 66), (30, 76)]
after pos [(48, 78), (34, 36), (50, 64), (36, 76)]
current pos [(48, 78), (34, 36), (50, 64), (36, 76)]
after pos [(46, 80), (32, 34), (50, 62), (38, 76)]
current pos [(46, 80), (32, 34), (50, 62), (38, 76)]
after pos [(44, 78), (30, 32), (50, 60), (40, 76)]
current pos [(44, 78), (30, 32), (50, 60), (40, 76)]
after pos [(36, 78), (28, 32), (50, 58), (46, 76)]
current pos [(36, 78), (28, 32), (50, 58), (46, 76)]
after pos [(34, 82), (26, 32), (48, 58), (50, 74)]
current pos [(34, 82), (26, 32), (48, 58), (50, 74)]
after pos [(34, 80), (24, 30), (46, 58), (48, 74)]
current pos [(34, 80), (24, 30), (46, 58), (48, 74)]
after pos [(32, 82), (22, 30), (46, 46), (46, 74)]
current pos [(32, 82), (22, 30), (46, 46), (46, 74)]
after pos [(30, 80), (20, 30), (46, 42), (46, 68)]
current pos [(30, 80), (20, 30), (46, 42), (46, 68)]
after pos [(18, 84), (12, 30), (30, 36), (44, 62)]
current pos [(18, 84), (12, 30), (30, 36), (44, 62)]
after pos [(14, 82), (12, 28), (28, 36), (52, 60)]
current pos [(14, 82), (12, 28), (28, 36), (52, 60)]
after pos [(18, 80), (12, 22), (22, 32), (52, 64)]
current pos [(18, 80), (12, 22), (22, 32), (52, 64)]
after pos [(22, 68), (14, 24), (18, 34), (58, 64)]
│  map 9  steps=62  dist=[311.52576371426596, 248.62377655131067, 279.15748006016776, 282.3546567026388]  rmse=0.0141674
85724393457  cov=9.549999982118607%  iou=0.91357421875  [160/200]
└─ done

┌─ model=mcdropout  policy=myopic_greedy
current pos [[50, 50], [60, 50], [50, 60], [60, 60]]
after pos [(20, 50), (30, 50), (20, 60), (30, 60)]
current pos [(20, 50), (30, 50), (20, 60), (30, 60)]
after pos [(8, 57), (8, 53), (8, 55), (8, 59)]
current pos [(8, 57), (8, 53), (8, 55), (8, 59)]
after pos [(8, 69), (8, 45), (8, 67), (8, 65)]
current pos [(8, 69), (8, 45), (8, 67), (8, 65)]
after pos [(8, 77), (8, 75), (8, 81), (8, 79)]
current pos [(8, 77), (8, 75), (8, 81), (8, 79)]
after pos [(8, 85), (8, 87), (8, 83), (8, 89)]
current pos [(8, 85), (8, 87), (8, 83), (8, 89)]
after pos [(25, 65), (27, 65), (23, 65), (26, 67)]
current pos [(25, 65), (27, 65), (23, 65), (26, 67)]
after pos [(26, 79), (26, 77), (26, 81), (31, 77)]
current pos [(26, 79), (26, 77), (26, 81), (31, 77)]
after pos [(19, 85), (8, 91), (23, 85), (17, 85)]
current pos [(19, 85), (8, 91), (23, 85), (17, 85)]
after pos [(25, 87), (29, 83), (18, 91), (29, 85)]
current pos [(25, 87), (29, 83), (18, 91), (29, 85)]
after pos [(31, 84), (35, 81), (31, 86), (35, 84)]
current pos [(31, 84), (35, 81), (31, 86), (35, 84)]
after pos [(10, 74), (41, 81), (33, 78), (39, 81)]
current pos [(10, 74), (41, 81), (33, 78), (39, 81)]
after pos [(35, 88), (47, 81), (37, 88), (33, 88)]
current pos [(35, 88), (47, 81), (37, 88), (33, 88)]
after pos [(63, 81), (61, 81), (59, 81), (61, 78)]
current pos [(63, 81), (61, 81), (59, 81), (61, 78)]
after pos [(67, 85), (67, 81), (61, 88), (67, 87)]
current pos [(67, 85), (67, 81), (61, 88), (67, 87)]
after pos [(57, 88), (65, 88), (69, 88), (55, 88)]
current pos [(57, 88), (65, 88), (69, 88), (55, 88)]
after pos [(28, 91), (36, 91), (49, 88), (26, 91)]
current pos [(28, 91), (36, 91), (49, 88), (26, 91)]
after pos [(10, 77), (16, 91), (24, 91), (10, 71)]
current pos [(10, 77), (16, 91), (24, 91), (10, 71)]
after pos [(35, 73), (10, 66), (34, 75), (15, 68)]
│  map 0  steps=18  dist=[308.57687622330536, 309.05914010189974, 258.8789699810672, 283.2438129429607]  rmse=0.09897216
169043506  cov=7.150000333786011%  iou=0.1957370159111378  [161/200]
current pos [(35, 73), (10, 66), (34, 75), (15, 68)]
after pos [(5, 73), (1, 38), (4, 75), (1, 42)]
current pos [(5, 73), (1, 38), (4, 75), (1, 42)]
after pos [(8, 81), (7, 63), (8, 83), (7, 65)]
current pos [(8, 81), (7, 63), (8, 83), (7, 65)]
after pos [(8, 67), (8, 69), (8, 85), (8, 71)]
current pos [(8, 67), (8, 69), (8, 85), (8, 71)]
after pos [(10, 70), (6, 69), (10, 78), (14, 62)]
current pos [(10, 70), (6, 69), (10, 78), (14, 62)]
after pos [(8, 87), (12, 69), (8, 50), (12, 58)]
current pos [(8, 87), (12, 69), (8, 50), (12, 58)]
after pos [(6, 71), (8, 48), (10, 54), (14, 70)]
current pos [(6, 71), (8, 48), (10, 54), (14, 70)]
after pos [(8, 46), (12, 54), (14, 58), (8, 44)]
current pos [(8, 46), (12, 54), (14, 58), (8, 44)]
after pos [(12, 71), (18, 70), (16, 70), (14, 54)]
current pos [(12, 71), (18, 70), (16, 70), (14, 54)]
after pos [(18, 64), (18, 62), (13, 77), (20, 68)]
current pos [(18, 64), (18, 62), (13, 77), (20, 68)]
after pos [(22, 69), (22, 67), (20, 70), (18, 77)]
current pos [(22, 69), (22, 67), (20, 70), (18, 77)]
after pos [(22, 71), (16, 77), (25, 77), (22, 64)]
current pos [(22, 71), (16, 77), (25, 77), (22, 64)]
after pos [(22, 77), (25, 70), (20, 77), (21, 62)]
current pos [(22, 77), (25, 70), (20, 77), (21, 62)]
after pos [(27, 69), (24, 66), (24, 64), (18, 58)]
current pos [(27, 69), (24, 66), (24, 64), (18, 58)]
after pos [(26, 66), (29, 70), (28, 77), (12, 80)]
current pos [(26, 66), (29, 70), (28, 77), (12, 80)]
after pos [(31, 70), (30, 77), (30, 68), (25, 79)]
current pos [(31, 70), (30, 77), (30, 68), (25, 79)]
after pos [(23, 61), (29, 66), (26, 63), (32, 68)]
current pos [(23, 61), (29, 66), (26, 63), (32, 68)]
after pos [(33, 70), (31, 66), (8, 42), (27, 80)]
current pos [(33, 70), (31, 66), (8, 42), (27, 80)]
after pos [(17, 56), (30, 63), (26, 60), (8, 89)]
current pos [(17, 56), (30, 63), (26, 60), (8, 89)]
after pos [(33, 65), (29, 61), (27, 58), (11, 82)]
current pos [(33, 65), (29, 61), (27, 58), (11, 82)]
after pos [(30, 59), (34, 68), (32, 62), (35, 65)]
current pos [(30, 59), (34, 68), (32, 62), (35, 65)]
after pos [(34, 62), (36, 67), (29, 57), (33, 60)]
current pos [(34, 62), (36, 67), (29, 57), (33, 60)]
after pos [(32, 58), (34, 58), (36, 62), (36, 60)]
current pos [(32, 58), (34, 58), (36, 62), (36, 60)]
after pos [(38, 62), (38, 64), (38, 66), (38, 60)]
│  map 1  steps=23  dist=[270.9157276611472, 215.65706036301316, 253.19252060773385, 300.7862476310876]  rmse=0.07774126
762713823  cov=6.530000269412994%  iou=0.4939722724532851  [162/200]
current pos [(38, 62), (38, 64), (38, 66), (38, 60)]
after pos [(8, 62), (8, 64), (8, 66), (8, 60)]
current pos [(8, 62), (8, 64), (8, 66), (8, 60)]
after pos [(8, 52), (8, 81), (8, 76), (8, 49)]
current pos [(8, 52), (8, 81), (8, 76), (8, 49)]
after pos [(6, 81), (6, 73), (6, 77), (6, 71)]
current pos [(6, 81), (6, 73), (6, 77), (6, 71)]
after pos [(7, 83), (10, 82), (10, 78), (10, 74)]
current pos [(7, 83), (10, 82), (10, 78), (10, 74)]
after pos [(10, 70), (8, 88), (10, 68), (10, 76)]
current pos [(10, 70), (8, 88), (10, 68), (10, 76)]
after pos [(12, 76), (12, 79), (12, 72), (12, 70)]
current pos [(12, 76), (12, 79), (12, 72), (12, 70)]
after pos [(7, 85), (14, 70), (12, 84), (14, 72)]
current pos [(7, 85), (14, 70), (12, 84), (14, 72)]
after pos [(11, 86), (14, 78), (14, 82), (6, 87)]
current pos [(11, 86), (14, 78), (14, 82), (6, 87)]
after pos [(10, 88), (13, 68), (6, 89), (15, 80)]
current pos [(10, 88), (13, 68), (6, 89), (15, 80)]
after pos [(8, 91), (15, 84), (13, 86), (15, 68)]
current pos [(8, 91), (15, 84), (13, 86), (15, 68)]
after pos [(17, 79), (17, 75), (17, 77), (10, 57)]
current pos [(17, 79), (17, 75), (17, 77), (10, 57)]
after pos [(23, 68), (19, 77), (25, 68), (19, 68)]
current pos [(23, 68), (19, 77), (25, 68), (19, 68)]
after pos [(26, 70), (18, 73), (24, 72), (18, 71)]
current pos [(26, 70), (18, 73), (24, 72), (18, 71)]
after pos [(26, 72), (22, 75), (27, 68), (19, 80)]
current pos [(26, 72), (22, 75), (27, 68), (19, 80)]
after pos [(26, 74), (18, 82), (24, 76), (15, 86)]
current pos [(26, 74), (18, 82), (24, 76), (15, 86)]
after pos [(23, 78), (26, 76), (13, 88), (19, 84)]
current pos [(23, 78), (26, 76), (13, 88), (19, 84)]
after pos [(24, 80), (26, 79), (29, 68), (31, 68)]
current pos [(24, 80), (26, 79), (29, 68), (31, 68)]
after pos [(26, 81), (23, 82), (31, 72), (29, 74)]
current pos [(26, 81), (23, 82), (31, 72), (29, 74)]
after pos [(28, 80), (28, 78), (26, 83), (33, 68)]
current pos [(28, 80), (28, 78), (26, 83), (33, 68)]
after pos [(23, 84), (11, 91), (29, 82), (19, 86)]
current pos [(23, 84), (11, 91), (29, 82), (19, 86)]
after pos [(25, 85), (30, 79), (14, 91), (23, 86)]
current pos [(25, 85), (30, 79), (14, 91), (23, 86)]
after pos [(6, 91), (31, 81), (31, 77), (27, 86)]
current pos [(6, 91), (31, 81), (31, 77), (27, 86)]
after pos [(33, 78), (31, 83), (33, 81), (25, 88)]
current pos [(33, 78), (31, 83), (33, 81), (25, 88)]
after pos [(35, 79), (29, 85), (34, 76), (33, 83)]
current pos [(35, 79), (29, 85), (34, 76), (33, 83)]
after pos [(32, 86), (29, 88), (35, 84), (35, 81)]
current pos [(32, 86), (29, 88), (35, 84), (35, 81)]
after pos [(34, 86), (37, 83), (37, 81), (32, 75)]
current pos [(34, 86), (37, 83), (37, 81), (32, 75)]
after pos [(33, 88), (23, 88), (36, 76), (10, 55)]
current pos [(33, 88), (23, 88), (36, 76), (10, 55)]
after pos [(39, 81), (38, 77), (39, 79), (34, 70)]
│  map 2  steps=28  dist=[239.91339808893738, 273.8524134183184, 265.1681904107271, 314.0143629899313]  rmse=0.090266585
48409003  cov=6.6200003027915955%  iou=0.6022130013831258  [163/200]
current pos [(39, 81), (38, 77), (39, 79), (34, 70)]
after pos [(9, 81), (8, 77), (9, 79), (4, 70)]
current pos [(9, 81), (8, 77), (9, 79), (4, 70)]
after pos [(8, 65), (8, 63), (8, 67), (7, 80)]
current pos [(8, 65), (8, 63), (8, 67), (7, 80)]
after pos [(8, 61), (8, 59), (7, 82), (8, 57)]
current pos [(8, 61), (8, 59), (7, 82), (8, 57)]
after pos [(10, 66), (10, 72), (8, 85), (8, 87)]
current pos [(10, 66), (10, 72), (8, 85), (8, 87)]
after pos [(6, 85), (6, 87), (10, 88), (7, 89)]
current pos [(6, 85), (6, 87), (10, 88), (7, 89)]
after pos [(10, 83), (12, 74), (5, 89), (13, 83)]
current pos [(10, 83), (12, 74), (5, 89), (13, 83)]
after pos [(7, 91), (8, 55), (13, 86), (5, 80)]
current pos [(7, 91), (8, 55), (13, 86), (5, 80)]
after pos [(10, 90), (17, 83), (15, 87), (15, 83)]
current pos [(10, 90), (17, 83), (15, 87), (15, 83)]
after pos [(13, 88), (8, 93), (19, 83), (12, 91)]
current pos [(13, 88), (8, 93), (19, 83), (12, 91)]
after pos [(25, 83), (23, 84), (19, 86), (27, 84)]
current pos [(25, 83), (23, 84), (19, 86), (27, 84)]
after pos [(27, 86), (30, 83), (34, 83), (18, 91)]
current pos [(27, 86), (30, 83), (34, 83), (18, 91)]
after pos [(29, 86), (31, 86), (25, 88), (33, 85)]
current pos [(29, 86), (31, 86), (25, 88), (33, 85)]
after pos [(4, 83), (4, 85), (4, 87), (28, 89)]
current pos [(4, 83), (4, 85), (4, 87), (28, 89)]
after pos [(16, 74), (18, 75), (17, 72), (38, 83)]
current pos [(16, 74), (18, 75), (17, 72), (38, 83)]
after pos [(37, 86), (30, 91), (32, 91), (39, 85)]
current pos [(37, 86), (30, 91), (32, 91), (39, 85)]
after pos [(35, 87), (24, 91), (41, 85), (37, 88)]
current pos [(35, 87), (24, 91), (41, 85), (37, 88)]
after pos [(36, 91), (38, 91), (43, 85), (39, 89)]
current pos [(36, 91), (38, 91), (43, 85), (39, 89)]
after pos [(42, 87), (62, 81), (41, 82), (62, 83)]
current pos [(42, 87), (62, 81), (41, 82), (62, 83)]
after pos [(54, 87), (55, 82), (58, 86), (51, 82)]
current pos [(54, 87), (55, 82), (58, 86), (51, 82)]
after pos [(46, 85), (57, 88), (62, 85), (54, 79)]
│  map 3  steps=20  dist=[211.40500937358172, 304.62092341829884, 217.06158014124023, 241.02233836618197]  rmse=0.047997
095228600586  cov=5.990000069141388%  iou=0.5770925110132159  [164/200]
current pos [(46, 85), (57, 88), (62, 85), (54, 79)]
after pos [(16, 85), (27, 88), (32, 85), (24, 79)]
current pos [(16, 85), (27, 88), (32, 85), (24, 79)]
after pos [(8, 81), (8, 79), (8, 83), (8, 85)]
current pos [(8, 81), (8, 79), (8, 83), (8, 85)]
after pos [(8, 73), (8, 69), (8, 71), (8, 75)]
current pos [(8, 73), (8, 69), (8, 71), (8, 75)]
after pos [(8, 61), (8, 63), (8, 59), (8, 65)]
current pos [(8, 61), (8, 63), (8, 59), (8, 65)]
after pos [(8, 53), (8, 51), (8, 55), (8, 49)]
current pos [(8, 53), (8, 51), (8, 55), (8, 49)]
after pos [(8, 45), (8, 47), (10, 62), (10, 66)]
current pos [(8, 45), (8, 47), (10, 62), (10, 66)]
after pos [(6, 69), (6, 61), (6, 71), (6, 57)]
current pos [(6, 69), (6, 61), (6, 71), (6, 57)]
after pos [(8, 43), (6, 73), (10, 74), (10, 70)]
current pos [(8, 43), (6, 73), (10, 74), (10, 70)]
after pos [(12, 66), (10, 76), (12, 64), (12, 62)]
current pos [(12, 66), (10, 76), (12, 64), (12, 62)]
after pos [(14, 64), (14, 62), (8, 87), (14, 68)]
current pos [(14, 64), (14, 62), (8, 87), (14, 68)]
after pos [(13, 60), (14, 70), (14, 74), (8, 41)]
current pos [(13, 60), (14, 70), (14, 74), (8, 41)]
after pos [(14, 56), (14, 72), (14, 58), (8, 20)]
current pos [(14, 56), (14, 72), (14, 58), (8, 20)]
after pos [(16, 68), (16, 64), (16, 72), (12, 49)]
current pos [(16, 68), (16, 64), (16, 72), (12, 49)]
after pos [(13, 54), (13, 51), (18, 67), (18, 71)]
current pos [(13, 54), (13, 51), (18, 67), (18, 71)]
after pos [(15, 77), (19, 65), (15, 51), (8, 89)]
current pos [(15, 77), (19, 65), (15, 51), (8, 89)]
after pos [(19, 73), (21, 66), (20, 68), (6, 76)]
current pos [(19, 73), (21, 66), (20, 68), (6, 76)]
after pos [(22, 68), (23, 65), (19, 76), (21, 70)]
current pos [(22, 68), (23, 65), (19, 76), (21, 70)]
after pos [(24, 67), (22, 72), (23, 70), (22, 63)]
current pos [(24, 67), (22, 72), (23, 70), (22, 63)]
after pos [(26, 68), (25, 65), (24, 72), (23, 74)]
│  map 4  steps=19  dist=[225.0542251086738, 194.70454984373907, 239.1088464493415, 306.9791793222288]  rmse=0.113439703
9777331  cov=5.640000104904175%  iou=0.39757645701096367  [165/200]
current pos [(26, 68), (25, 65), (24, 72), (23, 74)]
after pos [(1, 52), (1, 47), (1, 54), (1, 56)]
current pos [(1, 52), (1, 47), (1, 54), (1, 56)]
after pos [(8, 77), (8, 73), (8, 81), (8, 75)]
current pos [(8, 77), (8, 73), (8, 81), (8, 75)]
after pos [(8, 85), (8, 87), (8, 83), (8, 47)]
current pos [(8, 85), (8, 87), (8, 83), (8, 47)]
after pos [(15, 76), (13, 72), (19, 80), (13, 76)]
current pos [(15, 76), (13, 72), (19, 80), (13, 76)]
after pos [(26, 78), (22, 78), (19, 76), (26, 80)]
current pos [(26, 78), (22, 78), (19, 76), (26, 80)]
after pos [(8, 89), (23, 84), (8, 91), (25, 84)]
current pos [(8, 89), (23, 84), (8, 91), (25, 84)]
after pos [(31, 80), (19, 88), (30, 78), (21, 88)]
current pos [(31, 80), (19, 88), (30, 78), (21, 88)]
after pos [(29, 88), (25, 88), (30, 86), (29, 74)]
current pos [(29, 88), (25, 88), (30, 86), (29, 74)]
after pos [(27, 72), (27, 70), (31, 69), (30, 71)]
current pos [(27, 72), (27, 70), (31, 69), (30, 71)]
after pos [(35, 85), (35, 88), (33, 88), (35, 81)]
current pos [(35, 85), (35, 88), (33, 88), (35, 81)]
after pos [(61, 80), (63, 81), (30, 91), (63, 79)]
current pos [(61, 80), (63, 81), (30, 91), (63, 79)]
after pos [(61, 88), (57, 88), (59, 88), (53, 88)]
current pos [(61, 88), (57, 88), (59, 88), (53, 88)]
after pos [(46, 77), (50, 77), (66, 87), (66, 85)]
current pos [(46, 77), (50, 77), (66, 87), (66, 85)]
after pos [(39, 78), (26, 91), (41, 78), (69, 88)]
current pos [(39, 78), (26, 91), (41, 78), (69, 88)]
after pos [(16, 91), (18, 91), (14, 91), (66, 91)]
current pos [(16, 91), (18, 91), (14, 91), (66, 91)]
after pos [(10, 74), (10, 71), (12, 91), (71, 84)]
current pos [(10, 74), (10, 71), (12, 91), (71, 84)]
after pos [(29, 65), (27, 64), (17, 72), (67, 80)]
current pos [(29, 65), (27, 64), (17, 72), (67, 80)]
after pos [(31, 66), (31, 64), (27, 62), (77, 88)]
current pos [(31, 66), (31, 64), (27, 62), (77, 88)]
after pos [(46, 91), (9, 45), (10, 69), (70, 91)]
│  map 5  steps=19  dist=[328.6641308570603, 313.0008646953709, 313.96944005344045, 257.98334718359416]  rmse=0.09206500
866373117  cov=8.380000293254852%  iou=0.19793348401679045  [166/200]
current pos [(46, 91), (9, 45), (10, 69), (70, 91)]
after pos [(16, 91), (1, 17), (1, 41), (40, 91)]
current pos [(16, 91), (1, 17), (1, 41), (40, 91)]
after pos [(8, 81), (8, 20), (8, 16), (62, 82)]
current pos [(8, 81), (8, 20), (8, 16), (62, 82)]
after pos [(8, 77), (7, 14), (8, 12), (51, 80)]
current pos [(8, 77), (7, 14), (8, 12), (51, 80)]
after pos [(8, 73), (8, 8), (10, 13), (43, 80)]
current pos [(8, 73), (8, 8), (10, 13), (43, 80)]
after pos [(8, 88), (10, 8), (10, 10), (31, 81)]
current pos [(8, 88), (10, 8), (10, 10), (31, 81)]
after pos [(8, 91), (8, 6), (10, 6), (10, 91)]
current pos [(8, 91), (8, 6), (10, 6), (10, 91)]
after pos [(35, 86), (8, 25), (8, 27), (31, 86)]
current pos [(35, 86), (8, 25), (8, 27), (31, 86)]
after pos [(37, 88), (8, 32), (8, 29), (8, 71)]
current pos [(37, 88), (8, 32), (8, 29), (8, 71)]
after pos [(42, 85), (12, 8), (14, 8), (9, 49)]
current pos [(42, 85), (12, 8), (14, 8), (9, 49)]
after pos [(69, 88), (16, 8), (5, 10), (8, 35)]
current pos [(69, 88), (16, 8), (5, 10), (8, 35)]
after pos [(79, 85), (14, 6), (12, 6), (14, 18)]
current pos [(79, 85), (14, 6), (12, 6), (14, 18)]
after pos [(74, 91), (15, 14), (18, 8), (14, 16)]
current pos [(74, 91), (15, 14), (18, 8), (14, 16)]
after pos [(56, 89), (17, 15), (20, 8), (17, 12)]
current pos [(56, 89), (17, 15), (20, 8), (17, 12)]
after pos [(34, 89), (22, 8), (18, 10), (19, 15)]
current pos [(34, 89), (22, 8), (18, 10), (19, 15)]
after pos [(10, 79), (24, 8), (22, 12), (23, 10)]
current pos [(10, 79), (24, 8), (22, 12), (23, 10)]
after pos [(10, 87), (26, 8), (22, 16), (26, 10)]
current pos [(10, 87), (26, 8), (22, 16), (26, 10)]
after pos [(10, 77), (26, 12), (28, 8), (24, 16)]
current pos [(10, 77), (26, 12), (28, 8), (24, 16)]
after pos [(28, 89), (26, 16), (16, 17), (26, 18)]
current pos [(28, 89), (26, 16), (16, 17), (26, 18)]
after pos [(30, 79), (18, 18), (28, 14), (28, 16)]
current pos [(30, 79), (18, 18), (28, 14), (28, 16)]
after pos [(25, 53), (30, 8), (22, 19), (30, 14)]
current pos [(25, 53), (30, 8), (22, 19), (30, 14)]
after pos [(14, 26), (16, 19), (19, 20), (28, 12)]
│  map 6  steps=21  dist=[321.9146805493969, 183.4614975049221, 198.79257788487212, 249.0302434966433]  rmse=0.056233871
402722  cov=7.249999791383743%  iou=0.36180904522613067  [167/200]
current pos [(14, 26), (16, 19), (19, 20), (28, 12)]
after pos [(1, 1), (1, 3), (1, 5), (1, 7)]
current pos [(1, 1), (1, 3), (1, 5), (1, 7)]
after pos [(11, 7), (8, 25), (13, 11), (8, 29)]
current pos [(11, 7), (8, 25), (13, 11), (8, 29)]
after pos [(13, 7), (8, 33), (15, 7), (8, 31)]
current pos [(13, 7), (8, 33), (15, 7), (8, 31)]
after pos [(20, 8), (8, 37), (15, 12), (18, 12)]
current pos [(20, 8), (8, 37), (15, 12), (18, 12)]
after pos [(8, 19), (18, 16), (19, 14), (22, 13)]
current pos [(8, 19), (18, 16), (19, 14), (22, 13)]
after pos [(22, 18), (20, 16), (22, 8), (20, 18)]
current pos [(22, 18), (20, 16), (22, 8), (20, 18)]
after pos [(24, 8), (9, 21), (21, 20), (8, 39)]
current pos [(24, 8), (9, 21), (21, 20), (8, 39)]
after pos [(25, 16), (25, 14), (23, 20), (27, 17)]
current pos [(25, 16), (25, 14), (23, 20), (27, 17)]
after pos [(27, 14), (10, 23), (8, 41), (26, 9)]
current pos [(27, 14), (10, 23), (8, 41), (26, 9)]
after pos [(18, 6), (8, 43), (9, 51), (27, 20)]
current pos [(18, 6), (8, 43), (9, 51), (27, 20)]
after pos [(28, 9), (9, 71), (8, 80), (26, 23)]
current pos [(28, 9), (9, 71), (8, 80), (26, 23)]
after pos [(29, 14), (8, 87), (8, 85), (30, 9)]
current pos [(29, 14), (8, 87), (8, 85), (30, 9)]
after pos [(14, 5), (8, 89), (30, 81), (30, 21)]
current pos [(14, 5), (8, 89), (30, 81), (30, 21)]
after pos [(26, 25), (8, 91), (47, 81), (32, 10)]
current pos [(26, 25), (8, 91), (47, 81), (32, 10)]
after pos [(29, 23), (35, 88), (62, 83), (22, 27)]
current pos [(29, 23), (35, 88), (62, 83), (22, 27)]
after pos [(33, 21), (45, 88), (68, 88), (35, 9)]
current pos [(33, 21), (45, 88), (68, 88), (35, 9)]
after pos [(25, 33), (51, 88), (79, 85), (25, 29)]
current pos [(25, 33), (51, 88), (79, 85), (25, 29)]
after pos [(35, 20), (26, 91), (57, 88), (12, 5)]
current pos [(35, 20), (26, 91), (57, 88), (12, 5)]
after pos [(37, 9), (10, 81), (52, 91), (18, 31)]
│  map 7  steps=19  dist=[218.79322610460295, 284.68035905354196, 243.15529985168942, 315.056529492819]  rmse=0.04556305
330124332  cov=7.5199998915195465%  iou=0.16155026861089794  [168/200]
current pos [(37, 9), (10, 81), (52, 91), (18, 31)]
after pos [(7, 9), (1, 53), (22, 91), (1, 7)]
current pos [(7, 9), (1, 53), (22, 91), (1, 7)]
after pos [(9, 27), (7, 78), (7, 80), (9, 31)]
current pos [(9, 27), (7, 78), (7, 80), (9, 31)]
after pos [(9, 57), (7, 84), (8, 66), (9, 61)]
current pos [(9, 57), (7, 84), (8, 66), (9, 61)]
after pos [(11, 78), (8, 63), (10, 74), (9, 84)]
current pos [(11, 78), (8, 63), (10, 74), (9, 84)]
after pos [(8, 87), (12, 80), (10, 86), (14, 78)]
current pos [(8, 87), (12, 80), (10, 86), (14, 78)]
after pos [(6, 87), (7, 89), (8, 91), (14, 82)]
current pos [(6, 87), (7, 89), (8, 91), (14, 82)]
after pos [(4, 89), (12, 86), (6, 91), (12, 70)]
current pos [(4, 89), (12, 86), (6, 91), (12, 70)]
after pos [(13, 88), (16, 80), (16, 82), (16, 78)]
current pos [(13, 88), (16, 80), (16, 82), (16, 78)]
after pos [(11, 90), (5, 82), (14, 91), (18, 82)]
current pos [(11, 90), (5, 82), (14, 91), (18, 82)]
after pos [(19, 84), (14, 70), (18, 78), (12, 68)]
current pos [(19, 84), (14, 70), (18, 78), (12, 68)]
after pos [(18, 75), (23, 81), (21, 80), (17, 73)]
current pos [(18, 75), (23, 81), (21, 80), (17, 73)]
after pos [(25, 81), (21, 82), (16, 91), (21, 86)]
current pos [(25, 81), (21, 82), (16, 91), (21, 86)]
after pos [(23, 85), (24, 83), (27, 81), (26, 83)]
current pos [(23, 85), (24, 83), (27, 81), (26, 83)]
after pos [(27, 85), (25, 86), (29, 81), (26, 79)]
current pos [(27, 85), (25, 86), (29, 81), (26, 79)]
after pos [(30, 83), (28, 83), (29, 86), (25, 88)]
current pos [(30, 83), (28, 83), (29, 86), (25, 88)]
after pos [(23, 88), (31, 85), (27, 88), (31, 81)]
current pos [(23, 88), (31, 85), (27, 88), (31, 81)]
after pos [(33, 82), (33, 86), (31, 88), (23, 76)]
current pos [(33, 82), (33, 86), (31, 88), (23, 76)]
after pos [(35, 81), (33, 88), (35, 84), (33, 80)]
current pos [(35, 81), (33, 88), (35, 84), (33, 80)]
after pos [(35, 88), (37, 81), (19, 73), (31, 77)]
current pos [(35, 88), (37, 81), (19, 73), (31, 77)]
after pos [(39, 81), (38, 83), (37, 85), (15, 68)]
current pos [(39, 81), (38, 83), (37, 85), (15, 68)]
after pos [(39, 85), (41, 82), (38, 87), (5, 84)]
current pos [(39, 85), (41, 82), (38, 87), (5, 84)]
after pos [(41, 84), (34, 78), (63, 81), (12, 66)]
current pos [(41, 84), (34, 78), (63, 81), (12, 66)]
after pos [(59, 84), (62, 83), (51, 86), (39, 78)]
│  map 8  steps=23  dist=[227.556105340064, 233.95021239892378, 258.5784902610402, 319.0064176029636]  rmse=0.0531243676
61078725  cov=6.8800002336502075%  iou=0.7290076335877863  [169/200]
current pos [(59, 84), (62, 83), (51, 86), (39, 78)]
after pos [(29, 84), (32, 83), (21, 86), (9, 78)]
current pos [(29, 84), (32, 83), (21, 86), (9, 78)]
after pos [(8, 73), (8, 69), (8, 71), (8, 85)]
current pos [(8, 73), (8, 69), (8, 71), (8, 85)]
after pos [(8, 61), (8, 59), (8, 63), (8, 57)]
current pos [(8, 61), (8, 59), (8, 63), (8, 57)]
after pos [(8, 49), (8, 51), (8, 47), (8, 45)]
current pos [(8, 49), (8, 51), (8, 47), (8, 45)]
after pos [(8, 41), (8, 39), (8, 43), (6, 57)]
current pos [(8, 41), (8, 39), (8, 43), (6, 57)]
after pos [(8, 37), (8, 35), (8, 17), (8, 33)]
current pos [(8, 37), (8, 35), (8, 17), (8, 33)]
after pos [(6, 61), (6, 63), (10, 46), (6, 59)]
current pos [(6, 61), (6, 63), (10, 46), (6, 59)]
after pos [(10, 62), (10, 58), (10, 56), (10, 54)]
current pos [(10, 62), (10, 58), (10, 56), (10, 54)]
after pos [(11, 60), (10, 66), (10, 64), (12, 56)]
current pos [(11, 60), (10, 66), (10, 64), (12, 56)]
after pos [(12, 52), (12, 58), (12, 50), (12, 62)]
current pos [(12, 52), (12, 58), (12, 50), (12, 62)]
after pos [(13, 48), (14, 58), (14, 54), (13, 64)]
current pos [(13, 48), (14, 58), (14, 54), (13, 64)]
after pos [(14, 60), (16, 55), (10, 68), (12, 45)]
current pos [(14, 60), (16, 55), (10, 68), (12, 45)]
after pos [(18, 56), (14, 46), (14, 44), (16, 52)]
current pos [(18, 56), (14, 46), (14, 44), (16, 52)]
after pos [(18, 52), (17, 50), (18, 54), (17, 60)]
current pos [(18, 52), (17, 50), (18, 54), (17, 60)]
after pos [(18, 62), (20, 54), (12, 42), (14, 66)]
current pos [(18, 62), (20, 54), (12, 42), (14, 66)]
after pos [(8, 87), (22, 55), (20, 56), (21, 52)]
current pos [(8, 87), (22, 55), (20, 56), (21, 52)]
after pos [(20, 61), (23, 53), (22, 57), (19, 49)]
current pos [(20, 61), (23, 53), (22, 57), (19, 49)]
after pos [(22, 50), (22, 62), (24, 56), (24, 58)]
current pos [(22, 50), (22, 62), (24, 56), (24, 58)]
after pos [(26, 58), (26, 54), (26, 56), (24, 60)]
current pos [(26, 58), (26, 54), (26, 56), (24, 60)]
after pos [(28, 56), (26, 60), (26, 52), (28, 54)]
current pos [(28, 56), (26, 60), (26, 52), (28, 54)]
after pos [(30, 54), (28, 52), (30, 56), (26, 50)]
current pos [(30, 54), (28, 52), (30, 56), (26, 50)]
after pos [(30, 58), (30, 52), (30, 50), (26, 62)]
current pos [(30, 58), (30, 52), (30, 50), (26, 62)]
after pos [(32, 52), (32, 56), (28, 50), (27, 48)]
current pos [(32, 52), (32, 56), (28, 50), (27, 48)]
after pos [(34, 56), (34, 54), (29, 48), (34, 52)]
current pos [(34, 56), (34, 54), (29, 48), (34, 52)]
after pos [(32, 58), (36, 56), (28, 60), (32, 48)]
current pos [(32, 58), (36, 56), (28, 60), (32, 48)]
after pos [(30, 60), (36, 52), (27, 46), (25, 48)]
│  map 9  steps=26  dist=[265.82919187920675, 220.17765135442446, 301.17743301152797, 287.5301863258663]  rmse=0.0692709
7662334872  cov=6.129999831318855%  iou=0.6022769004774147  [170/200]
└─ done

┌─ model=mcdropout  policy=uncertainty_greedy
current pos [(30, 60), (36, 52), (27, 46), (25, 48)]
after pos [(1, 53), (6, 52), (7, 45), (7, 47)]
current pos [(1, 53), (6, 52), (7, 45), (7, 47)]
after pos [(8, 67), (8, 71), (8, 69), (8, 37)]
current pos [(8, 67), (8, 71), (8, 69), (8, 37)]
after pos [(8, 81), (8, 85), (8, 83), (21, 64)]
current pos [(8, 81), (8, 85), (8, 83), (21, 64)]
after pos [(19, 68), (27, 68), (25, 68), (8, 88)]
current pos [(19, 68), (27, 68), (25, 68), (8, 88)]
after pos [(23, 80), (27, 79), (25, 79), (8, 91)]
current pos [(23, 80), (27, 79), (25, 79), (8, 91)]
after pos [(19, 84), (31, 65), (17, 84), (17, 87)]
current pos [(19, 84), (31, 65), (17, 84), (17, 87)]
after pos [(25, 87), (25, 84), (27, 84), (23, 87)]
current pos [(25, 87), (25, 84), (27, 84), (23, 87)]
after pos [(13, 68), (13, 64), (15, 64), (25, 64)]
current pos [(13, 68), (13, 64), (15, 64), (25, 64)]
after pos [(35, 81), (35, 65), (35, 61), (34, 83)]
current pos [(35, 81), (35, 65), (35, 61), (34, 83)]
after pos [(41, 81), (39, 80), (31, 84), (43, 81)]
current pos [(41, 81), (39, 80), (31, 84), (43, 81)]
after pos [(61, 81), (63, 81), (59, 81), (33, 88)]
current pos [(61, 81), (63, 81), (59, 81), (33, 88)]
after pos [(35, 91), (38, 91), (40, 91), (62, 87)]
current pos [(35, 91), (38, 91), (40, 91), (62, 87)]
after pos [(29, 88), (13, 84), (15, 84), (58, 91)]
current pos [(29, 88), (13, 84), (15, 84), (58, 91)]
after pos [(54, 91), (18, 91), (22, 91), (28, 91)]
current pos [(54, 91), (18, 91), (22, 91), (28, 91)]
after pos [(67, 85), (26, 91), (24, 91), (29, 84)]
current pos [(67, 85), (26, 91), (24, 91), (29, 84)]
after pos [(71, 83), (53, 78), (50, 77), (48, 77)]
│  map 0  steps=16  dist=[254.08926267322016, 318.43297888810696, 295.0659662412048, 261.7181299813466]  rmse=0.10444729
723112132  cov=8.070000261068344%  iou=0.21323792486583185  [171/200]
current pos [(71, 83), (53, 78), (50, 77), (48, 77)]
after pos [(41, 83), (42, 76), (42, 78), (42, 80)]
current pos [(41, 83), (42, 76), (42, 78), (42, 80)]
after pos [(41, 71), (37, 75), (45, 71), (35, 79)]
current pos [(41, 71), (37, 75), (45, 71), (35, 79)]
after pos [(41, 67), (35, 71), (39, 67), (37, 67)]
current pos [(41, 67), (35, 71), (39, 67), (37, 67)]
after pos [(29, 71), (29, 67), (29, 75), (31, 67)]
current pos [(29, 71), (29, 67), (29, 75), (31, 67)]
after pos [(8, 79), (8, 81), (8, 77), (8, 85)]
current pos [(8, 79), (8, 81), (8, 77), (8, 85)]
after pos [(8, 72), (8, 69), (8, 67), (8, 65)]
current pos [(8, 72), (8, 69), (8, 67), (8, 65)]
after pos [(8, 57), (8, 59), (8, 61), (8, 55)]
current pos [(8, 57), (8, 59), (8, 61), (8, 55)]
after pos [(8, 51), (8, 49), (8, 53), (8, 47)]
current pos [(8, 51), (8, 49), (8, 53), (8, 47)]
after pos [(8, 45), (8, 43), (6, 65), (6, 69)]
current pos [(8, 45), (8, 43), (6, 65), (6, 69)]
after pos [(6, 71), (29, 64), (27, 64), (31, 62)]
current pos [(6, 71), (29, 64), (27, 64), (31, 62)]
after pos [(8, 87), (10, 62), (10, 58), (33, 63)]
current pos [(8, 87), (10, 62), (10, 58), (33, 63)]
after pos [(10, 74), (23, 67), (21, 67), (25, 67)]
current pos [(10, 74), (23, 67), (21, 67), (25, 67)]
after pos [(8, 89), (35, 63), (39, 71), (34, 74)]
current pos [(8, 89), (35, 63), (39, 71), (34, 74)]
after pos [(10, 72), (15, 71), (31, 76), (16, 68)]
current pos [(10, 72), (15, 71), (31, 76), (16, 68)]
after pos [(10, 54), (34, 60), (38, 64), (38, 62)]
current pos [(10, 54), (34, 60), (38, 64), (38, 62)]
after pos [(8, 41), (36, 60), (35, 58), (31, 58)]
current pos [(8, 41), (36, 60), (35, 58), (31, 58)]
after pos [(8, 21), (29, 59), (31, 56), (12, 56)]
current pos [(8, 21), (29, 59), (31, 56), (12, 56)]
after pos [(8, 18), (11, 49), (26, 45), (17, 49)]
current pos [(8, 18), (11, 49), (26, 45), (17, 49)]
after pos [(9, 15), (10, 42), (25, 23), (30, 27)]
current pos [(9, 15), (10, 42), (25, 23), (30, 27)]
after pos [(9, 11), (9, 13), (10, 39), (10, 37)]
current pos [(9, 11), (9, 13), (10, 39), (10, 37)]
after pos [(9, 9), (25, 8), (17, 10), (20, 11)]
│  map 1  steps=21  dist=[266.0408000674709, 292.59125814317974, 285.0363482953269, 323.1033383429454]  rmse=0.071396097
40993368  cov=7.670000195503235%  iou=0.5803040317250495  [172/200]
current pos [(9, 9), (25, 8), (17, 10), (20, 11)]
after pos [(1, 1), (1, 3), (1, 5), (1, 7)]
current pos [(1, 1), (1, 3), (1, 5), (1, 7)]
after pos [(8, 25), (8, 29), (8, 27), (8, 23)]
current pos [(8, 25), (8, 29), (8, 27), (8, 23)]
after pos [(8, 37), (8, 39), (8, 41), (8, 35)]
current pos [(8, 37), (8, 39), (8, 41), (8, 35)]
after pos [(8, 48), (8, 51), (8, 53), (8, 46)]
current pos [(8, 48), (8, 51), (8, 53), (8, 46)]
after pos [(8, 65), (8, 67), (8, 69), (8, 73)]
current pos [(8, 65), (8, 67), (8, 69), (8, 73)]
after pos [(8, 84), (8, 87), (8, 80), (8, 82)]
current pos [(8, 84), (8, 87), (8, 80), (8, 82)]
after pos [(5, 68), (5, 64), (5, 66), (5, 71)]
current pos [(5, 68), (5, 64), (5, 66), (5, 71)]
after pos [(8, 91), (4, 89), (6, 87), (6, 85)]
current pos [(8, 91), (4, 89), (6, 87), (6, 85)]
after pos [(15, 79), (15, 71), (15, 75), (15, 67)]
current pos [(15, 79), (15, 71), (15, 75), (15, 67)]
after pos [(10, 62), (10, 66), (10, 64), (6, 91)]
current pos [(10, 62), (10, 66), (10, 64), (6, 91)]
after pos [(10, 58), (10, 60), (10, 56), (14, 86)]
current pos [(10, 58), (10, 60), (10, 56), (14, 86)]
after pos [(13, 63), (12, 60), (19, 83), (19, 79)]
current pos [(13, 63), (12, 60), (19, 83), (19, 79)]
after pos [(10, 72), (10, 70), (17, 87), (19, 76)]
current pos [(10, 72), (10, 70), (17, 87), (19, 76)]
after pos [(26, 81), (16, 91), (18, 71), (18, 74)]
current pos [(26, 81), (16, 91), (18, 71), (18, 74)]
after pos [(23, 84), (25, 83), (21, 83), (24, 76)]
current pos [(23, 84), (25, 83), (21, 83), (24, 76)]
after pos [(26, 78), (15, 64), (11, 91), (28, 82)]
current pos [(26, 78), (15, 64), (11, 91), (28, 82)]
after pos [(30, 83), (10, 54), (14, 91), (27, 84)]
current pos [(30, 83), (10, 54), (14, 91), (27, 84)]
after pos [(31, 81), (27, 76), (29, 77), (30, 75)]
current pos [(31, 81), (27, 76), (29, 77), (30, 75)]
after pos [(31, 78), (33, 81), (32, 83), (29, 85)]
│  map 2  steps=19  dist=[226.66522670127762, 306.1663762571342, 267.64041870526785, 225.6555919945705]  rmse=0.09032472
11694571  cov=5.44000007212162%  iou=0.6411539593759199  [173/200]
current pos [(31, 78), (33, 81), (32, 83), (29, 85)]
after pos [(1, 78), (3, 81), (4, 74), (4, 76)]
current pos [(1, 78), (3, 81), (4, 74), (4, 76)]
after pos [(8, 65), (8, 67), (8, 69), (8, 63)]
current pos [(8, 65), (8, 67), (8, 69), (8, 63)]
after pos [(8, 59), (8, 61), (8, 57), (8, 55)]
current pos [(8, 59), (8, 61), (8, 57), (8, 55)]
after pos [(7, 84), (8, 53), (7, 86), (8, 51)]
current pos [(7, 84), (8, 53), (7, 86), (8, 51)]
after pos [(8, 88), (10, 68), (10, 70), (10, 66)]
current pos [(8, 88), (10, 68), (10, 70), (10, 66)]
after pos [(5, 88), (6, 91), (15, 71), (15, 87)]
current pos [(5, 88), (6, 91), (15, 71), (15, 87)]
after pos [(13, 87), (9, 91), (19, 84), (17, 87)]
current pos [(13, 87), (9, 91), (19, 84), (17, 87)]
after pos [(11, 83), (21, 84), (16, 91), (11, 91)]
current pos [(11, 83), (21, 84), (16, 91), (11, 91)]
after pos [(8, 93), (10, 93), (5, 83), (15, 68)]
current pos [(8, 93), (10, 93), (5, 83), (15, 68)]
after pos [(23, 85), (26, 86), (31, 86), (29, 87)]
current pos [(23, 85), (26, 86), (31, 86), (29, 87)]
after pos [(24, 91), (26, 91), (22, 91), (28, 91)]
current pos [(24, 91), (26, 91), (22, 91), (28, 91)]
after pos [(35, 81), (12, 65), (13, 67), (34, 83)]
current pos [(35, 81), (12, 65), (13, 67), (34, 83)]
after pos [(63, 81), (20, 91), (26, 75), (31, 76)]
current pos [(63, 81), (20, 91), (26, 75), (31, 76)]
after pos [(45, 83), (47, 84), (43, 84), (41, 83)]
current pos [(45, 83), (47, 84), (43, 84), (41, 83)]
after pos [(51, 84), (55, 84), (47, 86), (47, 78)]
current pos [(51, 84), (55, 84), (47, 86), (47, 78)]
after pos [(51, 86), (55, 86), (39, 88), (39, 84)]
current pos [(51, 86), (55, 86), (39, 88), (39, 84)]
after pos [(57, 84), (53, 86), (59, 84), (62, 83)]
current pos [(57, 84), (53, 86), (59, 84), (62, 83)]
after pos [(58, 86), (61, 85), (53, 88), (42, 91)]
current pos [(58, 86), (61, 85), (53, 88), (42, 91)]
after pos [(56, 91), (52, 91), (54, 91), (61, 87)]
current pos [(56, 91), (52, 91), (54, 91), (61, 87)]
after pos [(40, 91), (34, 91), (32, 91), (36, 91)]
current pos [(40, 91), (34, 91), (32, 91), (36, 91)]
after pos [(37, 84), (62, 91), (58, 91), (60, 91)]
│  map 3  steps=21  dist=[235.5865461994781, 312.41756342176313, 321.1154701566513, 310.1016329278446]  rmse=0.049913047
73617805  cov=6.719999760389328%  iou=0.5735985533453888  [174/200]
current pos [(37, 84), (62, 91), (58, 91), (60, 91)]
after pos [(7, 84), (32, 91), (33, 84), (33, 86)]
current pos [(7, 84), (32, 91), (33, 84), (33, 86)]
after pos [(8, 71), (8, 73), (8, 75), (8, 77)]
current pos [(8, 71), (8, 73), (8, 75), (8, 77)]
after pos [(8, 61), (8, 59), (8, 63), (8, 57)]
current pos [(8, 61), (8, 59), (8, 63), (8, 57)]
after pos [(8, 49), (8, 51), (8, 53), (8, 47)]
current pos [(8, 49), (8, 51), (8, 53), (8, 47)]
after pos [(8, 43), (8, 45), (8, 41), (5, 60)]
current pos [(8, 43), (8, 45), (8, 41), (5, 60)]
after pos [(8, 17), (8, 19), (8, 21), (5, 68)]
current pos [(8, 17), (8, 19), (8, 21), (5, 68)]
after pos [(8, 15), (10, 46), (8, 13), (10, 44)]
current pos [(8, 15), (10, 46), (8, 13), (10, 44)]
after pos [(27, 17), (12, 44), (26, 21), (26, 23)]
current pos [(27, 17), (12, 44), (26, 21), (26, 23)]
after pos [(9, 9), (14, 44), (17, 45), (19, 45)]
current pos [(9, 9), (14, 44), (17, 45), (19, 45)]
after pos [(8, 11), (11, 38), (33, 21), (11, 36)]
current pos [(8, 11), (11, 38), (33, 21), (11, 36)]
after pos [(25, 8), (18, 9), (16, 9), (10, 23)]
current pos [(25, 8), (18, 9), (16, 9), (10, 23)]
after pos [(33, 8), (31, 8), (35, 8), (29, 8)]
current pos [(33, 8), (31, 8), (35, 8), (29, 8)]
after pos [(33, 37), (35, 37), (31, 37), (35, 33)]
current pos [(33, 37), (35, 37), (31, 37), (35, 33)]
after pos [(10, 54), (15, 59), (15, 57), (15, 53)]
current pos [(10, 54), (15, 59), (15, 57), (15, 53)]
after pos [(6, 73), (6, 71), (6, 75), (9, 80)]
│  map 4  steps=15  dist=[242.35702519876995, 269.4885762206111, 303.5529282468876, 310.3144978278956]  rmse=0.115702269
16267745  cov=7.500000298023224%  iou=0.45468848332284456  [175/200]
current pos [(6, 73), (6, 71), (6, 75), (9, 80)]
after pos [(1, 44), (1, 46), (1, 48), (1, 52)]
current pos [(1, 44), (1, 46), (1, 48), (1, 52)]
after pos [(8, 21), (8, 17), (8, 45), (8, 48)]
current pos [(8, 21), (8, 17), (8, 45), (8, 48)]
after pos [(8, 37), (8, 39), (8, 41), (8, 35)]
current pos [(8, 37), (8, 39), (8, 41), (8, 35)]
after pos [(8, 8), (7, 12), (7, 14), (8, 56)]
current pos [(8, 8), (7, 12), (7, 14), (8, 56)]
after pos [(3, 10), (8, 6), (3, 12), (10, 27)]
current pos [(3, 10), (8, 6), (3, 12), (10, 27)]
after pos [(14, 8), (10, 7), (16, 8), (15, 15)]
current pos [(14, 8), (10, 7), (16, 8), (15, 15)]
after pos [(13, 6), (15, 6), (23, 15), (21, 15)]
current pos [(13, 6), (15, 6), (23, 15), (21, 15)]
after pos [(18, 7), (20, 8), (25, 15), (19, 23)]
current pos [(18, 7), (20, 8), (25, 15), (19, 23)]
after pos [(23, 8), (25, 11), (25, 9), (27, 19)]
current pos [(23, 8), (25, 11), (25, 9), (27, 19)]
after pos [(17, 12), (27, 8), (22, 18), (23, 12)]
current pos [(17, 12), (27, 8), (22, 18), (23, 12)]
after pos [(21, 24), (23, 24), (29, 9), (31, 15)]
current pos [(21, 24), (23, 24), (29, 9), (31, 15)]
after pos [(18, 25), (10, 18), (17, 23), (10, 16)]
current pos [(18, 25), (10, 18), (17, 23), (10, 16)]
after pos [(16, 25), (14, 24), (30, 17), (14, 22)]
current pos [(16, 25), (14, 24), (30, 17), (14, 22)]
after pos [(13, 11), (15, 11), (17, 19), (15, 13)]
current pos [(13, 11), (15, 11), (17, 19), (15, 13)]
after pos [(11, 14), (10, 12), (10, 22), (19, 28)]
current pos [(11, 14), (10, 12), (10, 22), (19, 28)]
after pos [(26, 22), (29, 12), (30, 19), (25, 24)]
current pos [(26, 22), (29, 12), (30, 19), (25, 24)]
after pos [(14, 26), (31, 9), (16, 27), (28, 21)]
current pos [(14, 26), (31, 9), (16, 27), (28, 21)]
after pos [(31, 13), (27, 25), (33, 9), (31, 21)]
current pos [(31, 13), (27, 25), (33, 9), (31, 21)]
after pos [(12, 27), (35, 9), (23, 28), (13, 29)]
current pos [(12, 27), (35, 9), (23, 28), (13, 29)]
after pos [(34, 15), (33, 18), (35, 17), (33, 21)]
current pos [(34, 15), (33, 18), (35, 17), (33, 21)]
after pos [(37, 9), (14, 31), (17, 30), (26, 29)]
current pos [(37, 9), (14, 31), (17, 30), (26, 29)]
after pos [(35, 20), (34, 23), (26, 31), (20, 31)]
│  map 5  steps=22  dist=[288.01434802369573, 299.5132161102433, 306.5964841851328, 278.5096032979714]  rmse=0.065167199
45663776  cov=6.17000013589859%  iou=0.23663840766678954  [176/200]
current pos [(35, 20), (34, 23), (26, 31), (20, 31)]
after pos [(5, 20), (6, 13), (6, 15), (6, 17)]
current pos [(5, 20), (6, 13), (6, 15), (6, 17)]
after pos [(8, 33), (8, 29), (8, 37), (8, 31)]
current pos [(8, 33), (8, 29), (8, 37), (8, 31)]
after pos [(8, 39), (8, 9), (8, 41), (8, 11)]
current pos [(8, 39), (8, 9), (8, 41), (8, 11)]
after pos [(15, 14), (21, 16), (13, 12), (17, 14)]
current pos [(15, 14), (21, 16), (13, 12), (17, 14)]
after pos [(11, 8), (8, 43), (13, 8), (15, 10)]
current pos [(11, 8), (8, 43), (13, 8), (15, 10)]
after pos [(16, 8), (27, 24), (23, 24), (26, 22)]
current pos [(16, 8), (27, 24), (23, 24), (26, 22)]
after pos [(18, 8), (21, 11), (19, 11), (21, 13)]
current pos [(18, 8), (21, 11), (19, 11), (21, 13)]
after pos [(20, 8), (25, 15), (27, 15), (23, 11)]
current pos [(20, 8), (25, 15), (27, 15), (23, 11)]
after pos [(22, 8), (24, 8), (29, 15), (25, 11)]
current pos [(22, 8), (24, 8), (29, 15), (25, 11)]
after pos [(26, 8), (28, 12), (30, 17), (26, 17)]
current pos [(26, 8), (28, 12), (30, 17), (26, 17)]
after pos [(28, 8), (30, 12), (28, 17), (31, 24)]
current pos [(28, 8), (30, 12), (28, 17), (31, 24)]
after pos [(31, 14), (29, 10), (27, 27), (31, 9)]
current pos [(31, 14), (29, 10), (27, 27), (31, 9)]
after pos [(33, 9), (29, 25), (13, 28), (20, 23)]
current pos [(33, 9), (29, 25), (13, 28), (20, 23)]
after pos [(33, 17), (31, 26), (23, 31), (33, 14)]
current pos [(33, 17), (31, 26), (23, 31), (33, 14)]
after pos [(35, 16), (27, 29), (29, 28), (35, 9)]
current pos [(35, 16), (27, 29), (29, 28), (35, 9)]
after pos [(35, 18), (6, 10), (22, 33), (16, 31)]
current pos [(35, 18), (6, 10), (22, 33), (16, 31)]
after pos [(31, 29), (35, 14), (22, 35), (20, 35)]
current pos [(31, 29), (35, 14), (22, 35), (20, 35)]
after pos [(8, 47), (14, 6), (26, 33), (29, 31)]
current pos [(8, 47), (14, 6), (26, 33), (29, 31)]
after pos [(8, 77), (15, 33), (4, 18), (2, 18)]
│  map 6  steps=19  dist=[194.7545769474224, 303.71779927330414, 215.71643962715777, 242.53035090070313]  rmse=0.0614849
18949430596  cov=5.710000172257423%  iou=0.3201048296518158  [177/200]
current pos [(8, 77), (15, 33), (4, 18), (2, 18)]
after pos [(1, 48), (1, 50), (4, 48), (8, 47)]
current pos [(1, 48), (1, 50), (4, 48), (8, 47)]
after pos [(8, 20), (8, 24), (8, 56), (8, 28)]
current pos [(8, 20), (8, 24), (8, 56), (8, 28)]
after pos [(8, 13), (8, 15), (8, 50), (15, 27)]
current pos [(8, 13), (8, 15), (8, 50), (15, 27)]
after pos [(8, 8), (7, 10), (19, 23), (13, 23)]
current pos [(8, 8), (7, 10), (19, 23), (13, 23)]
after pos [(8, 6), (6, 8), (5, 12), (5, 14)]
current pos [(8, 6), (6, 8), (5, 12), (5, 14)]
after pos [(10, 8), (13, 8), (13, 11), (15, 8)]
current pos [(10, 8), (13, 8), (13, 11), (15, 8)]
after pos [(14, 6), (12, 6), (18, 8), (20, 8)]
current pos [(14, 6), (12, 6), (18, 8), (20, 8)]
after pos [(16, 6), (23, 15), (21, 15), (23, 11)]
current pos [(16, 6), (23, 15), (21, 15), (23, 11)]
after pos [(18, 6), (23, 8), (18, 18), (25, 15)]
current pos [(18, 6), (23, 8), (18, 18), (25, 15)]
after pos [(25, 9), (13, 16), (27, 17), (23, 19)]
current pos [(25, 9), (13, 16), (27, 17), (23, 19)]
after pos [(20, 20), (16, 16), (27, 9), (18, 15)]
current pos [(20, 20), (16, 16), (27, 9), (18, 15)]
after pos [(16, 18), (21, 23), (26, 19), (23, 23)]
current pos [(16, 18), (21, 23), (26, 19), (23, 23)]
after pos [(13, 13), (11, 13), (15, 12), (10, 23)]
current pos [(13, 13), (11, 13), (15, 12), (10, 23)]
after pos [(10, 25), (29, 9), (29, 12), (25, 24)]
current pos [(10, 25), (29, 9), (29, 12), (25, 24)]
after pos [(4, 10), (6, 18), (16, 25), (31, 17)]
current pos [(4, 10), (6, 18), (16, 25), (31, 17)]
after pos [(32, 8), (12, 25), (31, 10), (33, 17)]
current pos [(32, 8), (12, 25), (31, 10), (33, 17)]
after pos [(31, 20), (30, 23), (24, 21), (30, 15)]
current pos [(31, 20), (30, 23), (24, 21), (30, 15)]
after pos [(10, 5), (21, 29), (25, 29), (10, 30)]
current pos [(10, 5), (21, 29), (25, 29), (10, 30)]
after pos [(35, 9), (37, 9), (35, 21), (33, 23)]
current pos [(35, 9), (37, 9), (35, 21), (33, 23)]
after pos [(39, 9), (37, 21), (25, 33), (26, 31)]
current pos [(39, 9), (37, 21), (25, 33), (26, 31)]
after pos [(41, 9), (29, 37), (21, 33), (27, 36)]
current pos [(41, 9), (29, 37), (21, 33), (27, 36)]
after pos [(43, 9), (33, 37), (37, 37), (35, 37)]
current pos [(43, 9), (33, 37), (37, 37), (35, 37)]
after pos [(45, 9), (33, 20), (45, 11), (41, 21)]
│  map 7  steps=23  dist=[243.7597743444827, 292.0683511337334, 308.6195678565522, 250.66435912861098]  rmse=0.080200108
21890783  cov=7.270000129938126%  iou=0.13620071684587814  [178/200]
current pos [(45, 9), (33, 20), (45, 11), (41, 21)]
after pos [(15, 9), (16, 2), (16, 4), (16, 6)]
current pos [(15, 9), (16, 2), (16, 4), (16, 6)]
after pos [(8, 21), (8, 17), (8, 23), (8, 19)]
current pos [(8, 21), (8, 17), (8, 23), (8, 19)]
after pos [(8, 29), (8, 31), (8, 33), (8, 27)]
current pos [(8, 29), (8, 31), (8, 33), (8, 27)]
after pos [(8, 37), (8, 39), (8, 41), (8, 35)]
current pos [(8, 37), (8, 39), (8, 41), (8, 35)]
after pos [(8, 45), (8, 47), (8, 49), (8, 51)]
current pos [(8, 45), (8, 47), (8, 49), (8, 51)]
after pos [(8, 57), (8, 59), (8, 73), (8, 75)]
current pos [(8, 57), (8, 59), (8, 73), (8, 75)]
after pos [(8, 85), (8, 87), (8, 83), (5, 68)]
current pos [(8, 85), (8, 87), (8, 83), (5, 68)]
after pos [(5, 76), (3, 80), (3, 82), (3, 78)]
current pos [(5, 76), (3, 80), (3, 82), (3, 78)]
after pos [(6, 91), (5, 88), (10, 66), (8, 91)]
current pos [(6, 91), (5, 88), (10, 66), (8, 91)]
after pos [(10, 62), (6, 66), (10, 64), (10, 74)]
current pos [(10, 62), (6, 66), (10, 64), (10, 74)]
after pos [(19, 79), (19, 83), (14, 91), (15, 83)]
current pos [(19, 79), (19, 83), (14, 91), (15, 83)]
after pos [(13, 72), (17, 84), (11, 87), (11, 83)]
current pos [(13, 72), (17, 84), (11, 87), (11, 83)]
after pos [(10, 60), (15, 85), (23, 81), (21, 84)]
current pos [(10, 60), (15, 85), (23, 81), (21, 84)]
after pos [(23, 84), (25, 80), (23, 78), (27, 80)]
current pos [(23, 84), (25, 80), (23, 78), (27, 80)]
after pos [(26, 83), (18, 86), (16, 91), (22, 87)]
current pos [(26, 83), (18, 86), (16, 91), (22, 87)]
after pos [(10, 90), (28, 84), (31, 80), (25, 87)]
current pos [(10, 90), (28, 84), (31, 80), (25, 87)]
after pos [(31, 83), (27, 86), (33, 81), (25, 77)]
current pos [(31, 83), (27, 86), (33, 81), (25, 77)]
after pos [(35, 81), (33, 83), (30, 86), (27, 78)]
current pos [(35, 81), (33, 83), (30, 86), (27, 78)]
after pos [(22, 91), (26, 91), (29, 78), (24, 91)]
current pos [(22, 91), (26, 91), (29, 78), (24, 91)]
after pos [(35, 84), (23, 76), (19, 72), (20, 91)]
│  map 8  steps=20  dist=[308.20671816867605, 241.97255901962492, 244.8798403198237, 222.01520579726218]  rmse=0.0593794
86962231665  cov=5.700000002980232%  iou=0.6747488742639418  [179/200]
current pos [(35, 84), (23, 76), (19, 72), (20, 91)]
after pos [(5, 84), (6, 77), (6, 79), (6, 81)]
current pos [(5, 84), (6, 77), (6, 79), (6, 81)]
after pos [(8, 65), (8, 63), (8, 67), (8, 61)]
current pos [(8, 65), (8, 63), (8, 67), (8, 61)]
after pos [(8, 49), (8, 51), (8, 47), (8, 45)]
current pos [(8, 49), (8, 51), (8, 47), (8, 45)]
after pos [(8, 37), (8, 39), (8, 21), (8, 35)]
current pos [(8, 37), (8, 39), (8, 21), (8, 35)]
after pos [(8, 17), (5, 52), (5, 48), (8, 15)]
current pos [(8, 17), (5, 52), (5, 48), (8, 15)]
after pos [(10, 46), (10, 42), (13, 46), (10, 44)]
current pos [(10, 46), (10, 42), (13, 46), (10, 44)]
after pos [(5, 56), (6, 61), (5, 58), (5, 54)]
current pos [(5, 56), (6, 61), (5, 58), (5, 54)]
after pos [(10, 66), (10, 64), (10, 62), (6, 63)]
current pos [(10, 66), (10, 64), (10, 62), (6, 63)]
after pos [(13, 44), (11, 59), (15, 47), (15, 55)]
current pos [(13, 44), (11, 59), (15, 47), (15, 55)]
after pos [(9, 72), (15, 67), (19, 63), (6, 65)]
current pos [(9, 72), (15, 67), (19, 63), (6, 65)]
after pos [(8, 80), (8, 88), (19, 51), (15, 44)]
current pos [(8, 80), (8, 88), (19, 51), (15, 44)]
after pos [(17, 63), (15, 59), (22, 62), (15, 61)]
current pos [(17, 63), (15, 59), (22, 62), (15, 61)]
after pos [(22, 52), (22, 54), (18, 48), (23, 64)]
current pos [(22, 52), (22, 54), (18, 48), (23, 64)]
after pos [(24, 54), (24, 52), (24, 56), (24, 60)]
current pos [(24, 54), (24, 52), (24, 56), (24, 60)]
after pos [(26, 60), (26, 52), (26, 56), (26, 62)]
current pos [(26, 60), (26, 52), (26, 56), (26, 62)]
after pos [(25, 64), (25, 50), (23, 50), (23, 48)]
current pos [(25, 64), (25, 50), (23, 50), (23, 48)]
after pos [(26, 48), (28, 60), (21, 48), (26, 66)]
current pos [(26, 48), (28, 60), (21, 48), (26, 66)]
after pos [(30, 60), (30, 58), (27, 46), (23, 66)]
current pos [(30, 60), (30, 58), (27, 46), (23, 66)]
after pos [(30, 52), (32, 60), (30, 54), (28, 64)]
current pos [(30, 52), (32, 60), (30, 54), (28, 64)]
after pos [(34, 60), (30, 48), (23, 68), (27, 44)]
current pos [(34, 60), (30, 48), (23, 68), (27, 44)]
after pos [(33, 51), (36, 60), (29, 45), (34, 54)]
│  map 9  steps=21  dist=[306.4895851877595, 227.46803065864012, 275.261223572039, 286.6298984201397]  rmse=0.0600765751
8483689  cov=6.040000170469284%  iou=0.6023809523809524  [180/200]
└─ done

┌─ model=mcdropout  policy=epsilon_greedy
current pos [(33, 51), (36, 60), (29, 45), (34, 54)]
after pos [(25, 32), (39, 31), (3, 44), (4, 54)]
current pos [(25, 32), (39, 31), (3, 44), (4, 54)]
after pos [(0, 32), (33, 24), (12, 40), (3, 27)]
current pos [(0, 32), (33, 24), (12, 40), (3, 27)]
after pos [(16, 8), (8, 37), (20, 12), (23, 37)]
current pos [(16, 8), (8, 37), (20, 12), (23, 37)]
after pos [(8, 0), (9, 55), (11, 14), (0, 47)]
current pos [(8, 0), (9, 55), (11, 14), (0, 47)]
after pos [(8, 27), (18, 49), (31, 0), (25, 53)]
current pos [(8, 27), (18, 49), (31, 0), (25, 53)]
after pos [(17, 3), (18, 76), (30, 23), (33, 37)]
current pos [(17, 3), (18, 76), (30, 23), (33, 37)]
after pos [(42, 14), (6, 90), (24, 8), (51, 51)]
current pos [(42, 14), (6, 90), (24, 8), (51, 51)]
after pos [(58, 39), (7, 84), (21, 34), (36, 53)]
current pos [(58, 39), (7, 84), (21, 34), (36, 53)]
after pos [(79, 57), (31, 81), (29, 52), (15, 47)]
current pos [(79, 57), (31, 81), (29, 52), (15, 47)]
after pos [(68, 54), (51, 69), (4, 36), (8, 65)]
current pos [(68, 54), (51, 69), (4, 36), (8, 65)]
after pos [(44, 51), (42, 45), (31, 34), (37, 67)]
current pos [(44, 51), (42, 45), (31, 34), (37, 67)]
after pos [(23, 72), (24, 21), (28, 6), (13, 55)]
current pos [(23, 72), (24, 21), (28, 6), (13, 55)]
after pos [(48, 76), (45, 9), (55, 16), (33, 40)]
│  map 0  steps=13  dist=[313.66392627348955, 274.2479364924511, 297.3768529373438, 308.04901991311124]  rmse=0.08976335
660427177  cov=9.91000011563301%  iou=0.26711783439490444  [181/200]
current pos [(48, 76), (45, 9), (55, 16), (33, 40)]
after pos [(33, 55), (15, 9), (83, 11), (21, 16)]
current pos [(33, 55), (15, 9), (83, 11), (21, 16)]
after pos [(46, 33), (3, 36), (87, 8), (24, 18)]
current pos [(46, 33), (3, 36), (87, 8), (24, 18)]
after pos [(39, 62), (16, 36), (75, 11), (13, 16)]
current pos [(39, 62), (16, 36), (75, 11), (13, 16)]
after pos [(48, 67), (43, 31), (70, 33), (34, 34)]
current pos [(48, 67), (43, 31), (70, 33), (34, 34)]
after pos [(31, 80), (28, 49), (82, 55), (37, 63)]
current pos [(31, 80), (28, 49), (82, 55), (37, 63)]
after pos [(36, 90), (17, 45), (77, 54), (38, 63)]
current pos [(36, 90), (17, 45), (77, 54), (38, 63)]
after pos [(41, 65), (5, 27), (79, 61), (35, 67)]
current pos [(41, 65), (5, 27), (79, 61), (35, 67)]
after pos [(56, 87), (4, 29), (67, 45), (29, 46)]
current pos [(56, 87), (4, 29), (67, 45), (29, 46)]
after pos [(75, 97), (16, 4), (60, 62), (53, 34)]
current pos [(75, 97), (16, 4), (60, 62), (53, 34)]
after pos [(52, 78), (11, 32), (44, 51), (75, 45)]
current pos [(52, 78), (11, 32), (44, 51), (75, 45)]
after pos [(43, 66), (13, 3), (17, 61), (79, 48)]
current pos [(43, 66), (13, 3), (17, 61), (79, 48)]
after pos [(55, 62), (14, 1), (13, 66), (94, 56)]
current pos [(55, 62), (14, 1), (13, 66), (94, 56)]
after pos [(60, 66), (29, 1), (9, 62), (78, 80)]
current pos [(60, 66), (29, 1), (9, 62), (78, 80)]
after pos [(60, 72), (18, 4), (18, 72), (88, 93)]
current pos [(60, 72), (18, 4), (18, 72), (88, 93)]
after pos [(47, 96), (15, 33), (19, 55), (97, 71)]
│  map 1  steps=15  dist=[294.8434656666682, 302.0456983741984, 234.94894125152146, 268.71735120798036]  rmse=0.06095743
7625130576  cov=9.290000051259995%  iou=0.6775652173913044  [182/200]
current pos [(47, 96), (15, 33), (19, 55), (97, 71)]
after pos [(64, 86), (25, 54), (36, 74), (73, 74)]
current pos [(64, 86), (25, 54), (36, 74), (73, 74)]
after pos [(60, 73), (33, 36), (43, 60), (79, 50)]
current pos [(60, 73), (33, 36), (43, 60), (79, 50)]
after pos [(48, 53), (29, 58), (21, 78), (61, 74)]
current pos [(48, 53), (29, 58), (21, 78), (61, 74)]
after pos [(74, 62), (41, 61), (22, 82), (37, 63)]
current pos [(74, 62), (41, 61), (22, 82), (37, 63)]
after pos [(51, 62), (39, 48), (9, 90), (30, 75)]
current pos [(51, 62), (39, 48), (9, 90), (30, 75)]
after pos [(47, 73), (19, 52), (27, 94), (58, 74)]
current pos [(47, 73), (19, 52), (27, 94), (58, 74)]
after pos [(20, 71), (29, 59), (48, 75), (40, 71)]
current pos [(20, 71), (29, 59), (48, 75), (40, 71)]
after pos [(39, 54), (47, 61), (60, 75), (66, 58)]
current pos [(39, 54), (47, 61), (60, 75), (66, 58)]
after pos [(16, 64), (18, 65), (59, 74), (86, 49)]
current pos [(16, 64), (18, 65), (59, 74), (86, 49)]
after pos [(25, 52), (3, 76), (75, 90), (81, 70)]
current pos [(25, 52), (3, 76), (75, 90), (81, 70)]
after pos [(9, 48), (0, 66), (76, 81), (71, 67)]
current pos [(9, 48), (0, 66), (76, 81), (71, 67)]
after pos [(7, 33), (8, 43), (89, 71), (48, 77)]
current pos [(7, 33), (8, 43), (89, 71), (48, 77)]
after pos [(23, 10), (8, 64), (97, 62), (43, 74)]
current pos [(23, 10), (8, 64), (97, 62), (43, 74)]
after pos [(21, 12), (8, 71), (75, 53), (40, 58)]
current pos [(21, 12), (8, 71), (75, 53), (40, 58)]
after pos [(42, 13), (34, 61), (70, 80), (31, 66)]
│  map 2  steps=15  dist=[295.01087969535297, 280.0777813004125, 260.4876696248865, 307.7439226345763]  rmse=0.052192711
9660542  cov=9.359999746084213%  iou=0.7706780262690806  [183/200]
current pos [(42, 13), (34, 61), (70, 80), (31, 66)]
after pos [(52, 32), (18, 66), (46, 81), (20, 72)]
current pos [(52, 32), (18, 66), (46, 81), (20, 72)]
after pos [(65, 26), (19, 79), (42, 64), (14, 82)]
current pos [(65, 26), (19, 79), (42, 64), (14, 82)]
after pos [(53, 51), (4, 91), (48, 46), (19, 53)]
current pos [(53, 51), (4, 91), (48, 46), (19, 53)]
after pos [(39, 60), (17, 69), (62, 51), (29, 33)]
current pos [(39, 60), (17, 69), (62, 51), (29, 33)]
after pos [(63, 62), (33, 52), (39, 33), (49, 30)]
current pos [(63, 62), (33, 52), (39, 33), (49, 30)]
after pos [(59, 42), (8, 68), (10, 40), (51, 43)]
current pos [(59, 42), (8, 68), (10, 40), (51, 43)]
after pos [(59, 72), (18, 82), (14, 55), (46, 36)]
current pos [(59, 72), (18, 82), (14, 55), (46, 36)]
after pos [(36, 82), (35, 94), (2, 31), (65, 45)]
current pos [(36, 82), (35, 94), (2, 31), (65, 45)]
after pos [(21, 67), (18, 94), (9, 44), (48, 68)]
current pos [(21, 67), (18, 94), (9, 44), (48, 68)]
after pos [(8, 83), (31, 90), (10, 42), (67, 82)]
current pos [(8, 83), (31, 90), (10, 42), (67, 82)]
after pos [(31, 85), (29, 93), (4, 65), (75, 79)]
current pos [(31, 85), (29, 93), (4, 65), (75, 79)]
after pos [(3, 83), (10, 85), (10, 84), (66, 88)]
current pos [(3, 83), (10, 85), (10, 84), (66, 88)]
after pos [(27, 76), (9, 92), (32, 69), (92, 80)]
current pos [(27, 76), (9, 92), (32, 69), (92, 80)]
after pos [(28, 81), (0, 77), (41, 69), (83, 96)]
│  map 3  steps=14  dist=[302.80791899534654, 244.99135202393367, 273.04336258576353, 258.0172150621425]  rmse=0.0576216
6272580001  cov=8.709999918937683%  iou=0.6500815660685155  [184/200]
current pos [(28, 81), (0, 77), (41, 69), (83, 96)]
after pos [(7, 60), (8, 89), (50, 51), (53, 96)]
current pos [(7, 60), (8, 89), (50, 51), (53, 96)]
after pos [(21, 36), (9, 61), (65, 28), (34, 75)]
current pos [(21, 36), (9, 61), (65, 28), (34, 75)]
after pos [(27, 64), (17, 48), (65, 4), (29, 79)]
current pos [(27, 64), (17, 48), (65, 4), (29, 79)]
after pos [(13, 69), (9, 60), (80, 24), (42, 64)]
current pos [(13, 69), (9, 60), (80, 24), (42, 64)]
after pos [(10, 96), (18, 55), (51, 21), (42, 65)]
current pos [(10, 96), (18, 55), (51, 21), (42, 65)]
after pos [(1, 93), (29, 65), (37, 6), (29, 57)]
current pos [(1, 93), (29, 65), (37, 6), (29, 57)]
after pos [(14, 74), (6, 57), (13, 16), (19, 29)]
current pos [(14, 74), (6, 57), (13, 16), (19, 29)]
after pos [(30, 69), (14, 82), (29, 3), (37, 49)]
current pos [(30, 69), (14, 82), (29, 3), (37, 49)]
after pos [(4, 55), (40, 68), (9, 19), (24, 70)]
current pos [(4, 55), (40, 68), (9, 19), (24, 70)]
after pos [(8, 71), (29, 84), (2, 5), (28, 91)]
current pos [(8, 71), (29, 84), (2, 5), (28, 91)]
after pos [(21, 45), (23, 86), (9, 33), (39, 99)]
current pos [(21, 45), (23, 86), (9, 33), (39, 99)]
after pos [(30, 35), (44, 78), (23, 26), (35, 80)]
current pos [(30, 35), (44, 78), (23, 26), (35, 80)]
after pos [(17, 45), (38, 54), (49, 17), (41, 89)]
│  map 4  steps=13  dist=[282.3686513825713, 250.37022697502152, 306.1650653624353, 247.38623367794673]  rmse=0.06426525
188850628  cov=8.749999850988388%  iou=0.6691560866318148  [185/200]
current pos [(17, 45), (38, 54), (49, 17), (41, 89)]
after pos [(2, 39), (20, 62), (27, 27), (16, 85)]
current pos [(2, 39), (20, 62), (27, 27), (16, 85)]
after pos [(26, 22), (31, 46), (25, 43), (8, 64)]
current pos [(26, 22), (31, 46), (25, 43), (8, 64)]
after pos [(11, 29), (25, 50), (1, 49), (3, 55)]
current pos [(11, 29), (25, 50), (1, 49), (3, 55)]
after pos [(8, 38), (20, 76), (7, 54), (20, 63)]
current pos [(8, 38), (20, 76), (7, 54), (20, 63)]
after pos [(8, 21), (16, 62), (28, 73), (17, 40)]
current pos [(8, 21), (16, 62), (28, 73), (17, 40)]
after pos [(22, 14), (27, 81), (28, 53), (38, 20)]
current pos [(22, 14), (27, 81), (28, 53), (38, 20)]
after pos [(0, 13), (17, 87), (19, 26), (44, 5)]
current pos [(0, 13), (17, 87), (19, 26), (44, 5)]
after pos [(14, 7), (8, 87), (13, 25), (43, 31)]
current pos [(14, 7), (8, 87), (13, 25), (43, 31)]
after pos [(36, 18), (33, 73), (32, 36), (52, 41)]
current pos [(36, 18), (33, 73), (32, 36), (52, 41)]
after pos [(17, 15), (51, 93), (4, 37), (72, 33)]
current pos [(17, 15), (51, 93), (4, 37), (72, 33)]
after pos [(1, 17), (53, 78), (28, 46), (65, 54)]
current pos [(1, 17), (53, 78), (28, 46), (65, 54)]
after pos [(24, 15), (70, 73), (38, 66), (87, 72)]
current pos [(24, 15), (70, 73), (38, 66), (87, 72)]
after pos [(36, 17), (53, 82), (51, 49), (83, 72)]
current pos [(36, 17), (53, 82), (51, 49), (83, 72)]
after pos [(32, 4), (69, 79), (62, 60), (93, 57)]
current pos [(32, 4), (69, 79), (62, 60), (93, 57)]
after pos [(24, 25), (66, 70), (86, 46), (74, 57)]
│  map 5  steps=15  dist=[272.7955333942052, 263.3925069448703, 318.40956944955593, 297.8269764002508]  rmse=0.073215180
8220861  cov=9.629999846220016%  iou=0.26974231088944306  [186/200]
current pos [(24, 25), (66, 70), (86, 46), (74, 57)]
after pos [(8, 18), (76, 51), (96, 26), (88, 59)]
current pos [(8, 18), (76, 51), (96, 26), (88, 59)]
after pos [(30, 32), (68, 61), (93, 22), (82, 32)]
current pos [(30, 32), (68, 61), (93, 22), (82, 32)]
after pos [(16, 21), (85, 66), (68, 6), (58, 26)]
current pos [(16, 21), (85, 66), (68, 6), (58, 26)]
after pos [(24, 11), (81, 52), (75, 6), (31, 21)]
current pos [(24, 11), (81, 52), (75, 6), (31, 21)]
after pos [(8, 19), (0, 0), (51, 16), (4, 33)]
current pos [(8, 19), (0, 0), (51, 16), (4, 33)]
after pos [(35, 16), (17, 4), (39, 32), (0, 55)]
current pos [(35, 16), (17, 4), (39, 32), (0, 55)]
after pos [(39, 18), (45, 13), (31, 4), (17, 74)]
current pos [(39, 18), (45, 13), (31, 4), (17, 74)]
after pos [(55, 30), (17, 19), (11, 22), (22, 81)]
current pos [(55, 30), (17, 19), (11, 22), (22, 81)]
after pos [(66, 36), (33, 31), (13, 26), (45, 66)]
current pos [(66, 36), (33, 31), (13, 26), (45, 66)]
after pos [(76, 60), (55, 42), (13, 33), (36, 55)]
current pos [(76, 60), (55, 42), (13, 33), (36, 55)]
after pos [(74, 71), (73, 18), (30, 55), (47, 53)]
│  map 6  steps=11  dist=[193.38894027006486, 312.9198153756739, 205.3450250894943, 232.85520992674313]  rmse=0.08426080
167877112  cov=7.760000228881836%  iou=0.3183098591549296  [187/200]
current pos [(74, 71), (73, 18), (30, 55), (47, 53)]
after pos [(80, 51), (45, 19), (31, 29), (56, 61)]
current pos [(80, 51), (45, 19), (31, 29), (56, 61)]
after pos [(62, 34), (18, 10), (25, 33), (62, 80)]
current pos [(62, 34), (18, 10), (25, 33), (62, 80)]
after pos [(47, 41), (19, 12), (16, 7), (51, 96)]
current pos [(47, 41), (19, 12), (16, 7), (51, 96)]
after pos [(67, 44), (32, 1), (0, 19), (66, 71)]
current pos [(67, 44), (32, 1), (0, 19), (66, 71)]
after pos [(43, 55), (45, 3), (25, 13), (88, 91)]
current pos [(43, 55), (45, 3), (25, 13), (88, 91)]
after pos [(22, 68), (30, 10), (35, 38), (77, 98)]
current pos [(22, 68), (30, 10), (35, 38), (77, 98)]
after pos [(17, 65), (15, 35), (9, 37), (70, 86)]
current pos [(17, 65), (15, 35), (9, 37), (70, 86)]
after pos [(6, 65), (16, 32), (1, 65), (74, 87)]
current pos [(6, 65), (16, 32), (1, 65), (74, 87)]
after pos [(8, 81), (9, 36), (8, 94), (45, 82)]
current pos [(8, 81), (9, 36), (8, 94), (45, 82)]
after pos [(8, 99), (6, 21), (10, 85), (27, 82)]
current pos [(8, 99), (6, 21), (10, 85), (27, 82)]
after pos [(37, 98), (7, 7), (31, 67), (11, 81)]
current pos [(37, 98), (7, 7), (31, 67), (11, 81)]
after pos [(48, 85), (7, 22), (50, 84), (20, 88)]
current pos [(48, 85), (7, 22), (50, 84), (20, 88)]
after pos [(72, 79), (1, 49), (59, 59), (47, 80)]
│  map 7  steps=13  dist=[255.25580300101822, 217.8203521753668, 307.2961704061743, 244.34490006990202]  rmse=0.05832070
668298738  cov=8.879999816417694%  iou=0.1864781263809103  [188/200]
current pos [(72, 79), (1, 49), (59, 59), (47, 80)]
after pos [(56, 81), (25, 40), (29, 59), (54, 99)]
current pos [(56, 81), (25, 40), (29, 59), (54, 99)]
after pos [(39, 95), (16, 64), (46, 81), (46, 83)]
current pos [(39, 95), (16, 64), (46, 81), (46, 83)]
after pos [(37, 93), (5, 45), (62, 81), (43, 70)]
current pos [(37, 93), (5, 45), (62, 81), (43, 70)]
after pos [(60, 87), (24, 48), (80, 78), (68, 81)]
current pos [(60, 87), (24, 48), (80, 78), (68, 81)]
after pos [(50, 96), (18, 66), (65, 70), (91, 73)]
current pos [(50, 96), (18, 66), (65, 70), (91, 73)]
after pos [(26, 80), (34, 62), (54, 91), (72, 84)]
current pos [(26, 80), (34, 62), (54, 91), (72, 84)]
after pos [(19, 68), (62, 72), (70, 81), (89, 61)]
current pos [(19, 68), (62, 72), (70, 81), (89, 61)]
after pos [(35, 68), (82, 81), (82, 72), (88, 83)]
current pos [(35, 68), (82, 81), (82, 72), (88, 83)]
after pos [(58, 82), (94, 70), (61, 82), (80, 62)]
current pos [(58, 82), (94, 70), (61, 82), (80, 62)]
after pos [(64, 64), (95, 50), (45, 69), (78, 42)]
current pos [(64, 64), (95, 50), (45, 69), (78, 42)]
after pos [(79, 59), (89, 42), (42, 70), (88, 20)]
current pos [(79, 59), (89, 42), (42, 70), (88, 20)]
after pos [(79, 43), (82, 49), (29, 86), (61, 10)]
current pos [(79, 43), (82, 49), (29, 86), (61, 10)]
after pos [(52, 54), (72, 75), (29, 81), (82, 21)]
current pos [(52, 54), (72, 75), (29, 81), (82, 21)]
after pos [(62, 64), (49, 57), (30, 57), (92, 48)]
│  map 8  steps=14  dist=[257.9436384506155, 292.8500833058568, 263.29923150068254, 323.75047736599043]  rmse=0.06150221
0800240216  cov=9.130000323057175%  iou=0.6963445530220774  [189/200]
current pos [(62, 64), (49, 57), (30, 57), (92, 48)]
after pos [(79, 40), (37, 78), (24, 72), (98, 55)]
current pos [(79, 40), (37, 78), (24, 72), (98, 55)]
after pos [(73, 34), (63, 76), (47, 81), (80, 61)]
current pos [(73, 34), (63, 76), (47, 81), (80, 61)]
after pos [(67, 29), (77, 54), (42, 77), (81, 87)]
current pos [(67, 29), (77, 54), (42, 77), (81, 87)]
after pos [(47, 38), (97, 67), (58, 95), (63, 83)]
current pos [(47, 38), (97, 67), (58, 95), (63, 83)]
after pos [(33, 62), (95, 83), (44, 69), (49, 76)]
current pos [(33, 62), (95, 83), (44, 69), (49, 76)]
after pos [(35, 70), (75, 93), (42, 49), (73, 63)]
current pos [(35, 70), (75, 93), (42, 49), (73, 63)]
after pos [(41, 97), (88, 91), (38, 64), (72, 91)]
current pos [(41, 97), (88, 91), (38, 64), (72, 91)]
after pos [(55, 98), (66, 94), (38, 38), (73, 88)]
current pos [(55, 98), (66, 94), (38, 38), (73, 88)]
after pos [(33, 97), (66, 78), (52, 40), (69, 92)]
current pos [(33, 97), (66, 78), (52, 40), (69, 92)]
after pos [(34, 99), (40, 64), (52, 18), (41, 91)]
current pos [(34, 99), (40, 64), (52, 18), (41, 91)]
after pos [(44, 92), (57, 61), (37, 42), (36, 94)]
current pos [(44, 92), (57, 61), (37, 42), (36, 94)]
after pos [(26, 97), (36, 61), (46, 64), (22, 81)]
current pos [(26, 97), (36, 61), (46, 64), (22, 81)]
after pos [(10, 98), (28, 70), (71, 75), (32, 59)]
current pos [(10, 98), (28, 70), (71, 75), (32, 59)]
after pos [(10, 89), (46, 75), (89, 70), (46, 34)]
current pos [(10, 89), (46, 75), (89, 70), (46, 34)]
after pos [(14, 74), (41, 47), (97, 44), (64, 41)]
│  map 9  steps=15  dist=[241.06580210813334, 316.99424259082167, 323.90484889099224, 277.52184427615754]  rmse=0.083840
0826586947  cov=9.48999971151352%  iou=0.6251242956579384  [190/200]
└─ done

┌─ model=mcdropout  policy=orienteering
current pos [(14, 74), (41, 47), (97, 44), (64, 41)]
after pos [(16, 74), (40, 50), (94, 44), (64, 44)]
current pos [(16, 74), (40, 50), (94, 44), (64, 44)]
after pos [(18, 74), (42, 54), (92, 44), (64, 46)]
current pos [(18, 74), (42, 54), (92, 44), (64, 46)]
after pos [(20, 74), (40, 54), (94, 40), (60, 48)]
current pos [(20, 74), (40, 54), (94, 40), (60, 48)]
after pos [(22, 70), (34, 52), (94, 42), (56, 50)]
current pos [(22, 70), (34, 52), (94, 42), (56, 50)]
after pos [(24, 66), (32, 52), (96, 42), (56, 52)]
current pos [(24, 66), (32, 52), (96, 42), (56, 52)]
after pos [(28, 60), (22, 52), (98, 42), (50, 54)]
current pos [(28, 60), (22, 52), (98, 42), (50, 54)]
after pos [(30, 60), (22, 54), (90, 40), (46, 56)]
current pos [(30, 60), (22, 54), (90, 40), (46, 56)]
after pos [(32, 60), (22, 56), (88, 48), (40, 58)]
current pos [(32, 60), (22, 56), (88, 48), (40, 58)]
after pos [(44, 60), (22, 58), (86, 52), (40, 60)]
current pos [(44, 60), (22, 58), (86, 52), (40, 60)]
after pos [(42, 62), (22, 60), (84, 58), (40, 62)]
current pos [(42, 62), (22, 60), (84, 58), (40, 62)]
after pos [(42, 64), (20, 60), (82, 62), (40, 66)]
current pos [(42, 64), (20, 60), (82, 62), (40, 66)]
after pos [(40, 70), (18, 60), (80, 64), (40, 68)]
current pos [(40, 70), (18, 60), (80, 64), (40, 68)]
after pos [(38, 72), (18, 62), (78, 64), (38, 68)]
current pos [(38, 72), (18, 62), (78, 64), (38, 68)]
after pos [(36, 74), (18, 64), (76, 64), (26, 68)]
current pos [(36, 74), (18, 64), (76, 64), (26, 68)]
after pos [(30, 76), (18, 66), (74, 64), (26, 70)]
current pos [(30, 76), (18, 66), (74, 64), (26, 70)]
after pos [(24, 78), (16, 66), (72, 64), (26, 72)]
current pos [(24, 78), (16, 66), (72, 64), (26, 72)]
after pos [(22, 78), (14, 66), (70, 64), (26, 74)]
current pos [(22, 78), (14, 66), (70, 64), (26, 74)]
after pos [(20, 80), (12, 66), (68, 64), (24, 74)]
current pos [(20, 80), (12, 66), (68, 64), (24, 74)]
after pos [(18, 80), (10, 68), (66, 64), (22, 76)]
current pos [(18, 80), (10, 68), (66, 64), (22, 76)]
after pos [(16, 80), (8, 70), (58, 66), (18, 78)]
current pos [(16, 80), (8, 70), (58, 66), (18, 78)]
after pos [(14, 80), (8, 72), (50, 72), (16, 78)]
current pos [(14, 80), (8, 72), (50, 72), (16, 78)]
after pos [(12, 80), (8, 74), (50, 74), (14, 78)]
current pos [(12, 80), (8, 74), (50, 74), (14, 78)]
after pos [(10, 80), (8, 88), (50, 76), (12, 78)]
current pos [(10, 80), (8, 88), (50, 76), (12, 78)]
after pos [(10, 78), (10, 88), (50, 78), (10, 76)]
current pos [(10, 78), (10, 88), (50, 78), (10, 76)]
after pos [(12, 72), (12, 88), (48, 78), (10, 74)]
current pos [(12, 72), (12, 88), (48, 78), (10, 74)]
after pos [(12, 70), (14, 88), (46, 80), (10, 72)]
current pos [(12, 70), (14, 88), (46, 80), (10, 72)]
after pos [(8, 66), (18, 86), (44, 80), (10, 64)]
current pos [(8, 66), (18, 86), (44, 80), (10, 64)]
after pos [(8, 54), (20, 86), (42, 80), (10, 62)]
current pos [(8, 54), (20, 86), (42, 80), (10, 62)]
after pos [(8, 52), (22, 84), (40, 80), (10, 60)]
current pos [(8, 52), (22, 84), (40, 80), (10, 60)]
after pos [(8, 50), (24, 84), (38, 80), (10, 58)]
current pos [(8, 50), (24, 84), (38, 80), (10, 58)]
after pos [(8, 48), (26, 84), (26, 80), (10, 56)]
current pos [(8, 48), (26, 84), (26, 80), (10, 56)]
after pos [(8, 46), (28, 84), (30, 82), (12, 54)]
current pos [(8, 46), (28, 84), (30, 82), (12, 54)]
after pos [(8, 44), (30, 84), (36, 84), (10, 52)]
current pos [(8, 44), (30, 84), (36, 84), (10, 52)]
after pos [(8, 42), (32, 84), (38, 84), (10, 50)]
current pos [(8, 42), (32, 84), (38, 84), (10, 50)]
after pos [(8, 40), (40, 84), (42, 84), (10, 48)]
current pos [(8, 40), (40, 84), (42, 84), (10, 48)]
after pos [(8, 38), (44, 82), (48, 86), (10, 46)]
current pos [(8, 38), (44, 82), (48, 86), (10, 46)]
after pos [(8, 36), (54, 80), (50, 86), (12, 44)]
current pos [(8, 36), (54, 80), (50, 86), (12, 44)]
after pos [(8, 34), (56, 80), (52, 86), (10, 42)]
current pos [(8, 34), (56, 80), (52, 86), (10, 42)]
after pos [(8, 32), (66, 80), (58, 84), (12, 40)]
current pos [(8, 32), (66, 80), (58, 84), (12, 40)]
after pos [(8, 30), (66, 82), (60, 84), (10, 36)]
current pos [(8, 30), (66, 82), (60, 84), (10, 36)]
after pos [(8, 28), (66, 84), (62, 84), (10, 34)]
current pos [(8, 28), (66, 84), (62, 84), (10, 34)]
after pos [(8, 26), (66, 90), (70, 88), (10, 32)]
current pos [(8, 26), (66, 90), (70, 88), (10, 32)]
after pos [(8, 12), (64, 90), (72, 88), (10, 30)]
current pos [(8, 12), (64, 90), (72, 88), (10, 30)]
after pos [(10, 12), (62, 90), (74, 88), (10, 14)]
current pos [(10, 12), (62, 90), (74, 88), (10, 14)]
after pos [(12, 12), (60, 90), (76, 88), (12, 14)]
current pos [(12, 12), (60, 90), (76, 88), (12, 14)]
after pos [(14, 12), (58, 90), (78, 86), (18, 12)]
current pos [(14, 12), (58, 90), (78, 86), (18, 12)]
after pos [(20, 22), (56, 90), (80, 80), (20, 12)]
current pos [(20, 22), (56, 90), (80, 80), (20, 12)]
after pos [(22, 20), (54, 90), (78, 78), (32, 12)]
current pos [(22, 20), (54, 90), (78, 78), (32, 12)]
after pos [(22, 18), (52, 88), (76, 78), (32, 14)]
current pos [(22, 18), (52, 88), (76, 78), (32, 14)]
after pos [(22, 16), (50, 88), (74, 78), (32, 16)]
current pos [(22, 16), (50, 88), (74, 78), (32, 16)]
after pos [(24, 18), (48, 88), (74, 76), (32, 18)]
current pos [(24, 18), (48, 88), (74, 76), (32, 18)]
after pos [(26, 18), (46, 88), (72, 76), (30, 18)]
current pos [(26, 18), (46, 88), (72, 76), (30, 18)]
after pos [(30, 16), (44, 88), (70, 76), (30, 20)]
current pos [(30, 16), (44, 88), (70, 76), (30, 20)]
after pos [(22, 14), (42, 88), (56, 76), (30, 22)]
current pos [(22, 14), (42, 88), (56, 76), (30, 22)]
after pos [(24, 20), (40, 88), (54, 76), (28, 24)]
current pos [(24, 20), (40, 88), (54, 76), (28, 24)]
after pos [(22, 26), (38, 88), (52, 76), (26, 24)]
current pos [(22, 26), (38, 88), (52, 76), (26, 24)]
after pos [(16, 28), (24, 88), (48, 76), (24, 26)]
current pos [(16, 28), (24, 88), (48, 76), (24, 26)]
after pos [(14, 26), (24, 90), (46, 76), (28, 32)]
current pos [(14, 26), (24, 90), (46, 76), (28, 32)]
after pos [(12, 18), (14, 90), (44, 76), (30, 30)]
current pos [(12, 18), (14, 90), (44, 76), (30, 30)]
after pos [(14, 18), (8, 90), (40, 74), (30, 28)]
current pos [(14, 18), (8, 90), (40, 74), (30, 28)]
after pos [(16, 20), (12, 82), (34, 78), (30, 26)]
current pos [(16, 20), (12, 82), (34, 78), (30, 26)]
after pos [(16, 22), (14, 82), (30, 78), (32, 22)]
current pos [(16, 22), (14, 82), (30, 78), (32, 22)]
after pos [(20, 24), (18, 84), (26, 82), (34, 18)]
current pos [(20, 24), (18, 84), (26, 82), (34, 18)]
after pos [(18, 24), (24, 80), (18, 82), (36, 12)]
current pos [(18, 24), (24, 80), (18, 82), (36, 12)]
after pos [(22, 28), (24, 72), (18, 76), (34, 10)]
current pos [(22, 28), (24, 72), (18, 76), (34, 10)]
after pos [(16, 32), (20, 64), (18, 72), (32, 10)]
current pos [(16, 32), (20, 64), (18, 72), (32, 10)]
after pos [(18, 34), (20, 62), (16, 70), (30, 10)]
current pos [(18, 34), (20, 62), (16, 70), (30, 10)]
after pos [(20, 34), (20, 58), (16, 68), (28, 10)]
current pos [(20, 34), (20, 58), (16, 68), (28, 10)]
after pos [(22, 34), (18, 54), (16, 64), (26, 10)]
current pos [(22, 34), (18, 54), (16, 64), (26, 10)]
after pos [(26, 34), (18, 52), (16, 62), (22, 8)]
current pos [(26, 34), (18, 52), (16, 62), (22, 8)]
after pos [(28, 34), (18, 50), (16, 60), (8, 8)]
current pos [(28, 34), (18, 50), (16, 60), (8, 8)]
after pos [(32, 32), (18, 48), (16, 58), (4, 12)]
current pos [(32, 32), (18, 48), (16, 58), (4, 12)]
after pos [(34, 34), (18, 46), (16, 56), (6, 18)]
current pos [(34, 34), (18, 46), (16, 56), (6, 18)]
after pos [(36, 28), (18, 44), (16, 54), (6, 22)]
current pos [(36, 28), (18, 44), (16, 54), (6, 22)]
after pos [(36, 26), (16, 42), (16, 52), (12, 28)]
current pos [(36, 26), (16, 42), (16, 52), (12, 28)]
after pos [(36, 24), (16, 40), (16, 50), (12, 34)]
current pos [(36, 24), (16, 40), (16, 50), (12, 34)]
after pos [(38, 24), (18, 38), (16, 48), (14, 34)]
current pos [(38, 24), (18, 38), (16, 48), (14, 34)]
after pos [(38, 22), (20, 38), (16, 46), (18, 36)]
current pos [(38, 22), (20, 38), (16, 46), (18, 36)]
after pos [(38, 20), (22, 38), (20, 44), (20, 36)]
current pos [(38, 20), (22, 38), (20, 44), (20, 36)]
after pos [(38, 18), (24, 38), (24, 42), (22, 36)]
current pos [(38, 18), (24, 38), (24, 42), (22, 36)]
after pos [(38, 16), (26, 38), (26, 42), (24, 36)]
current pos [(38, 16), (26, 38), (26, 42), (24, 36)]
after pos [(38, 14), (28, 38), (28, 42), (38, 36)]
│  map 0  steps=82  dist=[293.13163347815583, 284.1157609020921, 292.6207263745373, 305.337936743547]  rmse=0.0647094067
3916879  cov=10.760000348091125%  iou=0.32164562879850395  [191/200]
current pos [(38, 14), (28, 38), (28, 42), (38, 36)]
after pos [(36, 14), (28, 36), (30, 42), (38, 38)]
current pos [(36, 14), (28, 36), (30, 42), (38, 38)]
after pos [(34, 14), (28, 34), (32, 42), (38, 40)]
current pos [(34, 14), (28, 34), (32, 42), (38, 40)]
after pos [(32, 14), (28, 32), (34, 42), (38, 42)]
current pos [(32, 14), (28, 32), (34, 42), (38, 42)]
after pos [(32, 16), (26, 28), (34, 40), (38, 44)]
current pos [(32, 16), (26, 28), (34, 40), (38, 44)]
after pos [(32, 18), (24, 26), (34, 38), (38, 46)]
current pos [(32, 18), (24, 26), (34, 38), (38, 46)]
after pos [(34, 20), (22, 20), (34, 36), (36, 50)]
current pos [(34, 20), (22, 20), (34, 36), (36, 50)]
after pos [(30, 18), (20, 20), (34, 34), (34, 52)]
current pos [(30, 18), (20, 20), (34, 34), (34, 52)]
after pos [(28, 16), (18, 20), (32, 30), (32, 54)]
current pos [(28, 16), (18, 20), (32, 30), (32, 54)]
after pos [(26, 16), (16, 20), (30, 34), (26, 52)]
current pos [(26, 16), (16, 20), (30, 34), (26, 52)]
after pos [(24, 16), (14, 24), (30, 36), (24, 52)]
current pos [(24, 16), (14, 24), (30, 36), (24, 52)]
after pos [(22, 16), (12, 28), (26, 40), (22, 52)]
current pos [(22, 16), (12, 28), (26, 40), (22, 52)]
after pos [(20, 16), (10, 30), (24, 40), (20, 52)]
current pos [(20, 16), (10, 30), (24, 40), (20, 52)]
after pos [(18, 16), (10, 32), (22, 40), (18, 52)]
current pos [(18, 16), (10, 32), (22, 40), (18, 52)]
after pos [(16, 16), (8, 34), (20, 42), (16, 52)]
current pos [(16, 16), (8, 34), (20, 42), (16, 52)]
after pos [(14, 18), (8, 36), (18, 42), (14, 52)]
current pos [(14, 18), (8, 36), (18, 42), (14, 52)]
after pos [(12, 16), (8, 38), (16, 42), (12, 52)]
current pos [(12, 16), (8, 38), (16, 42), (12, 52)]
after pos [(10, 18), (8, 40), (14, 42), (10, 52)]
current pos [(10, 18), (8, 40), (14, 42), (10, 52)]
after pos [(10, 20), (8, 42), (12, 44), (8, 52)]
current pos [(10, 20), (8, 42), (12, 44), (8, 52)]
after pos [(10, 22), (8, 44), (10, 46), (8, 54)]
current pos [(10, 22), (8, 44), (10, 46), (8, 54)]
after pos [(8, 28), (8, 46), (8, 48), (8, 56)]
current pos [(8, 28), (8, 46), (8, 48), (8, 56)]
after pos [(8, 22), (8, 50), (6, 50), (8, 58)]
current pos [(8, 22), (8, 50), (6, 50), (8, 58)]
after pos [(8, 8), (8, 60), (6, 60), (8, 62)]
current pos [(8, 8), (8, 60), (6, 60), (8, 62)]
after pos [(10, 10), (8, 64), (6, 62), (8, 66)]
current pos [(10, 10), (8, 64), (6, 62), (8, 66)]
after pos [(12, 10), (8, 68), (4, 62), (8, 70)]
current pos [(12, 10), (8, 68), (4, 62), (8, 70)]
after pos [(14, 10), (8, 72), (4, 64), (8, 74)]
current pos [(14, 10), (8, 72), (4, 64), (8, 74)]
after pos [(16, 10), (8, 88), (4, 66), (8, 86)]
current pos [(16, 10), (8, 88), (4, 66), (8, 86)]
after pos [(18, 10), (10, 84), (4, 68), (10, 82)]
current pos [(18, 10), (10, 84), (4, 68), (10, 82)]
after pos [(18, 8), (12, 80), (4, 70), (12, 78)]
current pos [(18, 8), (12, 80), (4, 70), (12, 78)]
after pos [(20, 10), (14, 76), (4, 72), (10, 74)]
current pos [(20, 10), (14, 76), (4, 72), (10, 74)]
after pos [(22, 10), (14, 74), (4, 74), (12, 70)]
current pos [(22, 10), (14, 74), (4, 74), (12, 70)]
after pos [(24, 10), (14, 72), (4, 76), (14, 68)]
current pos [(24, 10), (14, 72), (4, 76), (14, 68)]
after pos [(34, 10), (14, 70), (6, 72), (16, 66)]
current pos [(34, 10), (14, 70), (6, 72), (16, 66)]
after pos [(34, 8), (16, 72), (10, 68), (16, 64)]
current pos [(34, 8), (16, 72), (10, 68), (16, 64)]
after pos [(36, 8), (18, 70), (10, 66), (16, 62)]
current pos [(36, 8), (18, 70), (10, 66), (16, 62)]
after pos [(44, 8), (18, 68), (10, 64), (16, 60)]
current pos [(44, 8), (18, 68), (10, 64), (16, 60)]
after pos [(42, 10), (18, 66), (10, 62), (18, 60)]
current pos [(42, 10), (18, 66), (10, 62), (18, 60)]
after pos [(40, 14), (18, 64), (10, 54), (20, 60)]
current pos [(40, 14), (18, 64), (10, 54), (20, 60)]
after pos [(40, 16), (20, 64), (12, 54), (22, 60)]
current pos [(40, 16), (20, 64), (12, 54), (22, 60)]
after pos [(38, 18), (22, 64), (14, 54), (24, 60)]
current pos [(38, 18), (22, 64), (14, 54), (24, 60)]
after pos [(36, 20), (24, 64), (16, 54), (26, 60)]
current pos [(36, 20), (24, 64), (16, 54), (26, 60)]
after pos [(38, 22), (20, 72), (26, 54), (28, 60)]
current pos [(38, 22), (20, 72), (26, 54), (28, 60)]
after pos [(36, 26), (22, 72), (26, 56), (30, 64)]
current pos [(36, 26), (22, 72), (26, 56), (30, 64)]
after pos [(34, 26), (24, 72), (26, 58), (28, 66)]
current pos [(34, 26), (24, 72), (26, 58), (28, 66)]
after pos [(32, 24), (26, 72), (26, 62), (28, 70)]
current pos [(32, 24), (26, 72), (26, 62), (28, 70)]
after pos [(26, 22), (26, 64), (18, 62), (28, 72)]
current pos [(26, 22), (26, 64), (18, 62), (28, 72)]
after pos [(22, 32), (24, 70), (20, 68), (36, 72)]
current pos [(22, 32), (24, 70), (20, 68), (36, 72)]
after pos [(22, 34), (24, 74), (18, 74), (36, 70)]
current pos [(22, 34), (24, 74), (18, 74), (36, 70)]
after pos [(22, 36), (24, 76), (20, 76), (34, 70)]
current pos [(22, 36), (24, 76), (20, 76), (34, 70)]
after pos [(22, 38), (32, 76), (18, 78), (34, 68)]
current pos [(22, 38), (32, 76), (18, 78), (34, 68)]
after pos [(32, 62), (34, 76), (22, 78), (34, 66)]
current pos [(32, 62), (34, 76), (22, 78), (34, 66)]
after pos [(32, 70), (36, 76), (24, 78), (34, 64)]
current pos [(32, 70), (36, 76), (24, 78), (34, 64)]
after pos [(38, 66), (40, 76), (36, 78), (34, 62)]
current pos [(38, 66), (40, 76), (36, 78), (34, 62)]
after pos [(38, 64), (42, 74), (38, 74), (34, 56)]
current pos [(38, 64), (42, 74), (38, 74), (34, 56)]
after pos [(38, 62), (40, 72), (38, 72), (36, 56)]
current pos [(38, 62), (40, 72), (38, 72), (36, 56)]
after pos [(38, 56), (40, 70), (38, 70), (36, 64)]
current pos [(38, 56), (40, 70), (38, 70), (36, 64)]
after pos [(40, 58), (40, 68), (42, 60), (48, 64)]
current pos [(40, 58), (40, 68), (42, 60), (48, 64)]
after pos [(42, 58), (44, 68), (44, 60), (50, 66)]
current pos [(42, 58), (44, 68), (44, 60), (50, 66)]
after pos [(44, 58), (46, 68), (46, 60), (48, 68)]
current pos [(44, 58), (46, 68), (46, 60), (48, 68)]
after pos [(46, 58), (46, 72), (48, 60), (48, 72)]
current pos [(46, 58), (46, 72), (48, 60), (48, 72)]
after pos [(38, 54), (46, 74), (54, 68), (48, 74)]
current pos [(38, 54), (46, 74), (54, 68), (48, 74)]
after pos [(32, 56), (44, 80), (52, 72), (48, 78)]
current pos [(32, 56), (44, 80), (52, 72), (48, 78)]
after pos [(24, 56), (42, 80), (50, 74), (46, 80)]
current pos [(24, 56), (42, 80), (50, 74), (46, 80)]
after pos [(20, 58), (40, 80), (50, 80), (38, 80)]
current pos [(20, 58), (40, 80), (50, 80), (38, 80)]
after pos [(18, 58), (36, 80), (40, 86), (34, 80)]
current pos [(18, 58), (36, 80), (40, 86), (34, 80)]
after pos [(16, 58), (32, 80), (36, 84), (20, 80)]
current pos [(16, 58), (32, 80), (36, 84), (20, 80)]
after pos [(12, 58), (18, 80), (34, 84), (22, 86)]
current pos [(12, 58), (18, 80), (34, 84), (22, 86)]
after pos [(12, 66), (18, 82), (28, 86), (20, 86)]
current pos [(12, 66), (18, 82), (28, 86), (20, 86)]
after pos [(14, 62), (18, 84), (26, 88), (18, 86)]
current pos [(14, 62), (18, 84), (26, 88), (18, 86)]
after pos [(14, 64), (16, 86), (24, 88), (14, 90)]
current pos [(14, 64), (16, 86), (24, 88), (14, 90)]
after pos [(12, 56), (8, 90), (22, 88), (12, 88)]
current pos [(12, 56), (8, 90), (22, 88), (12, 88)]
after pos [(20, 56), (18, 90), (30, 88), (14, 86)]
current pos [(20, 56), (18, 90), (30, 88), (14, 86)]
after pos [(18, 48), (20, 90), (32, 88), (16, 74)]
current pos [(18, 48), (20, 90), (32, 88), (16, 74)]
after pos [(10, 50), (22, 90), (34, 88), (22, 74)]
│  map 1  steps=73  dist=[305.7682361866107, 268.3224425089756, 267.0082677166678, 265.58857692822164]  rmse=0.053656483
26936936  cov=9.470000118017197%  iou=0.6603907637655417  [192/200]
current pos [(10, 50), (22, 90), (34, 88), (22, 74)]
after pos [(10, 48), (24, 90), (34, 86), (24, 74)]
current pos [(10, 48), (24, 90), (34, 86), (24, 74)]
after pos [(10, 46), (26, 90), (34, 84), (26, 74)]
current pos [(10, 46), (26, 90), (34, 84), (26, 74)]
after pos [(10, 44), (28, 90), (34, 82), (28, 74)]
current pos [(10, 44), (28, 90), (34, 82), (28, 74)]
after pos [(12, 48), (30, 88), (32, 82), (30, 72)]
current pos [(12, 48), (30, 88), (32, 82), (30, 72)]
after pos [(12, 50), (32, 86), (30, 82), (30, 70)]
current pos [(12, 50), (32, 86), (30, 82), (30, 70)]
after pos [(10, 52), (28, 84), (28, 82), (28, 68)]
current pos [(10, 52), (28, 84), (28, 82), (28, 68)]
after pos [(8, 54), (24, 82), (26, 80), (26, 68)]
current pos [(8, 54), (24, 82), (26, 80), (26, 68)]
after pos [(8, 56), (22, 82), (24, 78), (24, 68)]
current pos [(8, 56), (22, 82), (24, 78), (24, 68)]
after pos [(8, 58), (20, 82), (22, 78), (22, 68)]
current pos [(8, 58), (20, 82), (22, 78), (22, 68)]
after pos [(8, 60), (18, 82), (20, 76), (20, 68)]
current pos [(8, 60), (18, 82), (20, 76), (20, 68)]
after pos [(8, 62), (16, 82), (18, 76), (18, 68)]
current pos [(8, 62), (16, 82), (18, 76), (18, 68)]
after pos [(8, 64), (14, 82), (16, 76), (16, 68)]
current pos [(8, 64), (14, 82), (16, 76), (16, 68)]
after pos [(8, 66), (12, 82), (14, 76), (14, 68)]
current pos [(8, 66), (12, 82), (14, 76), (14, 68)]
after pos [(8, 68), (12, 80), (12, 76), (12, 68)]
current pos [(8, 68), (12, 80), (12, 76), (12, 68)]
after pos [(8, 70), (10, 78), (10, 76), (10, 68)]
current pos [(8, 70), (10, 78), (10, 76), (10, 68)]
after pos [(8, 72), (10, 82), (8, 76), (10, 66)]
current pos [(8, 72), (10, 82), (8, 76), (10, 66)]
after pos [(10, 72), (10, 84), (8, 78), (10, 56)]
current pos [(10, 72), (10, 84), (8, 78), (10, 56)]
after pos [(12, 70), (24, 84), (8, 90), (16, 64)]
current pos [(12, 70), (24, 84), (8, 90), (16, 64)]
after pos [(14, 72), (22, 86), (6, 88), (18, 64)]
current pos [(14, 72), (22, 86), (6, 88), (18, 64)]
after pos [(20, 72), (18, 88), (4, 86), (20, 64)]
current pos [(20, 72), (18, 88), (4, 86), (20, 64)]
after pos [(22, 72), (16, 88), (4, 84), (22, 64)]
current pos [(22, 72), (16, 88), (4, 84), (22, 64)]
after pos [(26, 70), (10, 86), (4, 82), (24, 64)]
current pos [(26, 70), (10, 86), (4, 82), (24, 64)]
after pos [(16, 70), (10, 90), (6, 82), (26, 64)]
current pos [(16, 70), (10, 90), (6, 82), (26, 64)]
after pos [(12, 62), (20, 90), (6, 80), (28, 66)]
current pos [(12, 62), (20, 90), (6, 80), (28, 66)]
after pos [(16, 60), (28, 86), (6, 78), (16, 66)]
current pos [(16, 60), (28, 86), (6, 78), (16, 66)]
after pos [(18, 60), (30, 80), (6, 76), (26, 72)]
current pos [(18, 60), (30, 80), (6, 76), (26, 72)]
after pos [(20, 60), (30, 78), (6, 66), (32, 74)]
current pos [(20, 60), (30, 78), (6, 66), (32, 74)]
after pos [(22, 62), (30, 76), (6, 60), (32, 80)]
current pos [(22, 62), (30, 76), (6, 60), (32, 80)]
after pos [(24, 62), (24, 76), (6, 58), (38, 80)]
current pos [(24, 62), (24, 76), (6, 58), (38, 80)]
after pos [(26, 62), (20, 74), (6, 56), (38, 84)]
current pos [(26, 62), (20, 74), (6, 56), (38, 84)]
after pos [(30, 64), (18, 74), (6, 54), (38, 86)]
current pos [(30, 64), (18, 74), (6, 54), (38, 86)]
after pos [(32, 66), (8, 74), (8, 50), (40, 86)]
current pos [(32, 66), (8, 74), (8, 50), (40, 86)]
after pos [(34, 68), (20, 80), (8, 48), (42, 86)]
current pos [(34, 68), (20, 80), (8, 48), (42, 86)]
after pos [(34, 78), (14, 80), (8, 46), (48, 84)]
current pos [(34, 78), (14, 80), (8, 46), (48, 84)]
after pos [(42, 78), (22, 80), (8, 44), (50, 82)]
current pos [(42, 78), (22, 80), (8, 44), (50, 82)]
after pos [(42, 82), (28, 78), (8, 42), (52, 80)]
current pos [(42, 82), (28, 78), (8, 42), (52, 80)]
after pos [(42, 84), (36, 74), (8, 40), (54, 80)]
current pos [(42, 84), (36, 74), (8, 40), (54, 80)]
after pos [(44, 82), (38, 74), (8, 38), (54, 82)]
current pos [(44, 82), (38, 74), (8, 38), (54, 82)]
after pos [(44, 80), (44, 76), (8, 36), (56, 82)]
current pos [(44, 80), (44, 76), (8, 36), (56, 82)]
after pos [(46, 78), (46, 76), (8, 34), (58, 80)]
current pos [(46, 78), (46, 76), (8, 34), (58, 80)]
after pos [(48, 78), (48, 76), (8, 32), (60, 78)]
current pos [(48, 78), (48, 76), (8, 32), (60, 78)]
after pos [(50, 78), (52, 76), (8, 30), (62, 80)]
current pos [(50, 78), (52, 76), (8, 30), (62, 80)]
after pos [(52, 78), (62, 76), (8, 28), (64, 82)]
current pos [(52, 78), (62, 76), (8, 28), (64, 82)]
after pos [(56, 78), (54, 70), (8, 26), (62, 84)]
current pos [(56, 78), (54, 70), (8, 26), (62, 84)]
after pos [(50, 70), (46, 74), (8, 24), (60, 84)]
current pos [(50, 70), (46, 74), (8, 24), (60, 84)]
after pos [(44, 68), (46, 72), (8, 10), (58, 84)]
current pos [(44, 68), (46, 72), (8, 10), (58, 84)]
after pos [(44, 74), (46, 66), (10, 12), (52, 84)]
current pos [(44, 74), (46, 66), (10, 12), (52, 84)]
after pos [(36, 70), (48, 66), (12, 10), (52, 86)]
current pos [(36, 70), (48, 66), (12, 10), (52, 86)]
after pos [(44, 66), (50, 66), (14, 10), (52, 88)]
current pos [(44, 66), (50, 66), (14, 10), (52, 88)]
after pos [(50, 68), (52, 66), (14, 8), (52, 90)]
current pos [(50, 68), (52, 66), (14, 8), (52, 90)]
after pos [(52, 68), (60, 68), (16, 8), (56, 88)]
current pos [(52, 68), (60, 68), (16, 8), (56, 88)]
after pos [(54, 68), (66, 76), (18, 8), (60, 86)]
current pos [(54, 68), (66, 76), (18, 8), (60, 86)]
after pos [(56, 68), (66, 84), (20, 8), (68, 86)]
current pos [(56, 68), (66, 84), (20, 8), (68, 86)]
after pos [(56, 62), (70, 76), (22, 8), (68, 74)]
current pos [(56, 62), (70, 76), (22, 8), (68, 74)]
after pos [(54, 60), (72, 76), (22, 10), (66, 68)]
current pos [(54, 60), (72, 76), (22, 10), (66, 68)]
after pos [(52, 62), (72, 78), (24, 10), (60, 66)]
current pos [(52, 62), (72, 78), (24, 10), (60, 66)]
after pos [(50, 64), (72, 80), (26, 10), (60, 62)]
current pos [(50, 64), (72, 80), (26, 10), (60, 62)]
after pos [(48, 64), (70, 80), (26, 12), (60, 60)]
current pos [(48, 64), (70, 80), (26, 12), (60, 60)]
after pos [(46, 64), (70, 82), (26, 14), (66, 66)]
current pos [(46, 64), (70, 82), (26, 14), (66, 66)]
after pos [(44, 62), (70, 84), (26, 16), (72, 68)]
current pos [(44, 62), (70, 84), (26, 16), (72, 68)]
after pos [(42, 62), (70, 86), (26, 18), (70, 74)]
current pos [(42, 62), (70, 86), (26, 18), (70, 74)]
after pos [(40, 62), (70, 90), (26, 20), (74, 74)]
current pos [(40, 62), (70, 90), (26, 20), (74, 74)]
after pos [(36, 68), (60, 88), (26, 22), (74, 84)]
current pos [(36, 68), (60, 88), (26, 22), (74, 84)]
after pos [(36, 72), (50, 88), (26, 24), (82, 90)]
│  map 2  steps=64  dist=[231.3511253632977, 304.13821938374645, 170.2711258282229, 259.3230602434108]  rmse=0.045583698
439178345  cov=8.669999986886978%  iou=0.7772151898734178  [193/200]
current pos [(36, 72), (50, 88), (26, 24), (82, 90)]
after pos [(34, 72), (50, 86), (28, 24), (82, 88)]
current pos [(34, 72), (50, 86), (28, 24), (82, 88)]
after pos [(32, 72), (50, 84), (30, 24), (82, 86)]
current pos [(32, 72), (50, 84), (30, 24), (82, 86)]
after pos [(30, 72), (50, 82), (32, 24), (82, 84)]
current pos [(30, 72), (50, 82), (32, 24), (82, 84)]
after pos [(30, 74), (52, 84), (30, 22), (80, 84)]
current pos [(30, 74), (52, 84), (30, 22), (80, 84)]
after pos [(32, 76), (54, 84), (26, 20), (68, 84)]
current pos [(32, 76), (54, 84), (26, 20), (68, 84)]
after pos [(34, 82), (56, 84), (24, 20), (58, 84)]
current pos [(34, 82), (56, 84), (24, 20), (58, 84)]
after pos [(36, 82), (56, 82), (22, 20), (58, 82)]
current pos [(36, 82), (56, 82), (22, 20), (58, 82)]
after pos [(38, 80), (56, 80), (20, 20), (60, 82)]
current pos [(38, 80), (56, 80), (20, 20), (60, 82)]
after pos [(40, 78), (56, 78), (18, 20), (60, 74)]
current pos [(40, 78), (56, 78), (18, 20), (60, 74)]
after pos [(42, 78), (54, 80), (16, 20), (62, 74)]
current pos [(42, 78), (54, 80), (16, 20), (62, 74)]
after pos [(44, 78), (52, 80), (14, 20), (64, 74)]
current pos [(44, 78), (52, 80), (14, 20), (64, 74)]
after pos [(52, 78), (50, 78), (12, 20), (68, 76)]
current pos [(52, 78), (50, 78), (12, 20), (68, 76)]
after pos [(48, 80), (46, 82), (8, 20), (70, 76)]
current pos [(48, 80), (46, 82), (8, 20), (70, 76)]
after pos [(44, 82), (44, 84), (8, 12), (72, 76)]
current pos [(44, 82), (44, 84), (8, 12), (72, 76)]
after pos [(42, 84), (40, 84), (8, 22), (74, 76)]
current pos [(42, 84), (40, 84), (8, 22), (74, 76)]
after pos [(38, 84), (36, 84), (8, 24), (74, 78)]
current pos [(38, 84), (36, 84), (8, 24), (74, 78)]
after pos [(34, 84), (22, 84), (8, 26), (74, 82)]
current pos [(34, 84), (22, 84), (8, 26), (74, 82)]
after pos [(34, 90), (20, 84), (8, 28), (62, 82)]
current pos [(34, 90), (20, 84), (8, 28), (62, 82)]
after pos [(32, 90), (18, 84), (8, 30), (62, 78)]
current pos [(32, 90), (18, 84), (8, 30), (62, 78)]
after pos [(30, 90), (16, 84), (8, 32), (64, 78)]
current pos [(30, 90), (16, 84), (8, 32), (64, 78)]
after pos [(28, 90), (14, 84), (8, 34), (66, 78)]
current pos [(28, 90), (14, 84), (8, 34), (66, 78)]
after pos [(26, 88), (12, 84), (8, 36), (68, 80)]
current pos [(26, 88), (12, 84), (8, 36), (68, 80)]
after pos [(24, 88), (10, 84), (8, 38), (70, 80)]
current pos [(24, 88), (10, 84), (8, 38), (70, 80)]
after pos [(22, 88), (10, 82), (8, 40), (72, 80)]
current pos [(22, 88), (10, 82), (8, 40), (72, 80)]
after pos [(20, 88), (10, 80), (8, 42), (76, 80)]
current pos [(20, 88), (10, 80), (8, 42), (76, 80)]
after pos [(18, 88), (10, 78), (8, 44), (82, 80)]
current pos [(18, 88), (10, 78), (8, 44), (82, 80)]
after pos [(16, 88), (10, 76), (8, 46), (86, 84)]
current pos [(16, 88), (10, 76), (8, 46), (86, 84)]
after pos [(14, 88), (10, 74), (8, 48), (84, 86)]
current pos [(14, 88), (10, 74), (8, 48), (84, 86)]
after pos [(12, 88), (10, 72), (8, 50), (78, 88)]
current pos [(12, 88), (10, 72), (8, 50), (78, 88)]
after pos [(10, 88), (10, 70), (8, 52), (76, 86)]
current pos [(10, 88), (10, 70), (8, 52), (76, 86)]
after pos [(8, 86), (10, 68), (8, 54), (74, 86)]
current pos [(8, 86), (10, 68), (8, 54), (74, 86)]
after pos [(8, 84), (10, 66), (8, 56), (72, 86)]
current pos [(8, 84), (10, 66), (8, 56), (72, 86)]
after pos [(6, 82), (10, 64), (8, 58), (70, 86)]
current pos [(6, 82), (10, 64), (8, 58), (70, 86)]
after pos [(6, 80), (10, 62), (8, 72), (68, 86)]
current pos [(6, 80), (10, 62), (8, 72), (68, 86)]
after pos [(8, 80), (10, 60), (8, 78), (54, 86)]
current pos [(8, 80), (10, 60), (8, 78), (54, 86)]
after pos [(12, 80), (12, 62), (12, 76), (52, 86)]
current pos [(12, 80), (12, 62), (12, 76), (52, 86)]
after pos [(14, 80), (14, 64), (14, 76), (48, 86)]
current pos [(14, 80), (14, 64), (14, 76), (48, 86)]
after pos [(28, 80), (14, 66), (14, 70), (46, 86)]
current pos [(28, 80), (14, 66), (14, 70), (46, 86)]
after pos [(20, 74), (14, 68), (20, 78), (36, 86)]
current pos [(20, 74), (14, 68), (20, 78), (36, 86)]
after pos [(16, 68), (12, 68), (12, 78), (32, 86)]
current pos [(16, 68), (12, 68), (12, 78), (32, 86)]
after pos [(20, 68), (12, 70), (12, 72), (30, 86)]
current pos [(20, 68), (12, 70), (12, 72), (30, 86)]
after pos [(22, 68), (4, 90), (6, 74), (28, 86)]
current pos [(22, 68), (4, 90), (6, 74), (28, 86)]
after pos [(22, 70), (16, 90), (6, 78), (26, 86)]
current pos [(22, 70), (16, 90), (6, 78), (26, 86)]
after pos [(24, 72), (24, 90), (4, 78), (12, 86)]
current pos [(24, 72), (24, 90), (4, 78), (12, 86)]
after pos [(26, 74), (36, 90), (4, 80), (20, 82)]
current pos [(26, 74), (36, 90), (4, 80), (20, 82)]
after pos [(32, 82), (38, 90), (4, 82), (30, 82)]
current pos [(32, 82), (38, 90), (4, 82), (30, 82)]
after pos [(44, 80), (42, 90), (16, 82), (36, 78)]
current pos [(44, 80), (42, 90), (16, 82), (36, 78)]
after pos [(44, 76), (42, 88), (16, 76), (40, 76)]
current pos [(44, 76), (42, 88), (16, 76), (40, 76)]
after pos [(46, 76), (44, 88), (18, 66), (42, 74)]
current pos [(46, 76), (44, 88), (18, 66), (42, 74)]
after pos [(58, 76), (46, 88), (20, 64), (44, 74)]
current pos [(58, 76), (46, 88), (20, 64), (44, 74)]
after pos [(58, 80), (48, 88), (24, 62), (46, 74)]
current pos [(58, 80), (48, 88), (24, 62), (46, 74)]
after pos [(64, 80), (52, 88), (26, 58), (54, 74)]
current pos [(64, 80), (52, 88), (26, 58), (54, 74)]
after pos [(70, 78), (54, 88), (28, 54), (54, 72)]
current pos [(70, 78), (54, 88), (28, 54), (54, 72)]
after pos [(72, 78), (56, 88), (24, 52), (52, 70)]
current pos [(72, 78), (56, 88), (24, 52), (52, 70)]
after pos [(76, 78), (58, 88), (16, 54), (50, 66)]
current pos [(76, 78), (58, 88), (16, 54), (50, 66)]
after pos [(84, 78), (74, 88), (14, 54), (44, 64)]
current pos [(84, 78), (74, 88), (14, 54), (44, 64)]
after pos [(90, 86), (78, 90), (10, 56), (42, 64)]
current pos [(90, 86), (78, 90), (10, 56), (42, 64)]
after pos [(84, 88), (80, 90), (10, 46), (28, 64)]
current pos [(84, 88), (80, 90), (10, 46), (28, 64)]
after pos [(90, 90), (74, 90), (12, 48), (30, 62)]
current pos [(90, 90), (74, 90), (12, 48), (30, 62)]
after pos [(84, 90), (72, 90), (14, 48), (32, 56)]
current pos [(84, 90), (72, 90), (14, 48), (32, 56)]
after pos [(70, 90), (68, 90), (16, 48), (30, 52)]
current pos [(70, 90), (68, 90), (16, 48), (30, 52)]
after pos [(66, 90), (64, 90), (22, 46), (28, 48)]
current pos [(66, 90), (64, 90), (22, 46), (28, 48)]
after pos [(62, 90), (60, 90), (24, 42), (28, 46)]
current pos [(62, 90), (60, 90), (24, 42), (28, 46)]
after pos [(58, 90), (44, 90), (24, 40), (28, 44)]
current pos [(58, 90), (44, 90), (24, 40), (28, 44)]
after pos [(48, 84), (36, 88), (24, 38), (28, 42)]
current pos [(48, 84), (36, 88), (24, 38), (28, 42)]
after pos [(54, 82), (30, 88), (24, 36), (30, 36)]
current pos [(54, 82), (30, 88), (24, 36), (30, 36)]
after pos [(56, 74), (36, 76), (24, 34), (30, 34)]
│  map 3  steps=67  dist=[301.307635286849, 270.30283129774114, 257.3557299333296, 290.4416925152416]  rmse=0.0423634743
1914468  cov=9.600000083446503%  iou=0.6524341580207502  [194/200]
current pos [(56, 74), (36, 76), (24, 34), (30, 34)]
after pos [(58, 74), (34, 76), (24, 36), (30, 32)]
current pos [(58, 74), (34, 76), (24, 36), (30, 32)]
after pos [(60, 74), (32, 76), (24, 38), (30, 30)]
current pos [(60, 74), (32, 76), (24, 38), (30, 30)]
after pos [(62, 74), (30, 76), (24, 40), (30, 28)]
current pos [(62, 74), (30, 76), (24, 40), (30, 28)]
after pos [(62, 72), (30, 74), (24, 42), (30, 36)]
current pos [(62, 72), (30, 74), (24, 42), (30, 36)]
after pos [(62, 66), (30, 72), (26, 48), (30, 38)]
current pos [(62, 66), (30, 72), (26, 48), (30, 38)]
after pos [(60, 66), (30, 64), (28, 54), (30, 40)]
current pos [(60, 66), (30, 64), (28, 54), (30, 40)]
after pos [(58, 66), (18, 64), (28, 56), (30, 42)]
current pos [(58, 66), (18, 64), (28, 56), (30, 42)]
after pos [(56, 66), (16, 64), (28, 58), (32, 46)]
current pos [(56, 66), (16, 64), (28, 58), (32, 46)]
after pos [(54, 66), (14, 64), (28, 60), (34, 50)]
current pos [(54, 66), (14, 64), (28, 60), (34, 50)]
after pos [(50, 68), (12, 64), (26, 60), (34, 52)]
current pos [(50, 68), (12, 64), (26, 60), (34, 52)]
after pos [(48, 68), (12, 66), (24, 60), (34, 54)]
current pos [(48, 68), (12, 66), (24, 60), (34, 54)]
after pos [(46, 68), (10, 68), (22, 60), (34, 56)]
current pos [(46, 68), (10, 68), (22, 60), (34, 56)]
after pos [(44, 68), (10, 70), (20, 60), (36, 58)]
current pos [(44, 68), (10, 70), (20, 60), (36, 58)]
after pos [(32, 68), (10, 72), (18, 60), (34, 60)]
current pos [(32, 68), (10, 72), (18, 60), (34, 60)]
after pos [(32, 66), (10, 74), (16, 60), (38, 60)]
current pos [(32, 66), (10, 74), (16, 60), (38, 60)]
after pos [(32, 64), (10, 76), (14, 60), (40, 60)]
current pos [(32, 64), (10, 76), (14, 60), (40, 60)]
after pos [(32, 60), (10, 78), (12, 60), (40, 62)]
current pos [(32, 60), (10, 78), (12, 60), (40, 62)]
after pos [(30, 60), (10, 80), (10, 60), (40, 64)]
current pos [(30, 60), (10, 80), (10, 60), (40, 64)]
after pos [(30, 52), (10, 82), (10, 58), (40, 66)]
current pos [(30, 52), (10, 82), (10, 58), (40, 66)]
after pos [(24, 52), (10, 84), (10, 56), (42, 66)]
current pos [(24, 52), (10, 84), (10, 56), (42, 66)]
after pos [(22, 52), (10, 86), (10, 54), (44, 66)]
current pos [(22, 52), (10, 86), (10, 54), (44, 66)]
after pos [(20, 52), (10, 88), (10, 52), (50, 66)]
current pos [(20, 52), (10, 88), (10, 52), (50, 66)]
after pos [(20, 54), (12, 86), (10, 50), (42, 60)]
current pos [(20, 54), (12, 86), (10, 50), (42, 60)]
after pos [(22, 54), (14, 84), (10, 48), (42, 54)]
current pos [(22, 54), (14, 84), (10, 48), (42, 54)]
after pos [(24, 54), (14, 82), (10, 46), (40, 54)]
current pos [(24, 54), (14, 82), (10, 46), (40, 54)]
after pos [(26, 54), (14, 80), (10, 44), (36, 54)]
current pos [(26, 54), (14, 80), (10, 44), (36, 54)]
after pos [(26, 58), (14, 78), (10, 42), (38, 58)]
current pos [(26, 58), (14, 78), (10, 42), (38, 58)]
after pos [(24, 58), (14, 76), (8, 36), (40, 58)]
current pos [(24, 58), (14, 76), (8, 36), (40, 58)]
after pos [(18, 56), (14, 74), (8, 42), (48, 58)]
current pos [(18, 56), (14, 74), (8, 42), (48, 58)]
after pos [(12, 56), (14, 72), (8, 44), (48, 62)]
current pos [(12, 56), (14, 72), (8, 44), (48, 62)]
after pos [(12, 48), (16, 74), (8, 46), (50, 62)]
current pos [(12, 48), (16, 74), (8, 46), (50, 62)]
after pos [(16, 48), (18, 74), (8, 48), (50, 56)]
current pos [(16, 48), (18, 74), (8, 48), (50, 56)]
after pos [(16, 50), (20, 74), (8, 50), (44, 56)]
current pos [(16, 50), (20, 74), (8, 50), (44, 56)]
after pos [(14, 54), (22, 74), (8, 52), (44, 52)]
current pos [(14, 54), (22, 74), (8, 52), (44, 52)]
after pos [(12, 58), (24, 72), (8, 54), (36, 52)]
current pos [(12, 58), (24, 72), (8, 54), (36, 52)]
after pos [(18, 58), (26, 70), (8, 56), (38, 62)]
current pos [(18, 58), (26, 70), (8, 56), (38, 62)]
after pos [(16, 66), (28, 70), (8, 58), (36, 62)]
current pos [(16, 66), (28, 70), (8, 58), (36, 62)]
after pos [(28, 66), (32, 70), (8, 60), (34, 62)]
current pos [(28, 66), (32, 70), (8, 60), (34, 62)]
after pos [(22, 70), (34, 70), (8, 62), (30, 62)]
current pos [(22, 70), (34, 70), (8, 62), (30, 62)]
after pos [(20, 70), (36, 70), (8, 64), (20, 62)]
current pos [(20, 70), (36, 70), (8, 64), (20, 62)]
after pos [(18, 70), (50, 70), (8, 66), (14, 62)]
current pos [(18, 70), (50, 70), (8, 66), (14, 62)]
after pos [(16, 70), (48, 72), (8, 82), (12, 62)]
current pos [(16, 70), (48, 72), (8, 82), (12, 62)]
after pos [(14, 70), (42, 74), (8, 88), (10, 62)]
current pos [(14, 70), (42, 74), (8, 88), (10, 62)]
after pos [(12, 70), (36, 74), (18, 86), (10, 64)]
current pos [(12, 70), (36, 74), (18, 86), (10, 64)]
after pos [(12, 72), (34, 74), (42, 76), (26, 76)]
current pos [(12, 72), (34, 74), (42, 76), (26, 76)]
after pos [(12, 78), (32, 74), (50, 76), (16, 76)]
current pos [(12, 78), (32, 74), (50, 76), (16, 76)]
after pos [(16, 78), (32, 72), (52, 70), (18, 78)]
current pos [(16, 78), (32, 72), (52, 70), (18, 78)]
after pos [(16, 80), (42, 72), (54, 70), (20, 78)]
current pos [(16, 80), (42, 72), (54, 70), (20, 78)]
after pos [(18, 80), (44, 78), (54, 72), (22, 78)]
current pos [(18, 80), (44, 78), (54, 72), (22, 78)]
after pos [(20, 80), (50, 78), (54, 74), (32, 78)]
current pos [(20, 80), (50, 78), (54, 74), (32, 78)]
after pos [(26, 80), (56, 78), (54, 76), (42, 80)]
current pos [(26, 80), (56, 78), (54, 76), (42, 80)]
after pos [(34, 82), (52, 80), (52, 76), (50, 80)]
current pos [(34, 82), (52, 80), (52, 76), (50, 80)]
after pos [(40, 84), (50, 82), (52, 64), (54, 82)]
current pos [(40, 84), (50, 82), (52, 64), (54, 82)]
after pos [(36, 86), (46, 84), (52, 58), (60, 84)]
current pos [(36, 86), (46, 84), (52, 58), (60, 84)]
after pos [(32, 88), (44, 86), (48, 54), (60, 82)]
current pos [(32, 88), (44, 86), (48, 54), (60, 82)]
after pos [(30, 88), (50, 88), (46, 50), (60, 80)]
current pos [(30, 88), (50, 88), (46, 50), (60, 80)]
after pos [(28, 88), (52, 88), (46, 48), (60, 78)]
current pos [(28, 88), (52, 88), (46, 48), (60, 78)]
after pos [(24, 90), (54, 88), (36, 50), (56, 72)]
current pos [(24, 90), (54, 88), (36, 50), (56, 72)]
after pos [(8, 90), (56, 88), (36, 48), (54, 68)]
current pos [(8, 90), (56, 88), (36, 48), (54, 68)]
after pos [(18, 88), (58, 88), (36, 46), (54, 64)]
current pos [(18, 88), (58, 88), (36, 46), (54, 64)]
after pos [(24, 88), (60, 88), (36, 44), (54, 58)]
current pos [(24, 88), (60, 88), (36, 44), (54, 58)]
after pos [(28, 86), (62, 88), (46, 46), (48, 48)]
current pos [(28, 86), (62, 88), (46, 46), (48, 48)]
after pos [(30, 86), (64, 88), (44, 40), (48, 46)]
current pos [(30, 86), (64, 88), (44, 40), (48, 46)]
after pos [(32, 86), (66, 88), (42, 36), (48, 44)]
current pos [(32, 86), (66, 88), (42, 36), (48, 44)]
after pos [(36, 88), (68, 88), (42, 34), (46, 34)]
current pos [(36, 88), (68, 88), (42, 34), (46, 34)]
after pos [(36, 90), (84, 88), (40, 32), (44, 30)]
│  map 4  steps=66  dist=[268.3277623612543, 221.37378199372512, 253.6464469674782, 303.1097758467481]  rmse=0.058657932
891695734  cov=9.719999879598618%  iou=0.6073903002309469  [195/200]
current pos [(36, 90), (84, 88), (40, 32), (44, 30)]
after pos [(36, 88), (82, 88), (40, 30), (44, 32)]
current pos [(36, 88), (82, 88), (40, 30), (44, 32)]
after pos [(36, 86), (80, 88), (40, 28), (44, 34)]
current pos [(36, 86), (80, 88), (40, 28), (44, 34)]
after pos [(36, 84), (78, 88), (40, 26), (44, 36)]
current pos [(36, 84), (78, 88), (40, 26), (44, 36)]
after pos [(34, 84), (78, 86), (38, 26), (42, 36)]
current pos [(34, 84), (78, 86), (38, 26), (42, 36)]
after pos [(32, 84), (78, 78), (36, 26), (40, 36)]
current pos [(32, 84), (78, 78), (36, 26), (40, 36)]
after pos [(24, 84), (76, 80), (26, 26), (38, 36)]
current pos [(24, 84), (76, 80), (26, 26), (38, 36)]
after pos [(22, 84), (74, 80), (24, 26), (34, 34)]
current pos [(22, 84), (74, 80), (24, 26), (34, 34)]
after pos [(20, 84), (72, 80), (22, 26), (32, 32)]
current pos [(20, 84), (72, 80), (22, 26), (32, 32)]
after pos [(18, 84), (74, 84), (16, 28), (30, 32)]
current pos [(18, 84), (74, 84), (16, 28), (30, 32)]
after pos [(16, 84), (72, 88), (14, 28), (28, 32)]
current pos [(16, 84), (72, 88), (14, 28), (28, 32)]
after pos [(14, 84), (70, 86), (12, 28), (26, 32)]
current pos [(14, 84), (70, 86), (12, 28), (26, 32)]
after pos [(12, 84), (68, 84), (10, 28), (24, 32)]
current pos [(12, 84), (68, 84), (10, 28), (24, 32)]
after pos [(10, 84), (66, 84), (8, 28), (22, 32)]
current pos [(10, 84), (66, 84), (8, 28), (22, 32)]
after pos [(8, 84), (64, 84), (8, 26), (20, 32)]
current pos [(8, 84), (64, 84), (8, 26), (20, 32)]
after pos [(8, 82), (58, 82), (8, 12), (18, 32)]
current pos [(8, 82), (58, 82), (8, 12), (18, 32)]
after pos [(8, 80), (54, 84), (8, 10), (16, 32)]
current pos [(8, 80), (54, 84), (8, 10), (16, 32)]
after pos [(8, 78), (50, 86), (8, 8), (14, 32)]
current pos [(8, 78), (50, 86), (8, 8), (14, 32)]
after pos [(8, 76), (52, 88), (10, 8), (12, 32)]
current pos [(8, 76), (52, 88), (10, 8), (12, 32)]
after pos [(8, 74), (54, 88), (20, 8), (10, 32)]
current pos [(8, 74), (54, 88), (20, 8), (10, 32)]
after pos [(8, 72), (56, 88), (20, 10), (8, 32)]
current pos [(8, 72), (56, 88), (20, 10), (8, 32)]
after pos [(8, 70), (66, 88), (22, 12), (8, 42)]
current pos [(8, 70), (66, 88), (22, 12), (8, 42)]
after pos [(8, 68), (66, 90), (22, 14), (8, 58)]
current pos [(8, 68), (66, 90), (22, 14), (8, 58)]
after pos [(8, 66), (68, 90), (28, 14), (8, 64)]
current pos [(8, 66), (68, 90), (28, 14), (8, 64)]
after pos [(12, 68), (70, 90), (30, 16), (10, 64)]
current pos [(12, 68), (70, 90), (30, 16), (10, 64)]
after pos [(14, 70), (64, 90), (28, 18), (12, 64)]
current pos [(14, 70), (64, 90), (28, 18), (12, 64)]
after pos [(18, 72), (62, 90), (26, 18), (14, 64)]
current pos [(18, 72), (62, 90), (26, 18), (14, 64)]
after pos [(20, 72), (60, 90), (22, 16), (18, 66)]
current pos [(20, 72), (60, 90), (22, 16), (18, 66)]
after pos [(24, 74), (58, 90), (20, 16), (22, 68)]
current pos [(24, 74), (58, 90), (20, 16), (22, 68)]
after pos [(26, 74), (56, 90), (18, 16), (24, 68)]
current pos [(26, 74), (56, 90), (18, 16), (24, 68)]
after pos [(32, 78), (54, 90), (16, 16), (26, 68)]
current pos [(32, 78), (54, 90), (16, 16), (26, 68)]
after pos [(34, 78), (52, 90), (14, 16), (34, 74)]
current pos [(34, 78), (52, 90), (14, 16), (34, 74)]
after pos [(36, 78), (50, 90), (14, 18), (36, 76)]
current pos [(36, 78), (50, 90), (14, 18), (36, 76)]
after pos [(38, 78), (48, 90), (14, 22), (42, 78)]
current pos [(38, 78), (48, 90), (14, 22), (42, 78)]
after pos [(38, 80), (46, 90), (16, 22), (40, 82)]
current pos [(38, 80), (46, 90), (16, 22), (40, 82)]
after pos [(36, 80), (44, 90), (18, 22), (40, 84)]
current pos [(36, 80), (44, 90), (18, 22), (40, 84)]
after pos [(34, 80), (42, 90), (28, 22), (42, 86)]
current pos [(34, 80), (42, 90), (28, 22), (42, 86)]
after pos [(32, 80), (40, 90), (30, 22), (48, 84)]
current pos [(32, 80), (40, 90), (30, 22), (48, 84)]
after pos [(30, 80), (38, 90), (32, 22), (48, 82)]
current pos [(30, 80), (38, 90), (32, 22), (48, 82)]
after pos [(28, 80), (34, 90), (34, 22), (50, 82)]
current pos [(28, 80), (34, 90), (34, 22), (50, 82)]
after pos [(26, 80), (34, 88), (34, 20), (50, 80)]
current pos [(26, 80), (34, 88), (34, 20), (50, 80)]
after pos [(26, 82), (32, 88), (34, 18), (52, 78)]
current pos [(26, 82), (32, 88), (34, 18), (52, 78)]
after pos [(24, 82), (30, 88), (34, 16), (54, 80)]
current pos [(24, 82), (30, 88), (34, 16), (54, 80)]
after pos [(22, 82), (28, 88), (34, 14), (56, 80)]
current pos [(22, 82), (28, 88), (34, 14), (56, 80)]
after pos [(20, 80), (26, 88), (34, 12), (56, 78)]
current pos [(20, 80), (26, 88), (34, 12), (56, 78)]
after pos [(18, 80), (24, 88), (34, 10), (58, 78)]
current pos [(18, 80), (24, 88), (34, 10), (58, 78)]
after pos [(16, 80), (22, 88), (32, 12), (62, 80)]
current pos [(16, 80), (22, 88), (32, 12), (62, 80)]
after pos [(14, 80), (20, 88), (30, 10), (68, 76)]
current pos [(14, 80), (20, 88), (30, 10), (68, 76)]
after pos [(12, 78), (18, 88), (22, 8), (64, 76)]
current pos [(12, 78), (18, 88), (22, 8), (64, 76)]
after pos [(10, 80), (16, 88), (18, 10), (62, 76)]
current pos [(10, 80), (16, 88), (18, 10), (62, 76)]
after pos [(10, 82), (14, 88), (16, 12), (60, 76)]
current pos [(10, 82), (14, 88), (16, 12), (60, 76)]
after pos [(8, 90), (12, 88), (14, 12), (58, 76)]
current pos [(8, 90), (12, 88), (14, 12), (58, 76)]
after pos [(10, 90), (12, 90), (12, 12), (56, 76)]
current pos [(10, 90), (12, 90), (12, 12), (56, 76)]
after pos [(14, 90), (12, 92), (10, 12), (54, 76)]
current pos [(14, 90), (12, 92), (10, 12), (54, 76)]
after pos [(16, 90), (14, 92), (10, 14), (42, 76)]
current pos [(16, 90), (14, 92), (10, 14), (42, 76)]
after pos [(32, 90), (28, 90), (10, 16), (38, 70)]
current pos [(32, 90), (28, 90), (10, 16), (38, 70)]
after pos [(38, 88), (38, 86), (10, 18), (38, 68)]
current pos [(38, 88), (38, 86), (10, 18), (38, 68)]
after pos [(48, 88), (32, 86), (10, 26), (38, 66)]
current pos [(48, 88), (32, 86), (10, 26), (38, 66)]
after pos [(48, 86), (18, 86), (22, 24), (38, 64)]
current pos [(48, 86), (18, 86), (22, 24), (38, 64)]
after pos [(46, 82), (12, 86), (30, 24), (36, 60)]
current pos [(46, 82), (12, 86), (30, 24), (36, 60)]
after pos [(44, 82), (12, 82), (32, 24), (34, 58)]
current pos [(44, 82), (12, 82), (32, 24), (34, 58)]
after pos [(42, 82), (10, 70), (32, 14), (24, 34)]
current pos [(42, 82), (10, 70), (32, 14), (24, 34)]
after pos [(28, 82), (10, 62), (28, 12), (22, 34)]
current pos [(28, 82), (10, 62), (28, 12), (22, 34)]
after pos [(26, 78), (10, 60), (26, 12), (20, 34)]
current pos [(26, 78), (10, 60), (26, 12), (20, 34)]
after pos [(24, 76), (10, 58), (24, 12), (18, 34)]
current pos [(24, 76), (10, 58), (24, 12), (18, 34)]
after pos [(22, 76), (10, 56), (14, 14), (16, 34)]
current pos [(22, 76), (10, 56), (14, 14), (16, 34)]
after pos [(14, 76), (10, 54), (10, 10), (14, 34)]
current pos [(14, 76), (10, 54), (10, 10), (14, 34)]
after pos [(20, 60), (10, 52), (6, 10), (12, 34)]
current pos [(20, 60), (10, 52), (6, 10), (12, 34)]
after pos [(18, 56), (10, 50), (4, 12), (12, 36)]
current pos [(18, 56), (10, 50), (4, 12), (12, 36)]
after pos [(16, 48), (10, 34), (6, 18), (12, 30)]
current pos [(16, 48), (10, 34), (6, 18), (12, 30)]
after pos [(16, 46), (8, 30), (12, 22), (20, 30)]
current pos [(16, 46), (8, 30), (12, 22), (20, 30)]
after pos [(16, 44), (10, 30), (12, 18), (26, 28)]
current pos [(16, 44), (10, 30), (12, 18), (26, 28)]
after pos [(16, 42), (4, 18), (22, 18), (32, 28)]
current pos [(16, 42), (4, 18), (22, 18), (32, 28)]
after pos [(16, 40), (12, 24), (22, 20), (34, 24)]
current pos [(16, 40), (12, 24), (22, 20), (34, 24)]
after pos [(16, 38), (20, 20), (24, 20), (36, 24)]
current pos [(16, 38), (20, 20), (24, 20), (36, 24)]
after pos [(16, 36), (30, 20), (26, 20), (36, 22)]
current pos [(16, 36), (30, 20), (26, 20), (36, 22)]
after pos [(22, 44), (38, 14), (36, 18), (36, 20)]
│  map 5  steps=76  dist=[264.0910392180988, 307.4376136679137, 289.5402795455188, 281.67138549634046]  rmse=0.054258631
88474361  cov=10.320000350475311%  iou=0.33611691022964507  [196/200]
current pos [(22, 44), (38, 14), (36, 18), (36, 20)]
after pos [(22, 46), (38, 16), (34, 18), (36, 22)]
current pos [(22, 46), (38, 16), (34, 18), (36, 22)]
after pos [(22, 48), (38, 18), (32, 18), (36, 24)]
current pos [(22, 48), (38, 18), (32, 18), (36, 24)]
after pos [(22, 50), (38, 20), (30, 18), (36, 26)]
current pos [(22, 50), (38, 20), (30, 18), (36, 26)]
after pos [(24, 46), (34, 20), (28, 16), (34, 26)]
current pos [(24, 46), (34, 20), (28, 16), (34, 26)]
after pos [(28, 40), (32, 20), (26, 16), (32, 26)]
current pos [(28, 40), (32, 20), (26, 16), (32, 26)]
after pos [(28, 38), (30, 20), (24, 16), (30, 26)]
current pos [(28, 38), (30, 20), (24, 16), (30, 26)]
after pos [(28, 36), (28, 20), (22, 16), (28, 26)]
current pos [(28, 36), (28, 20), (22, 16), (28, 26)]
after pos [(28, 34), (26, 20), (20, 16), (26, 26)]
current pos [(28, 34), (26, 20), (20, 16), (26, 26)]
after pos [(26, 32), (24, 20), (18, 16), (24, 24)]
current pos [(26, 32), (24, 20), (18, 16), (24, 24)]
after pos [(24, 32), (22, 20), (16, 16), (22, 24)]
current pos [(24, 32), (22, 20), (16, 16), (22, 24)]
after pos [(22, 32), (20, 20), (14, 16), (20, 24)]
current pos [(22, 32), (20, 20), (14, 16), (20, 24)]
after pos [(18, 30), (18, 20), (12, 16), (18, 24)]
current pos [(18, 30), (18, 20), (12, 16), (18, 24)]
after pos [(16, 30), (16, 20), (12, 18), (16, 24)]
current pos [(16, 30), (16, 20), (12, 18), (16, 24)]
after pos [(14, 30), (14, 20), (12, 20), (14, 24)]
current pos [(14, 30), (14, 20), (12, 20), (14, 24)]
after pos [(14, 28), (12, 22), (12, 24), (12, 26)]
current pos [(14, 28), (12, 22), (12, 24), (12, 26)]
after pos [(12, 28), (10, 24), (10, 26), (10, 30)]
current pos [(12, 28), (10, 24), (10, 26), (10, 30)]
after pos [(8, 32), (8, 24), (8, 26), (8, 30)]
current pos [(8, 32), (8, 24), (8, 26), (8, 30)]
after pos [(8, 42), (8, 22), (8, 12), (8, 40)]
current pos [(8, 42), (8, 22), (8, 12), (8, 40)]
after pos [(8, 44), (8, 8), (10, 12), (8, 46)]
current pos [(8, 44), (8, 8), (10, 12), (8, 46)]
after pos [(8, 48), (10, 8), (12, 12), (8, 50)]
current pos [(8, 48), (10, 8), (12, 12), (8, 50)]
after pos [(8, 52), (12, 8), (14, 12), (8, 54)]
current pos [(8, 52), (12, 8), (14, 12), (8, 54)]
after pos [(8, 56), (14, 10), (16, 12), (8, 58)]
current pos [(8, 56), (14, 10), (16, 12), (8, 58)]
after pos [(8, 60), (16, 10), (18, 12), (8, 62)]
current pos [(8, 60), (16, 10), (18, 12), (8, 62)]
after pos [(8, 64), (18, 10), (24, 12), (8, 66)]
current pos [(8, 64), (18, 10), (24, 12), (8, 66)]
after pos [(8, 68), (20, 10), (30, 12), (8, 70)]
current pos [(8, 68), (20, 10), (30, 12), (8, 70)]
after pos [(8, 72), (30, 10), (30, 14), (8, 74)]
current pos [(8, 72), (30, 10), (30, 14), (8, 74)]
after pos [(8, 76), (36, 10), (22, 8), (8, 90)]
current pos [(8, 76), (36, 10), (22, 8), (8, 90)]
after pos [(14, 80), (36, 16), (16, 8), (10, 90)]
current pos [(14, 80), (36, 16), (16, 8), (10, 90)]
after pos [(16, 80), (32, 16), (36, 8), (12, 90)]
current pos [(16, 80), (32, 16), (36, 8), (12, 90)]
after pos [(18, 80), (32, 14), (42, 10), (14, 90)]
current pos [(18, 80), (32, 14), (42, 10), (14, 90)]
after pos [(20, 80), (26, 14), (42, 8), (16, 90)]
current pos [(20, 80), (26, 14), (42, 8), (16, 90)]
after pos [(22, 80), (24, 14), (52, 8), (18, 90)]
current pos [(22, 80), (24, 14), (52, 8), (18, 90)]
after pos [(24, 80), (22, 14), (48, 14), (20, 90)]
current pos [(24, 80), (22, 14), (48, 14), (20, 90)]
after pos [(26, 80), (20, 14), (46, 16), (22, 90)]
current pos [(26, 80), (20, 14), (46, 16), (22, 90)]
after pos [(28, 80), (18, 14), (44, 16), (24, 88)]
current pos [(28, 80), (18, 14), (44, 16), (24, 88)]
after pos [(30, 80), (16, 14), (40, 18), (26, 88)]
current pos [(30, 80), (16, 14), (40, 18), (26, 88)]
after pos [(34, 82), (14, 14), (26, 18), (28, 88)]
current pos [(34, 82), (14, 14), (26, 18), (28, 88)]
after pos [(36, 82), (12, 14), (14, 18), (30, 88)]
current pos [(36, 82), (12, 14), (14, 18), (30, 88)]
after pos [(38, 82), (10, 14), (16, 22), (32, 88)]
current pos [(38, 82), (10, 14), (16, 22), (32, 88)]
after pos [(40, 82), (10, 16), (18, 26), (34, 88)]
current pos [(40, 82), (10, 16), (18, 26), (34, 88)]
after pos [(42, 82), (10, 20), (18, 28), (36, 88)]
current pos [(42, 82), (10, 20), (18, 28), (36, 88)]
after pos [(44, 82), (18, 22), (20, 28), (38, 88)]
current pos [(44, 82), (18, 22), (20, 28), (38, 88)]
after pos [(46, 82), (32, 22), (26, 28), (40, 88)]
current pos [(46, 82), (32, 22), (26, 28), (40, 88)]
after pos [(48, 82), (28, 24), (32, 28), (42, 88)]
current pos [(48, 82), (28, 24), (32, 28), (42, 88)]
after pos [(52, 80), (30, 24), (24, 34), (44, 88)]
current pos [(52, 80), (30, 24), (24, 34), (44, 88)]
after pos [(58, 82), (34, 24), (22, 36), (46, 88)]
current pos [(58, 82), (34, 24), (22, 36), (46, 88)]
after pos [(64, 84), (34, 22), (20, 36), (48, 88)]
current pos [(64, 84), (34, 22), (20, 36), (48, 88)]
after pos [(68, 82), (36, 28), (12, 32), (50, 88)]
current pos [(68, 82), (36, 28), (12, 32), (50, 88)]
after pos [(70, 84), (34, 30), (10, 38), (52, 88)]
current pos [(70, 84), (34, 30), (10, 38), (52, 88)]
after pos [(72, 84), (32, 32), (10, 40), (54, 88)]
current pos [(72, 84), (32, 32), (10, 40), (54, 88)]
after pos [(74, 82), (32, 34), (10, 42), (56, 88)]
current pos [(74, 82), (32, 34), (10, 42), (56, 88)]
after pos [(76, 82), (32, 36), (10, 56), (58, 88)]
current pos [(76, 82), (32, 36), (10, 56), (58, 88)]
after pos [(76, 84), (30, 38), (10, 58), (60, 88)]
current pos [(76, 84), (30, 38), (10, 58), (60, 88)]
after pos [(76, 86), (30, 40), (10, 60), (62, 88)]
current pos [(76, 86), (30, 40), (10, 60), (62, 88)]
after pos [(76, 88), (30, 42), (10, 74), (64, 88)]
current pos [(76, 88), (30, 42), (10, 74), (64, 88)]
after pos [(90, 88), (30, 44), (16, 72), (64, 90)]
current pos [(90, 88), (30, 44), (16, 72), (64, 90)]
after pos [(88, 86), (28, 48), (18, 72), (66, 90)]
current pos [(88, 86), (28, 48), (18, 72), (66, 90)]
after pos [(86, 82), (26, 54), (20, 72), (78, 90)]
current pos [(86, 82), (26, 54), (20, 72), (78, 90)]
after pos [(84, 82), (28, 64), (22, 72), (90, 90)]
current pos [(84, 82), (28, 64), (22, 72), (90, 90)]
after pos [(82, 82), (28, 66), (24, 72), (86, 86)]
current pos [(82, 82), (28, 66), (24, 72), (86, 86)]
after pos [(78, 80), (28, 68), (26, 72), (84, 86)]
current pos [(78, 80), (28, 68), (26, 72), (84, 86)]
after pos [(76, 80), (26, 70), (40, 72), (82, 86)]
current pos [(76, 80), (26, 70), (40, 72), (82, 86)]
after pos [(74, 80), (24, 64), (42, 72), (80, 86)]
current pos [(74, 80), (24, 64), (42, 72), (80, 86)]
after pos [(70, 78), (22, 60), (44, 72), (78, 86)]
current pos [(70, 78), (22, 60), (44, 72), (78, 86)]
after pos [(68, 76), (20, 58), (46, 72), (74, 86)]
current pos [(68, 76), (20, 58), (46, 72), (74, 86)]
after pos [(62, 78), (18, 56), (48, 74), (72, 86)]
│  map 6  steps=66  dist=[218.9719485760862, 226.29016822714559, 302.6875839106671, 202.61427157873052]  rmse=0.06216376
7299643936  cov=8.209999650716782%  iou=0.35366352844862875  [197/200]
current pos [(62, 78), (18, 56), (48, 74), (72, 86)]
after pos [(60, 78), (18, 58), (46, 74), (72, 84)]
current pos [(60, 78), (18, 58), (46, 74), (72, 84)]
after pos [(58, 78), (18, 60), (44, 74), (72, 82)]
current pos [(58, 78), (18, 60), (44, 74), (72, 82)]
after pos [(56, 78), (18, 62), (42, 74), (72, 80)]
current pos [(56, 78), (18, 62), (42, 74), (72, 80)]
after pos [(54, 80), (16, 60), (40, 74), (70, 82)]
current pos [(54, 80), (16, 60), (40, 74), (70, 82)]
after pos [(52, 82), (10, 62), (38, 74), (68, 84)]
current pos [(52, 82), (10, 62), (38, 74), (68, 84)]
after pos [(46, 84), (8, 62), (36, 74), (66, 84)]
current pos [(46, 84), (8, 62), (36, 74), (66, 84)]
after pos [(44, 84), (8, 64), (32, 72), (64, 84)]
current pos [(44, 84), (8, 64), (32, 72), (64, 84)]
after pos [(42, 84), (8, 66), (28, 70), (62, 84)]
current pos [(42, 84), (8, 66), (28, 70), (62, 84)]
after pos [(32, 78), (8, 68), (26, 70), (60, 84)]
current pos [(32, 78), (8, 68), (26, 70), (60, 84)]
after pos [(28, 76), (8, 70), (24, 70), (52, 84)]
current pos [(28, 76), (8, 70), (24, 70), (52, 84)]
after pos [(26, 76), (8, 72), (22, 70), (50, 86)]
current pos [(26, 76), (8, 72), (22, 70), (50, 86)]
after pos [(24, 76), (8, 88), (22, 72), (48, 88)]
current pos [(24, 76), (8, 88), (22, 72), (48, 88)]
after pos [(22, 76), (12, 86), (20, 76), (46, 88)]
current pos [(22, 76), (12, 86), (20, 76), (46, 88)]
after pos [(22, 78), (16, 84), (20, 78), (44, 88)]
current pos [(22, 78), (16, 84), (20, 78), (44, 88)]
after pos [(24, 78), (18, 84), (18, 78), (42, 88)]
current pos [(24, 78), (18, 84), (18, 78), (42, 88)]
after pos [(24, 80), (20, 84), (18, 80), (40, 86)]
current pos [(24, 80), (20, 84), (18, 80), (40, 86)]
after pos [(24, 82), (22, 84), (16, 80), (36, 88)]
current pos [(24, 82), (22, 84), (16, 80), (36, 88)]
after pos [(24, 84), (36, 84), (10, 80), (34, 88)]
current pos [(24, 84), (36, 84), (10, 80), (34, 88)]
after pos [(24, 86), (38, 84), (10, 66), (32, 88)]
current pos [(24, 86), (38, 84), (10, 66), (32, 88)]
after pos [(22, 88), (44, 80), (10, 64), (24, 88)]
current pos [(22, 88), (44, 80), (10, 64), (24, 88)]
after pos [(20, 88), (44, 78), (10, 60), (24, 90)]
current pos [(20, 88), (44, 78), (10, 60), (24, 90)]
after pos [(18, 90), (52, 78), (8, 50), (22, 90)]
current pos [(18, 90), (52, 78), (8, 50), (22, 90)]
after pos [(8, 90), (52, 76), (8, 48), (20, 90)]
current pos [(8, 90), (52, 76), (8, 48), (20, 90)]
after pos [(10, 82), (52, 74), (8, 46), (26, 90)]
current pos [(10, 82), (52, 74), (8, 46), (26, 90)]
after pos [(12, 82), (52, 72), (8, 44), (28, 90)]
current pos [(12, 82), (52, 72), (8, 44), (28, 90)]
after pos [(14, 82), (58, 74), (8, 42), (30, 90)]
current pos [(14, 82), (58, 74), (8, 42), (30, 90)]
after pos [(16, 82), (60, 74), (8, 40), (32, 90)]
current pos [(16, 82), (60, 74), (8, 40), (32, 90)]
after pos [(18, 82), (62, 74), (8, 38), (34, 90)]
current pos [(18, 82), (62, 74), (8, 38), (34, 90)]
after pos [(20, 82), (64, 74), (8, 36), (36, 90)]
current pos [(20, 82), (64, 74), (8, 36), (36, 90)]
after pos [(22, 82), (66, 76), (8, 34), (38, 90)]
current pos [(22, 82), (66, 76), (8, 34), (38, 90)]
after pos [(34, 82), (64, 78), (8, 32), (40, 90)]
current pos [(34, 82), (64, 78), (8, 32), (40, 90)]
after pos [(26, 78), (64, 82), (8, 30), (42, 90)]
current pos [(26, 78), (64, 82), (8, 30), (42, 90)]
after pos [(26, 74), (56, 82), (8, 28), (44, 90)]
current pos [(26, 74), (56, 82), (8, 28), (44, 90)]
after pos [(26, 72), (56, 86), (8, 26), (46, 90)]
current pos [(26, 72), (56, 86), (8, 26), (46, 90)]
after pos [(30, 74), (56, 90), (8, 12), (48, 90)]
current pos [(30, 74), (56, 90), (8, 12), (48, 90)]
after pos [(32, 74), (58, 90), (10, 12), (50, 90)]
current pos [(32, 74), (58, 90), (10, 12), (50, 90)]
after pos [(32, 70), (60, 90), (12, 12), (52, 90)]
current pos [(32, 70), (60, 90), (12, 12), (52, 90)]
after pos [(32, 68), (62, 90), (14, 12), (54, 90)]
current pos [(32, 68), (62, 90), (14, 12), (54, 90)]
after pos [(32, 66), (64, 90), (16, 12), (58, 88)]
current pos [(32, 66), (64, 90), (16, 12), (58, 88)]
after pos [(34, 64), (66, 90), (18, 12), (60, 88)]
current pos [(34, 64), (66, 90), (18, 12), (60, 88)]
after pos [(34, 62), (68, 90), (20, 12), (62, 88)]
current pos [(34, 62), (68, 90), (20, 12), (62, 88)]
after pos [(34, 60), (72, 88), (18, 18), (64, 88)]
current pos [(34, 60), (72, 88), (18, 18), (64, 88)]
after pos [(34, 58), (76, 86), (22, 20), (66, 88)]
current pos [(34, 58), (76, 86), (22, 20), (66, 88)]
after pos [(34, 56), (78, 86), (24, 20), (68, 88)]
current pos [(34, 56), (78, 86), (24, 20), (68, 88)]
after pos [(34, 54), (82, 90), (26, 18), (74, 88)]
current pos [(34, 54), (82, 90), (26, 18), (74, 88)]
after pos [(34, 52), (84, 90), (24, 12), (78, 90)]
current pos [(34, 52), (84, 90), (24, 12), (78, 90)]
after pos [(34, 50), (86, 90), (34, 12), (76, 90)]
current pos [(34, 50), (86, 90), (34, 12), (76, 90)]
after pos [(32, 46), (90, 90), (32, 14), (72, 90)]
current pos [(32, 46), (90, 90), (32, 14), (72, 90)]
after pos [(30, 42), (88, 88), (30, 16), (74, 84)]
current pos [(30, 42), (88, 88), (30, 16), (74, 84)]
after pos [(28, 38), (88, 86), (30, 18), (76, 84)]
current pos [(28, 38), (88, 86), (30, 18), (76, 84)]
after pos [(28, 36), (86, 82), (28, 20), (88, 84)]
current pos [(28, 36), (86, 82), (28, 20), (88, 84)]
after pos [(28, 34), (84, 82), (28, 22), (88, 82)]
current pos [(28, 34), (84, 82), (28, 22), (88, 82)]
after pos [(28, 32), (78, 80), (26, 22), (88, 80)]
current pos [(28, 32), (78, 80), (26, 22), (88, 80)]
after pos [(28, 30), (76, 78), (24, 22), (88, 76)]
current pos [(28, 30), (76, 78), (24, 22), (88, 76)]
after pos [(26, 28), (74, 78), (22, 22), (86, 76)]
current pos [(26, 28), (74, 78), (22, 22), (86, 76)]
after pos [(24, 26), (72, 78), (20, 22), (84, 76)]
current pos [(24, 26), (72, 78), (20, 22), (84, 76)]
after pos [(22, 26), (70, 78), (18, 22), (82, 76)]
current pos [(22, 26), (70, 78), (18, 22), (82, 76)]
after pos [(22, 24), (66, 80), (16, 22), (68, 76)]
current pos [(22, 24), (66, 80), (16, 22), (68, 76)]
after pos [(20, 24), (58, 80), (16, 20), (68, 74)]
current pos [(20, 24), (58, 80), (16, 20), (68, 74)]
after pos [(10, 24), (46, 80), (14, 20), (68, 72)]
current pos [(10, 24), (46, 80), (14, 20), (68, 72)]
after pos [(10, 22), (36, 78), (14, 18), (68, 70)]
current pos [(10, 22), (36, 78), (14, 18), (68, 70)]
after pos [(10, 14), (36, 76), (14, 14), (66, 70)]
current pos [(10, 14), (36, 76), (14, 14), (66, 70)]
after pos [(6, 14), (36, 72), (12, 14), (64, 70)]
current pos [(6, 14), (36, 72), (12, 14), (64, 70)]
after pos [(2, 14), (36, 70), (12, 22), (62, 70)]
current pos [(2, 14), (36, 70), (12, 22), (62, 70)]
after pos [(10, 8), (36, 68), (14, 28), (60, 70)]
current pos [(10, 8), (36, 68), (14, 28), (60, 70)]
after pos [(24, 8), (36, 66), (20, 26), (58, 70)]
current pos [(24, 8), (36, 66), (20, 26), (58, 70)]
after pos [(24, 10), (38, 64), (20, 28), (56, 70)]
current pos [(24, 10), (38, 64), (20, 28), (56, 70)]
after pos [(26, 10), (38, 62), (20, 30), (40, 70)]
current pos [(26, 10), (38, 62), (20, 30), (40, 70)]
after pos [(28, 10), (38, 60), (20, 32), (40, 68)]
current pos [(28, 10), (38, 60), (20, 32), (40, 68)]
after pos [(30, 10), (38, 58), (18, 34), (40, 66)]
current pos [(30, 10), (38, 58), (18, 34), (40, 66)]
after pos [(34, 10), (38, 56), (14, 32), (40, 64)]
current pos [(34, 10), (38, 56), (14, 32), (40, 64)]
after pos [(34, 8), (38, 54), (12, 30), (40, 62)]
current pos [(34, 8), (38, 54), (12, 30), (40, 62)]
after pos [(42, 8), (38, 52), (12, 28), (40, 60)]
current pos [(42, 8), (38, 52), (12, 28), (40, 60)]
after pos [(40, 10), (36, 48), (10, 26), (40, 58)]
current pos [(40, 10), (36, 48), (10, 26), (40, 58)]
after pos [(38, 16), (36, 46), (10, 42), (40, 56)]
current pos [(38, 16), (36, 46), (10, 42), (40, 56)]
after pos [(36, 16), (36, 44), (10, 50), (40, 54)]
current pos [(36, 16), (36, 44), (10, 50), (40, 54)]
after pos [(34, 16), (36, 42), (12, 50), (40, 52)]
current pos [(34, 16), (36, 42), (12, 50), (40, 52)]
after pos [(34, 18), (38, 40), (14, 50), (42, 46)]
current pos [(34, 18), (38, 40), (14, 50), (42, 46)]
after pos [(36, 20), (38, 38), (16, 52), (40, 42)]
current pos [(36, 20), (38, 38), (16, 52), (40, 42)]
after pos [(36, 22), (38, 36), (18, 46), (40, 40)]
current pos [(36, 22), (38, 36), (18, 46), (40, 40)]
after pos [(34, 26), (38, 34), (20, 44), (40, 38)]
current pos [(34, 26), (38, 34), (20, 44), (40, 38)]
after pos [(32, 26), (38, 32), (20, 42), (40, 36)]
current pos [(32, 26), (38, 32), (20, 42), (40, 36)]
after pos [(30, 26), (38, 30), (20, 40), (40, 34)]
current pos [(30, 26), (38, 30), (20, 40), (40, 34)]
after pos [(28, 26), (38, 28), (20, 38), (40, 32)]
current pos [(28, 26), (38, 28), (20, 38), (40, 32)]
after pos [(32, 18), (38, 26), (20, 36), (40, 30)]
current pos [(32, 18), (38, 26), (20, 36), (40, 30)]
after pos [(28, 16), (40, 24), (22, 32), (40, 28)]
│  map 7  steps=86  dist=[303.2065653093106, 289.97203047158274, 290.1094754815826, 254.67979008440278]  rmse=0.05364325
984589012  cov=10.649999976158142%  iou=0.21475826972010179  [198/200]
current pos [(28, 16), (40, 24), (22, 32), (40, 28)]
after pos [(28, 18), (38, 24), (22, 34), (40, 30)]
current pos [(28, 18), (38, 24), (22, 34), (40, 30)]
after pos [(28, 20), (36, 24), (22, 36), (40, 32)]
current pos [(28, 20), (36, 24), (22, 36), (40, 32)]
after pos [(28, 22), (34, 24), (22, 38), (40, 34)]
current pos [(28, 22), (34, 24), (22, 38), (40, 34)]
after pos [(26, 24), (34, 26), (24, 36), (38, 34)]
current pos [(26, 24), (34, 26), (24, 36), (38, 34)]
after pos [(20, 26), (34, 28), (26, 36), (36, 34)]
current pos [(20, 26), (34, 28), (26, 36), (36, 34)]
after pos [(20, 24), (34, 30), (32, 38), (26, 34)]
current pos [(20, 24), (34, 30), (32, 38), (26, 34)]
after pos [(18, 24), (30, 28), (30, 40), (26, 38)]
current pos [(18, 24), (30, 28), (30, 40), (26, 38)]
after pos [(16, 24), (28, 28), (32, 46), (24, 40)]
current pos [(16, 24), (28, 28), (32, 46), (24, 40)]
after pos [(16, 26), (22, 30), (30, 46), (22, 40)]
current pos [(16, 26), (22, 30), (30, 46), (22, 40)]
after pos [(16, 28), (18, 32), (28, 46), (20, 40)]
current pos [(16, 28), (18, 32), (28, 46), (20, 40)]
after pos [(16, 30), (16, 32), (26, 46), (18, 40)]
current pos [(16, 30), (16, 32), (26, 46), (18, 40)]
after pos [(14, 30), (14, 32), (24, 44), (16, 40)]
current pos [(14, 30), (14, 32), (24, 44), (16, 40)]
after pos [(12, 30), (12, 32), (22, 44), (14, 40)]
current pos [(12, 30), (12, 32), (22, 44), (14, 40)]
after pos [(10, 30), (12, 34), (16, 42), (12, 40)]
current pos [(10, 30), (12, 34), (16, 42), (12, 40)]
after pos [(8, 30), (12, 36), (14, 42), (12, 42)]
current pos [(8, 30), (12, 36), (14, 42), (12, 42)]
after pos [(8, 28), (10, 38), (12, 44), (10, 46)]
current pos [(8, 28), (10, 38), (12, 44), (10, 46)]
after pos [(8, 26), (8, 38), (14, 48), (10, 48)]
current pos [(8, 26), (8, 38), (14, 48), (10, 48)]
after pos [(8, 12), (8, 40), (14, 50), (8, 48)]
current pos [(8, 12), (8, 40), (14, 50), (8, 48)]
after pos [(10, 10), (8, 42), (16, 50), (8, 50)]
current pos [(10, 10), (8, 42), (16, 50), (8, 50)]
after pos [(12, 10), (8, 44), (18, 50), (8, 52)]
current pos [(12, 10), (8, 44), (18, 50), (8, 52)]
after pos [(14, 10), (8, 46), (20, 50), (8, 54)]
current pos [(14, 10), (8, 46), (20, 50), (8, 54)]
after pos [(16, 10), (8, 56), (22, 50), (8, 58)]
current pos [(16, 10), (8, 56), (22, 50), (8, 58)]
after pos [(18, 10), (8, 60), (28, 48), (8, 62)]
current pos [(18, 10), (8, 60), (28, 48), (8, 62)]
after pos [(20, 10), (8, 64), (28, 50), (8, 66)]
current pos [(20, 10), (8, 64), (28, 50), (8, 66)]
after pos [(22, 12), (8, 68), (28, 52), (8, 70)]
current pos [(22, 12), (8, 68), (28, 52), (8, 70)]
after pos [(30, 8), (8, 72), (30, 58), (8, 74)]
current pos [(30, 8), (8, 72), (30, 58), (8, 74)]
after pos [(30, 10), (8, 76), (30, 60), (8, 88)]
current pos [(30, 10), (8, 76), (30, 60), (8, 88)]
after pos [(36, 10), (8, 90), (30, 62), (6, 88)]
current pos [(36, 10), (8, 90), (30, 62), (6, 88)]
after pos [(32, 12), (10, 88), (30, 64), (2, 88)]
current pos [(32, 12), (10, 88), (30, 64), (2, 88)]
after pos [(28, 14), (12, 86), (30, 66), (4, 86)]
current pos [(28, 14), (12, 86), (30, 66), (4, 86)]
after pos [(26, 16), (12, 84), (30, 68), (4, 84)]
current pos [(26, 16), (12, 84), (30, 68), (4, 84)]
after pos [(24, 16), (12, 82), (30, 70), (4, 82)]
current pos [(24, 16), (12, 82), (30, 70), (4, 82)]
after pos [(22, 16), (14, 80), (30, 72), (4, 72)]
current pos [(22, 16), (14, 80), (30, 72), (4, 72)]
after pos [(20, 16), (16, 80), (30, 74), (12, 76)]
current pos [(20, 16), (16, 80), (30, 74), (12, 76)]
after pos [(18, 16), (18, 80), (30, 76), (12, 74)]
current pos [(18, 16), (18, 80), (30, 76), (12, 74)]
after pos [(16, 16), (32, 80), (28, 76), (12, 72)]
current pos [(16, 16), (32, 80), (28, 76), (12, 72)]
after pos [(16, 14), (34, 80), (26, 76), (12, 70)]
current pos [(16, 14), (34, 80), (26, 76), (12, 70)]
after pos [(14, 14), (36, 80), (24, 76), (14, 70)]
current pos [(14, 14), (36, 80), (24, 76), (14, 70)]
after pos [(12, 14), (38, 80), (14, 76), (16, 70)]
current pos [(12, 14), (38, 80), (14, 76), (16, 70)]
after pos [(12, 16), (40, 80), (14, 72), (18, 70)]
current pos [(12, 16), (40, 80), (14, 72), (18, 70)]
after pos [(12, 18), (42, 80), (16, 72), (20, 70)]
current pos [(12, 18), (42, 80), (16, 72), (20, 70)]
after pos [(12, 20), (44, 80), (28, 72), (22, 70)]
current pos [(12, 20), (44, 80), (28, 72), (22, 70)]
after pos [(24, 20), (46, 80), (32, 72), (24, 70)]
current pos [(24, 20), (46, 80), (32, 72), (24, 70)]
after pos [(26, 20), (48, 80), (34, 72), (22, 68)]
current pos [(26, 20), (48, 80), (34, 72), (22, 68)]
after pos [(30, 20), (50, 80), (36, 72), (22, 66)]
current pos [(30, 20), (50, 80), (36, 72), (22, 66)]
after pos [(40, 20), (52, 80), (42, 74), (20, 66)]
current pos [(40, 20), (52, 80), (42, 74), (20, 66)]
after pos [(38, 18), (54, 80), (46, 72), (18, 68)]
current pos [(38, 18), (54, 80), (46, 72), (18, 68)]
after pos [(38, 16), (68, 80), (50, 74), (16, 66)]
current pos [(38, 16), (68, 80), (50, 74), (16, 66)]
after pos [(40, 14), (70, 82), (52, 74), (14, 66)]
current pos [(40, 14), (70, 82), (52, 74), (14, 66)]
after pos [(38, 8), (68, 86), (54, 74), (12, 66)]
current pos [(38, 8), (68, 86), (54, 74), (12, 66)]
after pos [(36, 8), (66, 86), (58, 72), (10, 66)]
current pos [(36, 8), (66, 86), (58, 72), (10, 66)]
after pos [(34, 8), (64, 86), (60, 72), (10, 72)]
current pos [(34, 8), (64, 86), (60, 72), (10, 72)]
after pos [(32, 8), (62, 86), (62, 72), (10, 84)]
current pos [(32, 8), (62, 86), (62, 72), (10, 84)]
after pos [(26, 8), (60, 84), (64, 72), (14, 84)]
current pos [(26, 8), (60, 84), (64, 72), (14, 84)]
after pos [(24, 8), (58, 84), (64, 74), (16, 84)]
current pos [(24, 8), (58, 84), (64, 74), (16, 84)]
after pos [(22, 8), (56, 84), (62, 74), (20, 86)]
current pos [(22, 8), (56, 84), (62, 74), (20, 86)]
after pos [(8, 8), (54, 84), (62, 78), (22, 86)]
current pos [(8, 8), (54, 84), (62, 78), (22, 86)]
after pos [(10, 14), (52, 84), (46, 78), (28, 88)]
current pos [(10, 14), (52, 84), (46, 78), (28, 88)]
after pos [(10, 28), (50, 84), (44, 78), (30, 88)]
current pos [(10, 28), (50, 84), (44, 78), (30, 88)]
after pos [(8, 36), (48, 84), (42, 78), (32, 88)]
current pos [(8, 36), (48, 84), (42, 78), (32, 88)]
after pos [(10, 42), (46, 84), (40, 78), (34, 88)]
current pos [(10, 42), (46, 84), (40, 78), (34, 88)]
after pos [(10, 50), (44, 84), (38, 78), (36, 88)]
current pos [(10, 50), (44, 84), (38, 78), (36, 88)]
after pos [(10, 64), (42, 82), (36, 78), (36, 86)]
current pos [(10, 64), (42, 82), (36, 78), (36, 86)]
after pos [(16, 64), (40, 82), (34, 78), (38, 86)]
current pos [(16, 64), (40, 82), (34, 78), (38, 86)]
after pos [(18, 64), (38, 82), (32, 78), (40, 86)]
current pos [(18, 64), (38, 82), (32, 78), (40, 86)]
after pos [(20, 64), (36, 82), (30, 78), (42, 86)]
current pos [(20, 64), (36, 82), (30, 78), (42, 86)]
after pos [(22, 64), (34, 82), (28, 78), (44, 86)]
current pos [(22, 64), (34, 82), (28, 78), (44, 86)]
after pos [(24, 66), (32, 82), (12, 78), (58, 86)]
current pos [(24, 66), (32, 82), (12, 78), (58, 86)]
after pos [(26, 66), (16, 82), (20, 82), (62, 90)]
current pos [(26, 66), (16, 82), (20, 82), (62, 90)]
after pos [(32, 68), (20, 84), (24, 84), (64, 88)]
current pos [(32, 68), (20, 84), (24, 84), (64, 88)]
after pos [(34, 68), (32, 86), (30, 86), (66, 88)]
current pos [(34, 68), (32, 86), (30, 86), (66, 88)]
after pos [(36, 68), (36, 84), (34, 86), (68, 88)]
current pos [(36, 68), (36, 84), (34, 86), (68, 88)]
after pos [(38, 68), (34, 84), (38, 88), (70, 86)]
current pos [(38, 68), (34, 84), (38, 88), (70, 86)]
after pos [(40, 68), (30, 84), (40, 88), (72, 86)]
current pos [(40, 68), (30, 84), (40, 88), (72, 86)]
after pos [(42, 68), (22, 88), (42, 88), (74, 86)]
current pos [(42, 68), (22, 88), (42, 88), (74, 86)]
after pos [(44, 68), (14, 88), (56, 88), (76, 84)]
current pos [(44, 68), (14, 88), (56, 88), (76, 84)]
after pos [(46, 68), (14, 86), (64, 84), (74, 82)]
current pos [(46, 68), (14, 86), (64, 84), (74, 82)]
after pos [(48, 68), (16, 86), (66, 82), (72, 82)]
current pos [(48, 68), (16, 86), (66, 82), (72, 82)]
after pos [(50, 68), (16, 92), (68, 74), (64, 82)]
current pos [(50, 68), (16, 92), (68, 74), (64, 82)]
after pos [(52, 70), (22, 90), (72, 74), (62, 82)]
current pos [(52, 70), (22, 90), (72, 74), (62, 82)]
after pos [(58, 68), (24, 90), (74, 76), (60, 82)]
│  map 8  steps=81  dist=[298.70950399122376, 285.9185772594903, 300.21002079206556, 265.3257975125431]  rmse=0.04247541
09605412  cov=10.270000249147415%  iou=0.8195652173913044  [199/200]
current pos [(58, 68), (24, 90), (74, 76), (60, 82)]
after pos [(58, 70), (26, 90), (74, 74), (58, 82)]
current pos [(58, 70), (26, 90), (74, 74), (58, 82)]
after pos [(58, 72), (28, 90), (74, 72), (56, 82)]
current pos [(58, 72), (28, 90), (74, 72), (56, 82)]
after pos [(58, 74), (30, 90), (74, 70), (54, 82)]
current pos [(58, 74), (30, 90), (74, 70), (54, 82)]
after pos [(56, 74), (30, 88), (70, 72), (50, 80)]
current pos [(56, 74), (30, 88), (70, 72), (50, 80)]
after pos [(54, 74), (30, 86), (66, 74), (46, 82)]
current pos [(54, 74), (30, 86), (66, 74), (46, 82)]
after pos [(52, 74), (30, 84), (66, 76), (40, 84)]
current pos [(52, 74), (30, 84), (66, 76), (40, 84)]
after pos [(48, 76), (28, 84), (66, 86), (40, 82)]
current pos [(48, 76), (28, 84), (66, 86), (40, 82)]
after pos [(44, 78), (22, 82), (66, 88), (40, 80)]
current pos [(44, 78), (22, 82), (66, 88), (40, 80)]
after pos [(42, 78), (22, 80), (64, 88), (40, 78)]
current pos [(42, 78), (22, 80), (64, 88), (40, 78)]
after pos [(42, 76), (20, 80), (62, 88), (38, 76)]
current pos [(42, 76), (20, 80), (62, 88), (38, 76)]
after pos [(42, 74), (18, 80), (60, 88), (36, 74)]
current pos [(42, 74), (18, 80), (60, 88), (36, 74)]
after pos [(42, 66), (16, 80), (58, 88), (34, 74)]
current pos [(42, 66), (16, 80), (58, 88), (34, 74)]
after pos [(40, 66), (14, 80), (56, 88), (32, 74)]
current pos [(40, 66), (14, 80), (56, 88), (32, 74)]
after pos [(26, 66), (12, 80), (54, 88), (30, 74)]
current pos [(26, 66), (12, 80), (54, 88), (30, 74)]
after pos [(24, 66), (12, 78), (52, 88), (24, 72)]
current pos [(24, 66), (12, 78), (52, 88), (24, 72)]
after pos [(22, 66), (10, 76), (50, 88), (22, 70)]
current pos [(22, 66), (10, 76), (50, 88), (22, 70)]
after pos [(22, 64), (10, 74), (48, 88), (20, 68)]
current pos [(22, 64), (10, 74), (48, 88), (20, 68)]
after pos [(20, 64), (8, 74), (34, 88), (18, 70)]
current pos [(20, 64), (8, 74), (34, 88), (18, 70)]
after pos [(18, 64), (8, 72), (34, 86), (16, 70)]
current pos [(18, 64), (8, 72), (34, 86), (16, 70)]
after pos [(16, 64), (8, 70), (34, 84), (14, 70)]
current pos [(16, 64), (8, 70), (34, 84), (14, 70)]
after pos [(14, 64), (8, 54), (34, 82), (14, 68)]
current pos [(14, 64), (8, 54), (34, 82), (14, 68)]
after pos [(12, 64), (8, 42), (34, 80), (12, 66)]
current pos [(12, 64), (8, 42), (34, 80), (12, 66)]
after pos [(10, 64), (8, 34), (34, 78), (12, 62)]
current pos [(10, 64), (8, 34), (34, 78), (12, 62)]
after pos [(10, 62), (8, 32), (34, 76), (12, 60)]
current pos [(10, 62), (8, 32), (34, 76), (12, 60)]
after pos [(10, 60), (8, 30), (34, 72), (14, 60)]
current pos [(10, 60), (8, 30), (34, 72), (14, 60)]
after pos [(10, 58), (8, 28), (34, 70), (16, 60)]
current pos [(10, 58), (8, 28), (34, 70), (16, 60)]
after pos [(12, 58), (8, 12), (32, 70), (18, 60)]
current pos [(12, 58), (8, 12), (32, 70), (18, 60)]
after pos [(18, 56), (10, 12), (30, 70), (20, 60)]
current pos [(18, 56), (10, 12), (30, 70), (20, 60)]
after pos [(20, 56), (16, 10), (28, 70), (22, 60)]
current pos [(20, 56), (16, 10), (28, 70), (22, 60)]
after pos [(22, 56), (18, 10), (28, 68), (36, 60)]
current pos [(22, 56), (18, 10), (28, 68), (36, 60)]
after pos [(24, 56), (22, 12), (30, 64), (36, 58)]
current pos [(24, 56), (22, 12), (30, 64), (36, 58)]
after pos [(26, 56), (24, 18), (32, 64), (34, 56)]
current pos [(26, 56), (24, 18), (32, 64), (34, 56)]
after pos [(28, 56), (26, 22), (34, 64), (32, 54)]
current pos [(28, 56), (26, 22), (34, 64), (32, 54)]
after pos [(30, 56), (28, 26), (36, 64), (32, 52)]
current pos [(30, 56), (28, 26), (36, 64), (32, 52)]
after pos [(30, 54), (28, 28), (42, 64), (30, 52)]
current pos [(30, 54), (28, 28), (42, 64), (30, 52)]
after pos [(28, 52), (28, 30), (42, 62), (30, 50)]
current pos [(28, 52), (28, 30), (42, 62), (30, 50)]
after pos [(26, 54), (28, 32), (42, 60), (30, 48)]
current pos [(26, 54), (28, 32), (42, 60), (30, 48)]
after pos [(24, 54), (26, 36), (40, 56), (32, 48)]
current pos [(24, 54), (26, 36), (40, 56), (32, 48)]
after pos [(22, 54), (26, 38), (40, 54), (28, 48)]
current pos [(22, 54), (26, 38), (40, 54), (28, 48)]
after pos [(20, 54), (24, 38), (40, 52), (26, 48)]
current pos [(20, 54), (24, 38), (40, 52), (26, 48)]
after pos [(18, 48), (24, 40), (38, 52), (24, 50)]
current pos [(18, 48), (24, 40), (38, 52), (24, 50)]
after pos [(22, 46), (24, 42), (38, 62), (22, 52)]
current pos [(22, 46), (24, 42), (38, 62), (22, 52)]
after pos [(28, 42), (28, 44), (36, 62), (16, 52)]
current pos [(28, 42), (28, 44), (36, 62), (16, 52)]
after pos [(34, 40), (32, 46), (34, 62), (14, 50)]
current pos [(34, 40), (32, 46), (34, 62), (14, 50)]
after pos [(34, 42), (34, 46), (32, 62), (12, 50)]
current pos [(34, 42), (34, 46), (32, 62), (12, 50)]
after pos [(34, 52), (36, 46), (30, 62), (10, 52)]
current pos [(34, 52), (36, 46), (30, 62), (10, 52)]
after pos [(38, 50), (38, 46), (28, 62), (10, 38)]
current pos [(38, 50), (38, 46), (28, 62), (10, 38)]
after pos [(40, 50), (38, 44), (14, 62), (12, 40)]
current pos [(40, 50), (38, 44), (14, 62), (12, 40)]
after pos [(40, 44), (36, 42), (12, 56), (14, 42)]
current pos [(40, 44), (36, 42), (12, 56), (14, 42)]
after pos [(36, 36), (36, 40), (12, 54), (16, 42)]
current pos [(36, 36), (36, 40), (12, 54), (16, 42)]
after pos [(26, 40), (28, 36), (16, 48), (18, 42)]
current pos [(26, 40), (28, 36), (16, 48), (18, 42)]
after pos [(22, 42), (24, 36), (16, 46), (18, 46)]
current pos [(22, 42), (24, 36), (16, 46), (18, 46)]
after pos [(20, 42), (22, 36), (16, 44), (12, 46)]
current pos [(20, 42), (22, 36), (16, 44), (12, 46)]
after pos [(20, 36), (22, 40), (12, 44), (12, 48)]
current pos [(20, 36), (22, 40), (12, 44), (12, 48)]
after pos [(18, 36), (18, 38), (12, 36), (10, 56)]
current pos [(18, 36), (18, 38), (12, 36), (10, 56)]
after pos [(16, 36), (16, 38), (12, 34), (18, 54)]
current pos [(16, 36), (16, 38), (12, 34), (18, 54)]
after pos [(14, 36), (16, 34), (12, 32), (22, 48)]
current pos [(14, 36), (16, 34), (12, 32), (22, 48)]
after pos [(14, 34), (16, 32), (12, 30), (28, 46)]
current pos [(14, 34), (16, 32), (12, 30), (28, 46)]
after pos [(14, 32), (18, 32), (12, 28), (34, 32)]
current pos [(14, 32), (18, 32), (12, 28), (34, 32)]
after pos [(14, 30), (20, 32), (12, 26), (34, 30)]
current pos [(14, 30), (20, 32), (12, 26), (34, 30)]
after pos [(16, 30), (22, 32), (12, 24), (34, 28)]
current pos [(16, 30), (22, 32), (12, 24), (34, 28)]
after pos [(20, 28), (26, 32), (14, 22), (36, 22)]
current pos [(20, 28), (26, 32), (14, 22), (36, 22)]
after pos [(20, 26), (32, 24), (16, 22), (38, 32)]
current pos [(20, 26), (32, 24), (16, 22), (38, 32)]
after pos [(20, 24), (34, 22), (18, 22), (40, 34)]
current pos [(20, 24), (34, 22), (18, 22), (40, 34)]
after pos [(22, 18), (32, 20), (22, 20), (40, 36)]
current pos [(22, 18), (32, 20), (22, 20), (40, 36)]
after pos [(26, 16), (32, 18), (26, 18), (40, 38)]
current pos [(26, 16), (32, 18), (26, 18), (40, 38)]
after pos [(28, 14), (30, 14), (36, 14), (44, 48)]
current pos [(28, 14), (30, 14), (36, 14), (44, 48)]
after pos [(28, 12), (34, 12), (38, 14), (44, 50)]
current pos [(28, 12), (34, 12), (38, 14), (44, 50)]
after pos [(28, 8), (38, 10), (40, 12), (44, 52)]
current pos [(28, 8), (38, 10), (40, 12), (44, 52)]
after pos [(26, 8), (38, 8), (42, 12), (44, 54)]
current pos [(26, 8), (38, 8), (42, 12), (44, 54)]
after pos [(24, 8), (40, 8), (42, 14), (44, 64)]
current pos [(24, 8), (40, 8), (42, 14), (44, 64)]
after pos [(22, 8), (42, 8), (42, 16), (44, 66)]
current pos [(22, 8), (42, 8), (42, 16), (44, 66)]
after pos [(8, 8), (44, 8), (42, 18), (44, 70)]
current pos [(8, 8), (44, 8), (42, 18), (44, 70)]
after pos [(8, 10), (46, 8), (42, 20), (32, 68)]
current pos [(8, 10), (46, 8), (42, 20), (32, 68)]
after pos [(10, 10), (56, 8), (42, 22), (30, 68)]
current pos [(10, 10), (56, 8), (42, 22), (30, 68)]
after pos [(10, 14), (54, 12), (42, 24), (24, 68)]
current pos [(10, 14), (54, 12), (42, 24), (24, 68)]
after pos [(10, 16), (52, 16), (40, 26), (20, 72)]
│  map 9  steps=77  dist=[262.01415841577875, 274.89727782998915, 243.62408458976978, 302.3947192792088]  rmse=0.0562317
4733811395  cov=10.000000149011612%  iou=0.697331740342493  [200/200]
└─ done

────────────────────────────────────────────────────────────
Total rows recorded : 6587
Results saved to    : /mnt/sdb/Alejandro_C/uncertainty-multiasv/scenario/results/experiments.csv
────────────────────────────────────────────────────────────

Per-(model, policy) summary (mean over episodes):
      model_name             policy  episodes  mean_rmse  final_rmse  mean_coverage  mean_iou
             edl     epsilon_greedy        10   0.026666    0.019129          9.255  0.886160
             edl      myopic_greedy        10   0.020716    0.014786          6.938  0.867729
             edl       orienteering        10   0.021204    0.013601          9.413  0.887124
             edl uncertainty_greedy        10   0.024552    0.015143          6.948  0.862684
        ensemble     epsilon_greedy        10   0.065366    0.058288          9.242  0.629532
        ensemble      myopic_greedy        10   0.082266    0.079584          6.481  0.566465
        ensemble       orienteering        10   0.077076    0.083287          9.465  0.625684
        ensemble uncertainty_greedy        10   0.084994    0.078242          6.834  0.535883
gaussian_process     epsilon_greedy        10   0.117772    0.079567          9.471  0.305305
gaussian_process      myopic_greedy        10   0.163022    0.151086          6.803  0.104761
gaussian_process       orienteering        10   0.091607    0.066436         10.491  0.383337
gaussian_process uncertainty_greedy        10   0.131252    0.136987          4.907  0.022628
       mcdropout     epsilon_greedy        10   0.075173    0.068594          9.091  0.495454
       mcdropout      myopic_greedy        10   0.090857    0.074467          6.809  0.408147
       mcdropout       orienteering        10   0.078617    0.053374          9.767  0.455637
       mcdropout uncertainty_greedy        10   0.086239    0.075809          6.629  0.394078
          myopic     epsilon_greedy        10   0.114226    0.084624          9.104  0.484222
          myopic      myopic_greedy        10   0.072750    0.034303          8.820  0.591589
          myopic       orienteering        10   0.093429    0.068116         10.026  0.511748
          myopic uncertainty_greedy        10   0.117020    0.089136         10.065  0.467660
(alec) azken@azken-W45:/mnt/sdb/Alejandro_C/uncertainty-multiasv$ tmux capture-pane -pS - > file2.out

