ale(base) azken@azken-W45:/mnt/sdb/Alejandro_C/uncertainty-multiasv$ alec
(alec) azken@azken-W45:/mnt/sdb/Alejandro_C$ cd uncertainty-multiasv/
(alec) azken@azken-W45:/mnt/sdb/Alejandro_C/uncertainty-multiasv$ python3 scenario/run_experiments.py
Loading EnsembleModel from /mnt/sdb/Alejandro_C/uncertainty-multiasv/scenario/../Weights/dataset_POINTWISE_Ensemble.pt …

Policies : ['myopic_greedy']
Models   : ['ensemble']
Maps     : 0 … 9  (10 total)
Output   : /mnt/sdb/Alejandro_C/uncertainty-multiasv/scenario/results/experiments.csv

┌─ model=ensemble  policy=myopic_greedy
^CTraceback (most recent call last):
  File "/mnt/sdb/Alejandro_C/uncertainty-multiasv/scenario/run_experiments.py", line 400, in <module>

  File "/mnt/sdb/Alejandro_C/uncertainty-multiasv/scenario/run_experiments.py", line 349, in main

  File "/mnt/sdb/Alejandro_C/uncertainty-multiasv/scenario/run_experiments.py", line 216, in run_episode
    while not done:
  File "/mnt/sdb/Alejandro_C/uncertainty-multiasv/scenario/extended_scenario.py", line 134, in step
    output = self.model.predict({"obs_map": obs_map, "obs_mask": obs_mask})
  File "/mnt/sdb/Alejandro_C/uncertainty-multiasv/scenario/models/MC_ensemble_model.py", line 280, in predict
    out = net(X_t)
  File "/home/azken/.local/lib/python3.10/site-packages/torch/nn/modules/module.py", line 1511, in _wrapped_call_impl
    return self._call_impl(*args, **kwargs)
  File "/home/azken/.local/lib/python3.10/site-packages/torch/nn/modules/module.py", line 1520, in _call_impl
    return forward_call(*args, **kwargs)
  File "/mnt/sdb/Alejandro_C/uncertainty-multiasv/scenario/models/unet_model.py", line 222, in forward
    features = self.forward_features(x)
  File "/mnt/sdb/Alejandro_C/uncertainty-multiasv/scenario/models/unet_model.py", line 207, in forward_features
    x = decoder(x, skip)
  File "/home/azken/.local/lib/python3.10/site-packages/torch/nn/modules/module.py", line 1511, in _wrapped_call_impl
    return self._call_impl(*args, **kwargs)
  File "/home/azken/.local/lib/python3.10/site-packages/torch/nn/modules/module.py", line 1520, in _call_impl
    return forward_call(*args, **kwargs)
  File "/mnt/sdb/Alejandro_C/uncertainty-multiasv/scenario/models/unet_model.py", line 92, in forward
    return self.conv(x)
  File "/home/azken/.local/lib/python3.10/site-packages/torch/nn/modules/module.py", line 1511, in _wrapped_call_impl
    return self._call_impl(*args, **kwargs)
  File "/home/azken/.local/lib/python3.10/site-packages/torch/nn/modules/module.py", line 1520, in _call_impl
    return forward_call(*args, **kwargs)
  File "/mnt/sdb/Alejandro_C/uncertainty-multiasv/scenario/models/unet_model.py", line 54, in forward
    return self.block(x)
  File "/home/azken/.local/lib/python3.10/site-packages/torch/nn/modules/module.py", line 1511, in _wrapped_call_impl
    return self._call_impl(*args, **kwargs)
  File "/home/azken/.local/lib/python3.10/site-packages/torch/nn/modules/module.py", line 1520, in _call_impl
    return forward_call(*args, **kwargs)
  File "/home/azken/.local/lib/python3.10/site-packages/torch/nn/modules/container.py", line 217, in forward
    input = module(input)
  File "/home/azken/.local/lib/python3.10/site-packages/torch/nn/modules/module.py", line 1508, in _wrapped_call_impl
    if self._compiled_call_impl is not None:
KeyboardInterrupt
^C^C^C^C^C^C
(alec) azken@azken-W45:/mnt/sdb/Alejandro_C/uncertainty-multiasv$ clear
(alec) azken@azken-W45:/mnt/sdb/Alejandro_C/uncertainty-multiasv$ python3 scenario/run_experiments.py
Loading EnsembleModel from /mnt/sdb/Alejandro_C/uncertainty-multiasv/scenario/../Weights/dataset_POINTWISE_Ensemble.pt …

Policies : ['myopic_greedy']
Models   : ['ensemble']
Maps     : 0 … 9  (10 total)
Output   : /mnt/sdb/Alejandro_C/uncertainty-multiasv/scenario/results/experiments.csv

┌─ model=ensemble  policy=myopic_greedy
Running episode …
Traceback (most recent call last):
  File "/mnt/sdb/Alejandro_C/uncertainty-multiasv/scenario/run_experiments.py", line 402, in <module>
    main()
  File "/mnt/sdb/Alejandro_C/uncertainty-multiasv/scenario/run_experiments.py", line 351, in main
    summary = run_episode(
  File "/mnt/sdb/Alejandro_C/uncertainty-multiasv/scenario/run_experiments.py", line 238, in run_episode
    print(f"Step {step:3d}  pos={env.position}  dist={info['distance']:.1f}  rmse={info['mse']**0.5:.4f}  cov={float(env.obs_mask.mean())*100:.1f}%  i
ou={info['iou']:.4f}")
TypeError: unsupported format string passed to list.__format__
(alec) azken@azken-W45:/mnt/sdb/Alejandro_C/uncertainty-multiasv$ python3 scenario/run_experiments.py
Loading EnsembleModel from /mnt/sdb/Alejandro_C/uncertainty-multiasv/scenario/../Weights/dataset_POINTWISE_Ensemble.pt …

Policies : ['myopic_greedy']
Models   : ['ensemble']
Maps     : 0 … 9  (10 total)
Output   : /mnt/sdb/Alejandro_C/uncertainty-multiasv/scenario/results/experiments.csv

┌─ model=ensemble  policy=myopic_greedy
Running episode …
Step 1  pos=[(20, 50), (30, 50), (20, 60), (30, 60)]  dist=[0.0, 0.0, 0.0, 0.0]  rmse=0.10546452019298252  cov=0.8200000040233135%  iou=0.230926430517
71117
Step 2  pos=[(8, 76), (9, 30), (9, 86), (9, 78)]  dist=[0.0, 0.0, 0.0, 0.0]  rmse=0.09407349741606554  cov=1.7500000074505806%  iou=0.2435185185185185
2
Step 3  pos=[(9, 90), (9, 14), (9, 88), (9, 49)]  dist=[0.0, 0.0, 0.0, 0.0]  rmse=0.07775050348187071  cov=2.3000000044703484%  iou=0.2930029154518950
5
Step 4  pos=[(33, 86), (8, 11), (33, 82), (11, 20)]  dist=[0.0, 0.0, 0.0, 0.0]  rmse=0.06848468874834009  cov=3.0899999663233757%  iou=0.4338624338624
3384
Step 5  pos=[(61, 78), (8, 9), (57, 78), (10, 11)]  dist=[0.0, 0.0, 0.0, 0.0]  rmse=0.062469480558319884  cov=3.7200000137090683%  iou=0.6501937984496
124
Step 6  pos=[(85, 86), (12, 13), (85, 82), (12, 11)]  dist=[0.0, 0.0, 0.0, 0.0]  rmse=0.06275808424328676  cov=4.239999875426292%  iou=0.7894736842105
263
Step 7  pos=[(68, 89), (12, 9), (56, 89), (14, 11)]  dist=[0.0, 0.0, 0.0, 0.0]  rmse=0.06524087936273941  cov=4.71000000834465%  iou=0.751116071428571
4
Step 8  pos=[(44, 89), (14, 9), (49, 89), (14, 13)]  dist=[0.0, 0.0, 0.0, 0.0]  rmse=0.06772370767577557  cov=4.960000142455101%  iou=0.73874862788144
89
Step 9  pos=[(64, 77), (12, 7), (52, 77), (14, 7)]  dist=[0.0, 0.0, 0.0, 0.0]  rmse=0.06533263253247469  cov=5.2799999713897705%  iou=0.73684210526315
79
Step 10  pos=[(50, 77), (10, 7), (28, 81), (16, 11)]  dist=[0.0, 0.0, 0.0, 0.0]  rmse=0.0636322057342638  cov=5.68000003695488%  iou=0.725215517241379
3
Step 11  pos=[(56, 75), (16, 7), (12, 73), (16, 13)]  dist=[0.0, 0.0, 0.0, 0.0]  rmse=0.06012503507676559  cov=5.9300001710653305%  iou=0.723358449946
1787
Step 12  pos=[(60, 75), (14, 15), (12, 85), (18, 11)]  dist=[0.0, 0.0, 0.0, 0.0]  rmse=0.06391487280841752  cov=6.1400000005960464%  iou=0.70041753653
44467
Step 13  pos=[(40, 77), (18, 9), (14, 69), (16, 15)]  dist=[0.0, 0.0, 0.0, 0.0]  rmse=0.06870228048703038  cov=6.430000066757202%  iou=0.6847492323439
099
Step 14  pos=[(18, 59), (18, 15), (8, 40), (18, 7)]  dist=[0.0, 0.0, 0.0, 0.0]  rmse=0.06515160580648338  cov=6.9200001657009125%  iou=0.6839959225280
327
Step 15  pos=[(18, 29), (20, 11), (20, 13), (20, 9)]  dist=[0.0, 0.0, 0.0, 0.0]  rmse=0.07403909434609383  cov=7.490000128746033%  iou=0.6692991115498
519
Step 16  pos=[(16, 17), (22, 11), (14, 17), (22, 13)]  dist=[0.0, 0.0, 0.0, 0.0]  rmse=0.08179138798695763  cov=7.71000012755394%  iou=0.6560999039385
207
Step 17  pos=[(14, 19), (22, 9), (22, 15), (22, 7)]  dist=[0.0, 0.0, 0.0, 0.0]  rmse=0.08586214023351027  cov=7.829999923706055%  iou=0.64678030303030
3
Step 18  pos=[(14, 21), (20, 19), (24, 11), (22, 17)]  dist=[0.0, 0.0, 0.0, 0.0]  rmse=0.08937762459989353  cov=7.980000227689743%  iou=0.633333333333
3333
Step 19  pos=[(24, 15), (22, 19), (24, 9), (26, 11)]  dist=[0.0, 0.0, 0.0, 0.0]  rmse=0.09058674650336838  cov=8.129999786615372%  iou=0.6247723132969
034
Step 20  pos=[(24, 7), (26, 9), (26, 15), (16, 5)]  dist=[0.0, 0.0, 0.0, 0.0]  rmse=0.0858063726949999  cov=8.309999853372574%  iou=0.6152466367713004
Step 21  pos=[(20, 5), (26, 7), (6, 9), (12, 5)]  dist=[0.0, 0.0, 0.0, 0.0]  rmse=0.0807374064280766  cov=8.470000326633453%  iou=0.620253164556962
Step 22  pos=[(20, 21), (6, 13), (24, 19), (20, 23)]  dist=[0.0, 0.0, 0.0, 0.0]  rmse=0.07542891258995398  cov=8.69000032544136%  iou=0.61635220125786
16
Step 23  pos=[(22, 21), (26, 19), (8, 7), (18, 3)]  dist=[0.0, 0.0, 0.0, 0.0]  rmse=0.07402072702744757  cov=8.910000324249268%  iou=0.609777777777777
8
Step 24  pos=[(26, 17), (6, 15), (14, 3), (10, 5)]  dist=[0.0, 0.0, 0.0, 0.0]  rmse=0.07352429736587847  cov=9.109999984502792%  iou=0.610863757791629
6
Step 25  pos=[(28, 11), (22, 23), (16, 27), (6, 7)]  dist=[0.0, 0.0, 0.0, 0.0]  rmse=0.0734325034389684  cov=9.359999746084213%  iou=0.602811950790861
1
Step 26  pos=[(28, 9), (30, 11), (22, 3), (24, 23)]  dist=[0.0, 0.0, 0.0, 0.0]  rmse=0.07455759123794076  cov=9.549999982118607%  iou=0.59342560553633
22
Step 27  pos=[(30, 9), (28, 7), (26, 5), (30, 15)]  dist=[0.0, 0.0, 0.0, 0.0]  rmse=0.07447429006901803  cov=9.719999879598618%  iou=0.592400690846286
7
Step 28  pos=[(30, 7), (10, 3), (20, 25), (7, 18)]  dist=[0.0, 0.0, 0.0, 0.0]  rmse=0.07177204320111141  cov=9.98999997973442%  iou=0.590869939707149
Step 29  pos=[(32, 11), (22, 25), (16, 1), (20, 3)]  dist=[0.0, 0.0, 0.0, 0.0]  rmse=0.069588372924019  cov=10.14999970793724%  iou=0.5843270868824532
Step 30  pos=[(7, 20), (13, 24), (28, 5), (30, 19)]  dist=[0.0, 0.0, 0.0, 0.0]  rmse=0.06506525506027605  cov=10.419999808073044%  iou=0.5944540727902
946
Step 31  pos=[(32, 15), (30, 23), (12, 1), (24, 1)]  dist=[0.0, 0.0, 0.0, 0.0]  rmse=0.05719636333484006  cov=10.71999967098236%  iou=0.60175438596491
23
Step 32  pos=[(28, 21), (6, 22), (8, 4), (32, 13)]  dist=[0.0, 0.0, 0.0, 0.0]  rmse=0.059836572333057614  cov=10.96000000834465%  iou=0.59965034965034
97
Step 33  pos=[(32, 7), (20, 27), (34, 11), (26, 27)]  dist=[0.0, 0.0, 0.0, 0.0]  rmse=0.05623693521423872  cov=11.230000108480453%  iou=0.603873239436
6197
Step 34  pos=[(34, 9), (30, 5), (34, 15), (4, 13)]  dist=[0.0, 0.0, 0.0, 0.0]  rmse=0.055249991347346775  cov=11.429999768733978%  iou=0.6022827041264
267
Step 35  pos=[(22, 27), (4, 10), (14, 31), (16, 29)]  dist=[0.0, 0.0, 0.0, 0.0]  rmse=0.04947176860204271  cov=11.739999800920486%  iou=0.606354810238
3054
Step 36  pos=[(6, 4), (6, 25), (32, 19), (8, 1)]  dist=[0.0, 0.0, 0.0, 0.0]  rmse=0.044534445635423914  cov=12.080000340938568%  iou=0.617805755395683
5
Step 37  pos=[(22, 1), (20, 30), (36, 9), (28, 3)]  dist=[0.0, 0.0, 0.0, 0.0]  rmse=0.04477660126541818  cov=12.370000034570694%  iou=0.62059620596205
97
Step 38  pos=[(34, 19), (36, 7), (32, 5), (36, 15)]  dist=[0.0, 0.0, 0.0, 0.0]  rmse=0.04384603943424542  cov=12.620000541210175%  iou=0.6325966850828
729
Step 39  pos=[(28, 1), (32, 22), (4, 8), (30, 29)]  dist=[0.0, 0.0, 0.0, 0.0]  rmse=0.04299714494045584  cov=12.939999997615814%  iou=0.67352941176470
59
Step 40  pos=[(38, 15), (26, 31), (23, 29), (38, 11)]  dist=[0.0, 0.0, 0.0, 0.0]  rmse=0.04053556548449921  cov=13.189999759197235%  iou=0.6708984375
Step 41  pos=[(38, 9), (34, 25), (4, 6), (38, 19)]  dist=[0.0, 0.0, 0.0, 0.0]  rmse=0.039923078323824704  cov=13.359999656677246%  iou=0.6741903827281
649
Step 42  pos=[(36, 5), (8, 32), (6, 28), (22, 31)]  dist=[0.0, 0.0, 0.0, 0.0]  rmse=0.03981356827522457  cov=13.729999959468842%  iou=0.69323915237134
2
Step 43  pos=[(40, 9), (15, 33), (4, 3), (40, 13)]  dist=[0.0, 0.0, 0.0, 0.0]  rmse=0.03999178409484737  cov=13.940000534057617%  iou=0.69635627530364
37
Step 44  pos=[(40, 11), (8, 35), (6, 1), (34, 3)]  dist=[0.0, 0.0, 0.0, 0.0]  rmse=0.03991238541224121  cov=14.069999754428864%  iou=0.695121951219512
1
Step 45  pos=[(32, 1), (1, 18), (2, 8), (32, 32)]  dist=[0.0, 0.0, 0.0, 0.0]  rmse=0.039270130817799925  cov=14.440000057220459%  iou=0.72834224598930
49
Step 46  pos=[(47, 9), (2, 10), (2, 4), (24, 33)]  dist=[0.0, 0.0, 0.0, 0.0]  rmse=0.03898182226568774  cov=14.779999852180481%  iou=0.728249194414608
Step 47  pos=[(36, 1), (20, 32), (2, 1), (40, 19)]  dist=[0.0, 0.0, 0.0, 0.0]  rmse=0.03976362407677144  cov=15.029999613761902%  iou=0.73484848484848
49
Step 48  pos=[(40, 17), (36, 25), (3, 18), (42, 13)]  dist=[0.0, 0.0, 0.0, 0.0]  rmse=0.039754037684133096  cov=15.320000052452087%  iou=0.74285714285
71429
Step 49  pos=[(43, 31), (12, 37), (21, 34), (38, 24)]  dist=[0.0, 0.0, 0.0, 0.0]  rmse=0.04023098306339168  cov=15.700000524520874%  iou=0.74392935982
33996
Step 50  pos=[(42, 11), (12, 39), (30, 37), (32, 36)]  dist=[0.0, 0.0, 0.0, 0.0]  rmse=0.04031044443521237  cov=16.089999675750732%  iou=0.73493975903
61446
Step 51  pos=[(54, 9), (20, 37), (12, 41), (40, 25)]  dist=[0.0, 0.0, 0.0, 0.0]  rmse=0.0404500770523834  cov=16.519999504089355%  iou=0.7356828193832
6
Step 52  pos=[(42, 9), (22, 37), (6, 35), (40, 1)]  dist=[0.0, 0.0, 0.0, 0.0]  rmse=0.04048097065796015  cov=16.79999977350235%  iou=0.734649122807017
6
Step 53  pos=[(48, 7), (44, 19), (34, 28), (44, 13)]  dist=[0.0, 0.0, 0.0, 0.0]  rmse=0.04051365391338645  cov=17.090000212192535%  iou=0.731733914940
0218
Step 54  pos=[(44, 15), (44, 17), (53, 30), (38, 31)]  dist=[0.0, 0.0, 0.0, 0.0]  rmse=0.04059575953099982  cov=17.399999499320984%  iou=0.72796517954
29815
Step 55  pos=[(48, 27), (46, 5), (46, 27), (30, 35)]  dist=[0.0, 0.0, 0.0, 0.0]  rmse=0.04067032937506733  cov=17.67999976873398%  iou=0.7260869565217
392
Step 56  pos=[(46, 39), (46, 15), (46, 37), (4, 30)]  dist=[0.0, 0.0, 0.0, 0.0]  rmse=0.04070453658054183  cov=18.050000071525574%  iou=0.725298588490
7709
Step 57  pos=[(38, 41), (36, 40), (24, 41), (4, 33)]  dist=[0.0, 0.0, 0.0, 0.0]  rmse=0.04083428714045316  cov=18.529999256134033%  iou=0.724212812160
6949
Step 58  pos=[(34, 37), (40, 35), (16, 63), (12, 43)]  dist=[0.0, 0.0, 0.0, 0.0]  rmse=0.04090874802478533  cov=18.82999986410141%  iou=0.722222222222
2222
Step 59  pos=[(36, 35), (24, 47), (42, 75), (20, 65)]  dist=[0.0, 0.0, 0.0, 0.0]  rmse=0.04104236174120314  cov=19.32000070810318%  iou=0.722222222222
2222
Step 60  pos=[(26, 43), (34, 69), (20, 83), (12, 49)]  dist=[0.0, 0.0, 0.0, 0.0]  rmse=0.04120092315490255  cov=19.88999992609024%  iou=0.723799126637
5546
Step 61  pos=[(14, 57), (30, 77), (38, 71), (30, 47)]  dist=[0.0, 0.0, 0.0, 0.0]  rmse=0.041319590710004635  cov=20.309999585151672%  iou=0.7237991266
375546
Step 62  pos=[(28, 75), (40, 89), (64, 85), (20, 45)]  dist=[0.0, 0.0, 0.0, 0.0]  rmse=0.04143679606613279  cov=20.730000734329224%  iou=0.72379912663
75546
Step 63  pos=[(42, 71), (62, 75), (90, 89), (20, 43)]  dist=[0.0, 0.0, 0.0, 0.0]  rmse=0.041553135734350016  cov=21.160000562667847%  iou=0.7237991266
375546
Step 64  pos=[(58, 73), (40, 69), (76, 79), (30, 45)]  dist=[0.0, 0.0, 0.0, 0.0]  rmse=0.041698873013709156  cov=21.67000025510788%  iou=0.72379912663
75546
Step 65  pos=[(56, 71), (48, 69), (66, 83), (16, 45)]  dist=[0.0, 0.0, 0.0, 0.0]  rmse=0.04175450180300629  cov=21.860000491142273%  iou=0.72459016393
44262
Step 66  pos=[(38, 69), (32, 46), (66, 77), (16, 43)]  dist=[0.0, 0.0, 0.0, 0.0]  rmse=0.04186329216007903  cov=22.24999964237213%  iou=0.723497267759
5628
Step 67  pos=[(40, 67), (44, 67), (54, 69), (11, 46)]  dist=[0.0, 0.0, 0.0, 0.0]  rmse=0.041963575840061336  cov=22.579999268054962%  iou=0.7227074235
80786
Step 68  pos=[(62, 72), (64, 73), (58, 69), (2, 27)]  dist=[0.0, 0.0, 0.0, 0.0]  rmse=0.042014462639883926  cov=22.949999570846558%  iou=0.72428884026
25821
Step 69  pos=[(52, 67), (54, 67), (48, 65), (6, 45)]  dist=[0.0, 0.0, 0.0, 0.0]  rmse=0.04212194731904453  cov=23.280000686645508%  iou=0.723497267759
5628
Step 70  pos=[(58, 67), (54, 65), (62, 69), (2, 35)]  dist=[0.0, 0.0, 0.0, 0.0]  rmse=0.04218407662285998  cov=23.499999940395355%  iou=0.725877192982
4561
Step 71  pos=[(56, 65), (58, 65), (54, 87), (6, 47)]  dist=[0.0, 0.0, 0.0, 0.0]  rmse=0.042244370196522614  cov=23.69000017642975%  iou=0.725877192982
4561
Step 72  pos=[(56, 87), (52, 87), (36, 69), (11, 65)]  dist=[0.0, 0.0, 0.0, 0.0]  rmse=0.04237328495882751  cov=24.12000000476837%  iou=0.725877192982
4561
Step 73  pos=[(56, 63), (36, 67), (54, 63), (40, 65)]  dist=[0.0, 0.0, 0.0, 0.0]  rmse=0.04249822448298194  cov=24.549999833106995%  iou=0.72667398463
22722
Step 74  pos=[(48, 63), (36, 63), (34, 63), (60, 85)]  dist=[0.0, 0.0, 0.0, 0.0]  rmse=0.04257655649402129  cov=24.84000027179718%  iou=0.728272827282
7282
Step 75  pos=[(74, 77), (36, 42), (22, 75), (76, 68)]  dist=[0.0, 0.0, 0.0, 0.0]  rmse=0.04274458962959192  cov=25.450000166893005%  iou=0.72987872105
84344
Step 76  pos=[(70, 77), (47, 18), (20, 73), (64, 69)]  dist=[0.0, 0.0, 0.0, 0.0]  rmse=0.0428398336065459  cov=25.760000944137573%  iou=0.726673984632
2722
Step 77  pos=[(62, 67), (42, 1), (22, 71), (58, 63)]  dist=[0.0, 0.0, 0.0, 0.0]  rmse=0.0429062008760203  cov=25.949999690055847%  iou=0.7253829321663
02
Step 78  pos=[(66, 67), (48, 15), (4, 47), (80, 79)]  dist=[0.0, 0.0, 0.0, 0.0]  rmse=0.043045775506348964  cov=26.39000117778778%  iou=0.722222222222
2222
Step 79  pos=[(64, 65), (49, 12), (24, 57), (86, 71)]  dist=[0.0, 0.0, 0.0, 0.0]  rmse=0.04310423585444787  cov=26.60999894142151%  iou=0.726177437020
8105
Step 80  pos=[(42, 57), (48, 21), (14, 83), (88, 85)]  dist=[0.0, 0.0, 0.0, 0.0]  rmse=0.0433021824403113  cov=27.18999981880188%  iou=0.7250821467688
937
Step 81  pos=[(32, 57), (44, 1), (16, 83), (86, 64)]  dist=[0.0, 0.0, 0.0, 0.0]  rmse=0.04339349312948009  cov=27.500000596046448%  iou=0.723497267759
5628
Step 82  pos=[(18, 79), (51, 12), (36, 89), (68, 67)]  dist=[0.0, 0.0, 0.0, 0.0]  rmse=0.04357301979475845  cov=28.08000147342682%  iou=0.724590163934
4262
Step 83  pos=[(18, 81), (59, 9), (50, 91), (42, 55)]  dist=[0.0, 0.0, 0.0, 0.0]  rmse=0.04370457886356445  cov=28.47999930381775%  iou=0.7237991266375
546
Step 84  pos=[(36, 87), (50, 7), (78, 89), (64, 63)]  dist=[0.0, 0.0, 0.0, 0.0]  rmse=0.04389552368878018  cov=29.089999198913574%  iou=0.723009814612
8681
Step 85  pos=[(26, 89), (48, 3), (68, 65), (48, 55)]  dist=[0.0, 0.0, 0.0, 0.0]  rmse=0.04401152311834991  cov=29.440000653266907%  iou=0.722222222222
2222
Step 86  pos=[(6, 73), (48, 1), (42, 53), (26, 57)]  dist=[0.0, 0.0, 0.0, 0.0]  rmse=0.04415359412039996  cov=29.8799991607666%  iou=0.720652173913043
5
Step 87  pos=[(6, 71), (56, 20), (48, 53), (50, 53)]  dist=[0.0, 0.0, 0.0, 0.0]  rmse=0.04425968469227111  cov=30.219998955726624%  iou=0.721436343852
013
Step 88  pos=[(6, 69), (50, 25), (30, 53), (32, 53)]  dist=[0.0, 0.0, 0.0, 0.0]  rmse=0.044319659135145746  cov=30.399999022483826%  iou=0.72065217391
30435
Step 89  pos=[(6, 67), (50, 21), (38, 47), (22, 53)]  dist=[0.0, 0.0, 0.0, 0.0]  rmse=0.04438308842745628  cov=30.59000074863434%  iou=0.7206521739130
435
Step 90  pos=[(6, 65), (38, 45), (40, 47), (38, 43)]  dist=[0.0, 0.0, 0.0, 0.0]  rmse=0.044483209512983575  cov=30.910000205039978%  iou=0.71986970684
03909
Step 91  pos=[(6, 63), (50, 19), (34, 43), (62, 59)]  dist=[0.0, 0.0, 0.0, 0.0]  rmse=0.04461556418836836  cov=31.299999356269836%  iou=0.720652173913
0435
Step 92  pos=[(6, 61), (52, 27), (48, 47), (42, 43)]  dist=[0.0, 0.0, 0.0, 0.0]  rmse=0.04470848890638866  cov=31.589999794960022%  iou=0.719869706840
3909
Step 93  pos=[(4, 61), (46, 43), (48, 45), (50, 47)]  dist=[0.0, 0.0, 0.0, 0.0]  rmse=0.04478930264479613  cov=31.83000087738037%  iou=0.7198697068403
909
Step 94  pos=[(4, 59), (48, 43), (52, 19), (74, 55)]  dist=[0.0, 0.0, 0.0, 0.0]  rmse=0.0449271380409757  cov=32.249999046325684%  iou=0.7195652173913
043
Step 95  pos=[(4, 57), (56, 47), (50, 43), (68, 63)]  dist=[0.0, 0.0, 0.0, 0.0]  rmse=0.04503068754687396  cov=32.57000148296356%  iou=0.7203482045701
85
Step 96  pos=[(4, 55), (61, 34), (51, 14), (62, 49)]  dist=[0.0, 0.0, 0.0, 0.0]  rmse=0.04515159479815906  cov=32.94000029563904%  iou=0.7211328976034
859
Step 97  pos=[(2, 53), (58, 47), (64, 9), (58, 53)]  dist=[0.0, 0.0, 0.0, 0.0]  rmse=0.04525365831869449  cov=33.230000734329224%  iou=0.7203482045701
85
Step 98  pos=[(1, 47), (62, 25), (63, 27), (32, 44)]  dist=[0.0, 0.0, 0.0, 0.0]  rmse=0.045426773291883965  cov=33.730000257492065%  iou=0.72034820457
0185
Step 99  pos=[(4, 51), (52, 5), (56, 15), (6, 55)]  dist=[0.0, 0.0, 0.0, 0.0]  rmse=0.045555423319622326  cov=34.11000072956085%  iou=0.72034820457018
5
Step 100  pos=[(2, 45), (50, 1), (52, 41), (6, 59)]  dist=[0.0, 0.0, 0.0, 0.0]  rmse=0.045695948852488295  cov=34.49999988079071%  iou=0.7195652173913
043
Step 101  pos=[(2, 41), (56, 29), (56, 27), (20, 58)]  dist=[0.0, 0.0, 0.0, 0.0]  rmse=0.04582862668408245  cov=34.8800003528595%  iou=0.7172264355362
947
Step 102  pos=[(1, 23), (54, 41), (54, 5), (26, 76)]  dist=[0.0, 0.0, 0.0, 0.0]  rmse=0.04594048390217941  cov=35.37000119686127%  iou=0.7183098591549
296
Step 103  pos=[(16, 15), (54, 43), (52, 1), (24, 90)]  dist=[0.0, 0.0, 0.0, 0.0]  rmse=0.04561237205356489  cov=35.519999265670776%  iou=0.72065217391
30435
Step 104  pos=[(16, 15), (60, 55), (54, 1), (26, 91)]  dist=[0.0, 0.0, 0.0, 0.0]  rmse=0.04565314174149529  cov=35.64000129699707%  iou=0.720652173913
0435
Step 105  pos=[(16, 15), (60, 47), (58, 29), (14, 91)]  dist=[0.0, 0.0, 0.0, 0.0]  rmse=0.045773953692072517  cov=35.98000109195709%  iou=0.7198697068
403909
Step 106  pos=[(16, 15), (64, 49), (56, 39), (4, 63)]  dist=[0.0, 0.0, 0.0, 0.0]  rmse=0.04587877136314574  cov=36.28000020980835%  iou=0.720652173913
0435
Step 107  pos=[(16, 15), (78, 75), (62, 45), (4, 69)]  dist=[0.0, 0.0, 0.0, 0.0]  rmse=0.04598664624081257  cov=36.570000648498535%  iou=0.72065217391
30435
Step 108  pos=[(16, 15), (80, 75), (68, 51), (2, 57)]  dist=[0.0, 0.0, 0.0, 0.0]  rmse=0.04604406538052444  cov=36.73999905586243%  iou=0.720652173913
0435
Step 109  pos=[(16, 15), (80, 73), (44, 42), (6, 76)]  dist=[0.0, 0.0, 0.0, 0.0]  rmse=0.04612662276670497  cov=36.95000112056732%  iou=0.720652173913
0435
Step 110  pos=[(16, 15), (90, 85), (54, 56), (1, 55)]  dist=[0.0, 0.0, 0.0, 0.0]  rmse=0.046192392072581724  cov=37.11999952793121%  iou=0.72065217391
30435
Step 111  pos=[(16, 15), (80, 71), (78, 71), (6, 81)]  dist=[0.0, 0.0, 0.0, 0.0]  rmse=0.04634829234600212  cov=37.529999017715454%  iou=0.72065217391
30435
Step 112  pos=[(16, 15), (90, 81), (58, 86), (2, 69)]  dist=[0.0, 0.0, 0.0, 0.0]  rmse=0.04645154338521775  cov=37.81999945640564%  iou=0.720652173913
0435
Step 113  pos=[(16, 15), (83, 80), (61, 81), (1, 67)]  dist=[0.0, 0.0, 0.0, 0.0]  rmse=0.04648587771399012  cov=37.90000081062317%  iou=0.720652173913
0435
Step 114  pos=[(16, 15), (82, 90), (74, 63), (6, 83)]  dist=[0.0, 0.0, 0.0, 0.0]  rmse=0.04657496852634378  cov=38.1199985742569%  iou=0.7198697068403
909
Step 115  pos=[(16, 15), (80, 90), (74, 44), (6, 85)]  dist=[0.0, 0.0, 0.0, 0.0]  rmse=0.04666048626645291  cov=38.339999318122864%  iou=0.71986970684
03909
Step 116  pos=[(16, 15), (76, 63), (82, 53), (2, 76)]  dist=[0.0, 0.0, 0.0, 0.0]  rmse=0.04678620680541785  cov=38.679999113082886%  iou=0.71986970684
03909
Step 117  pos=[(16, 15), (71, 35), (70, 33), (2, 81)]  dist=[0.0, 0.0, 0.0, 0.0]  rmse=0.046956914615510055  cov=39.12000060081482%  iou=0.71908893709
32755
Step 118  pos=[(16, 15), (70, 9), (71, 11), (1, 65)]  dist=[0.0, 0.0, 0.0, 0.0]  rmse=0.04717311831020713  cov=39.6699994802475%  iou=0.71830985915492
96
Step 119  pos=[(16, 15), (76, 9), (60, 17), (25, 55)]  dist=[0.0, 0.0, 0.0, 0.0]  rmse=0.047276922030546994  cov=39.93000090122223%  iou=0.71753246753
24676
Step 120  pos=[(16, 15), (60, 13), (58, 7), (34, 76)]  dist=[0.0, 0.0, 0.0, 0.0]  rmse=0.047417052214636254  cov=40.25999903678894%  iou=0.71598272138
22895
Step 121  pos=[(16, 15), (68, 9), (66, 9), (38, 91)]  dist=[0.0, 0.0, 0.0, 0.0]  rmse=0.047502718007757294  cov=40.47999978065491%  iou=0.715982721382
2895
Step 122  pos=[(16, 15), (58, 5), (56, 3), (36, 91)]  dist=[0.0, 0.0, 0.0, 0.0]  rmse=0.04756576965681705  cov=40.63999950885773%  iou=0.7152103559870
551
Step 123  pos=[(16, 15), (56, 1), (58, 1), (34, 91)]  dist=[0.0, 0.0, 0.0, 0.0]  rmse=0.04759273057839611  cov=40.709999203681946%  iou=0.714439655172
4138
Step 124  pos=[(16, 15), (64, 5), (60, 3), (28, 72)]  dist=[0.0, 0.0, 0.0, 0.0]  rmse=0.047668830684511304  cov=40.90000092983246%  iou=0.714439655172
4138
Step 125  pos=[(16, 15), (62, 1), (68, 7), (30, 72)]  dist=[0.0, 0.0, 0.0, 0.0]  rmse=0.04771031240681847  cov=40.99999964237213%  iou=0.7144396551724
138
Step 126  pos=[(16, 15), (64, 1), (78, 30), (21, 80)]  dist=[0.0, 0.0, 0.0, 0.0]  rmse=0.047811717844312485  cov=41.269999742507935%  iou=0.7152103559
870551
Step 127  pos=[(16, 15), (70, 7), (68, 47), (40, 86)]  dist=[0.0, 0.0, 0.0, 0.0]  rmse=0.04793659751097269  cov=41.5800005197525%  iou=0.7152103559870
551
Step 128  pos=[(16, 15), (59, 24), (66, 45), (69, 84)]  dist=[0.0, 0.0, 0.0, 0.0]  rmse=0.048053897561551595  cov=41.87999963760376%  iou=0.7136706135
629709
Step 129  pos=[(16, 15), (68, 43), (64, 43), (62, 55)]  dist=[0.0, 0.0, 0.0, 0.0]  rmse=0.04821015309827079  cov=42.239999771118164%  iou=0.7129032258
064516
Step 130  pos=[(16, 15), (70, 39), (64, 29), (66, 33)]  dist=[0.0, 0.0, 0.0, 0.0]  rmse=0.04833241607937043  cov=42.53000020980835%  iou=0.71397849462
36559
Step 131  pos=[(16, 15), (66, 31), (66, 29), (68, 35)]  dist=[0.0, 0.0, 0.0, 0.0]  rmse=0.048380073992204245  cov=42.64000058174133%  iou=0.7139784946
236559
Step 132  pos=[(16, 15), (62, 39), (62, 41), (89, 56)]  dist=[0.0, 0.0, 0.0, 0.0]  rmse=0.04849818095364237  cov=42.91999936103821%  iou=0.71397849462
36559
Step 133  pos=[(16, 15), (80, 63), (72, 51), (90, 78)]  dist=[0.0, 0.0, 0.0, 0.0]  rmse=0.04867875856842638  cov=43.34000051021576%  iou=0.71397849462
36559
Step 134  pos=[(16, 15), (76, 53), (78, 57), (76, 91)]  dist=[0.0, 0.0, 0.0, 0.0]  rmse=0.04877496209420521  cov=43.549999594688416%  iou=0.7139784946
236559
Step 135  pos=[(16, 15), (76, 51), (78, 53), (82, 69)]  dist=[0.0, 0.0, 0.0, 0.0]  rmse=0.048856988958697334  cov=43.72999966144562%  iou=0.7139784946
236559
Step 136  pos=[(16, 15), (76, 49), (80, 69), (86, 40)]  dist=[0.0, 0.0, 0.0, 0.0]  rmse=0.04901723480499574  cov=44.10000145435333%  iou=0.71397849462
36559
Step 137  pos=[(16, 15), (84, 67), (74, 91), (84, 69)]  dist=[0.0, 0.0, 0.0, 0.0]  rmse=0.049210394327927134  cov=44.519999623298645%  iou=0.713978494
6236559
Step 138  pos=[(16, 15), (82, 57), (85, 90), (97, 65)]  dist=[0.0, 0.0, 0.0, 0.0]  rmse=0.04930773979936807  cov=44.7299987077713%  iou=0.713978494623
6559
Step 139  pos=[(16, 15), (86, 33), (97, 73), (82, 55)]  dist=[0.0, 0.0, 0.0, 0.0]  rmse=0.04952191035396469  cov=45.210000872612%  iou=0.7139784946236
559
Step 140  pos=[(16, 15), (96, 49), (94, 46), (96, 51)]  dist=[0.0, 0.0, 0.0, 0.0]  rmse=0.049755172331673946  cov=45.71000039577484%  iou=0.7139784946
236559
Step 141  pos=[(16, 15), (74, 33), (86, 24), (76, 39)]  dist=[0.0, 0.0, 0.0, 0.0]  rmse=0.05000554981574661  cov=46.23999893665314%  iou=0.71321160042
96455
Step 142  pos=[(16, 15), (76, 37), (88, 10), (86, 11)]  dist=[0.0, 0.0, 0.0, 0.0]  rmse=0.05020929755863579  cov=46.68000042438507%  iou=0.71321160042
96455
Step 143  pos=[(16, 15), (80, 35), (72, 7), (96, 9)]  dist=[0.0, 0.0, 0.0, 0.0]  rmse=0.05033844216062759  cov=46.950000524520874%  iou=0.713211600429
6455
Step 144  pos=[(16, 15), (80, 33), (96, 25), (97, 29)]  dist=[0.0, 0.0, 0.0, 0.0]  rmse=0.05054166100686218  cov=47.3800003528595%  iou=0.713211600429
6455
Step 145  pos=[(16, 15), (72, 5), (74, 31), (84, 33)]  dist=[0.0, 0.0, 0.0, 0.0]  rmse=0.05079862636599576  cov=47.90000021457672%  iou=0.712446351931
3304
Step 146  pos=[(16, 15), (74, 29), (84, 31), (66, 17)]  dist=[0.0, 0.0, 0.0, 0.0]  rmse=0.050970250776667544  cov=48.249998688697815%  iou=0.712446351
9313304
Step 147  pos=[(16, 15), (74, 5), (68, 15), (70, 3)]  dist=[0.0, 0.0, 0.0, 0.0]  rmse=0.051088483488692285  cov=48.48000109195709%  iou=0.712446351931
3304
Step 148  pos=[(16, 15), (70, 1), (68, 1), (72, 3)]  dist=[0.0, 0.0, 0.0, 0.0]  rmse=0.051144376766472946  cov=48.60000014305115%  iou=0.7124463519313
304
Step 149  pos=[(16, 15), (66, 27), (68, 31), (66, 25)]  dist=[0.0, 0.0, 0.0, 0.0]  rmse=0.051320302891973535  cov=48.9300012588501%  iou=0.71168274383
70846
Step 150  pos=[(16, 15), (73, 1), (82, 45), (78, 19)]  dist=[0.0, 0.0, 0.0, 0.0]  rmse=0.0514259472788888  cov=49.12000000476837%  iou=0.7116827438370
846
Step 151  pos=[(16, 15), (78, 17), (82, 35), (76, 5)]  dist=[0.0, 0.0, 0.0, 0.0]  rmse=0.05155728514266622  cov=49.3800014257431%  iou=0.7116827438370
846
Step 152  pos=[(16, 15), (76, 3), (80, 19), (82, 17)]  dist=[0.0, 0.0, 0.0, 0.0]  rmse=0.05167761022872255  cov=49.59999918937683%  iou=0.711682743837
0846
Step 153  pos=[(16, 15), (78, 5), (80, 17), (75, 1)]  dist=[0.0, 0.0, 0.0, 0.0]  rmse=0.05173101946269648  cov=49.70000088214874%  iou=0.7116827438370
846
Step 154  pos=[(16, 15), (65, 20), (84, 35), (65, 22)]  dist=[0.0, 0.0, 0.0, 0.0]  rmse=0.05187165587774404  cov=49.9099999666214%  iou=0.710160427807
4867
Step 155  pos=[(16, 15), (77, 1), (70, 56), (83, 12)]  dist=[0.0, 0.0, 0.0, 0.0]  rmse=0.05200254860837024  cov=50.15000104904175%  iou=0.710160427807
4867
Step 156  pos=[(16, 15), (84, 25), (88, 51), (98, 36)]  dist=[0.0, 0.0, 0.0, 0.0]  rmse=0.05223245977604266  cov=50.59000253677368%  iou=0.71016042780
74867
Step 157  pos=[(16, 15), (88, 49), (92, 75), (90, 29)]  dist=[0.0, 0.0, 0.0, 0.0]  rmse=0.05244304842659786  cov=50.98000168800354%  iou=0.71016042780
74867
Step 158  pos=[(16, 15), (87, 62), (88, 91), (82, 7)]  dist=[0.0, 0.0, 0.0, 0.0]  rmse=0.05261438237311852  cov=51.30000114440918%  iou=0.710160427807
4867
Step 159  pos=[(16, 15), (91, 87), (90, 91), (80, 5)]  dist=[0.0, 0.0, 0.0, 0.0]  rmse=0.0527502473150519  cov=51.53999924659729%  iou=0.7101604278074
867
Step 160  pos=[(16, 15), (94, 73), (97, 83), (80, 3)]  dist=[0.0, 0.0, 0.0, 0.0]  rmse=0.05285966083709805  cov=51.7300009727478%  iou=0.7094017094017
094
Step 161  pos=[(16, 15), (94, 83), (94, 81), (79, 1)]  dist=[0.0, 0.0, 0.0, 0.0]  rmse=0.05292431524328275  cov=51.840001344680786%  iou=0.70940170940
17094
Step 162  pos=[(16, 15), (98, 81), (96, 79), (84, 7)]  dist=[0.0, 0.0, 0.0, 0.0]  rmse=0.05297109885971819  cov=51.92999839782715%  iou=0.709401709401
7094
Step 163  pos=[(16, 15), (98, 79), (98, 75), (82, 1)]  dist=[0.0, 0.0, 0.0, 0.0]  rmse=0.053041403225593885  cov=52.05000042915344%  iou=0.70940170940
17094
Step 164  pos=[(16, 15), (94, 71), (94, 69), (98, 8)]  dist=[0.0, 0.0, 0.0, 0.0]  rmse=0.05318599496927028  cov=52.310001850128174%  iou=0.70940170940
17094
Step 165  pos=[(16, 15), (96, 87), (97, 89), (93, 34)]  dist=[0.0, 0.0, 0.0, 0.0]  rmse=0.0533886102655452  cov=52.64999866485596%  iou=0.709401709401
7094
Step 166  pos=[(16, 15), (95, 89), (76, 93), (71, 46)]  dist=[0.0, 0.0, 0.0, 0.0]  rmse=0.05356608060591624  cov=52.960002422332764%  iou=0.7094017094
017094
Step 167  pos=[(16, 15), (72, 92), (59, 92), (98, 40)]  dist=[0.0, 0.0, 0.0, 0.0]  rmse=0.053820558868854326  cov=53.40999960899353%  iou=0.7094017094
017094
Step 168  pos=[(16, 15), (45, 92), (31, 90), (98, 67)]  dist=[0.0, 0.0, 0.0, 0.0]  rmse=0.054174870959014035  cov=54.00000214576721%  iou=0.7094017094
017094
Step 169  pos=[(16, 15), (28, 91), (10, 92), (93, 38)]  dist=[0.0, 0.0, 0.0, 0.0]  rmse=0.05443332562553363  cov=54.43999767303467%  iou=0.71016042780
74867
Step 170  pos=[(16, 15), (6, 87), (3, 83), (92, 59)]  dist=[0.0, 0.0, 0.0, 0.0]  rmse=0.05462532255374293  cov=54.75999712944031%  iou=0.7101604278074
867
Step 171  pos=[(16, 15), (2, 85), (8, 93), (92, 64)]  dist=[0.0, 0.0, 0.0, 0.0]  rmse=0.05471788141475145  cov=54.909998178482056%  iou=0.710160427807
4867
Step 172  pos=[(16, 15), (1, 83), (4, 89), (98, 91)]  dist=[0.0, 0.0, 0.0, 0.0]  rmse=0.05481795945566849  cov=55.070000886917114%  iou=0.710160427807
4867
Step 173  pos=[(16, 15), (2, 89), (9, 95), (96, 91)]  dist=[0.0, 0.0, 0.0, 0.0]  rmse=0.054885219456711196  cov=55.19000291824341%  iou=0.710160427807
4867
Step 174  pos=[(16, 15), (2, 91), (11, 94), (88, 93)]  dist=[0.0, 0.0, 0.0, 0.0]  rmse=0.05496652978671514  cov=55.309998989105225%  iou=0.71016042780
74867
Step 175  pos=[(16, 15), (4, 93), (37, 94), (61, 97)]  dist=[0.0, 0.0, 0.0, 0.0]  rmse=0.05530006833717343  cov=55.86000084877014%  iou=0.710160427807
4867
Step 176  pos=[(16, 15), (11, 98), (62, 95), (53, 97)]  dist=[0.0, 0.0, 0.0, 0.0]  rmse=0.05555143590436358  cov=56.26000165939331%  iou=0.71016042780
74867
Step 177  pos=[(16, 15), (13, 96), (65, 94), (40, 98)]  dist=[0.0, 0.0, 0.0, 0.0]  rmse=0.05566974661064444  cov=56.44000172615051%  iou=0.71016042780
74867
Step 178  pos=[(16, 15), (36, 98), (39, 96), (34, 98)]  dist=[0.0, 0.0, 0.0, 0.0]  rmse=0.05593564263848465  cov=56.859999895095825%  iou=0.7101604278
074867
Step 179  pos=[(16, 15), (15, 98), (17, 98), (37, 96)]  dist=[0.0, 0.0, 0.0, 0.0]  rmse=0.05610350475194974  cov=57.12000131607056%  iou=0.71016042780
74867
Step 180  pos=[(16, 15), (2, 94), (1, 98), (66, 98)]  dist=[0.0, 0.0, 0.0, 0.0]  rmse=0.056322371100348025  cov=57.45000243186951%  iou=0.710160427807
4867
Step 181  pos=[(16, 15), (2, 96), (16, 15), (85, 97)]  dist=[0.0, 0.0, 0.0, 0.0]  rmse=0.05636871983817271  cov=57.95999765396118%  iou=0.708644610458
9115
Step 182  pos=[(16, 15), (16, 15), (16, 15), (98, 98)]  dist=[0.0, 0.0, 0.0, 0.0]  rmse=0.0561738781478997  cov=58.20000171661377%  iou=0.710021321961
6205
Step 183  pos=[(16, 15), (16, 15), (16, 15), (88, 95)]  dist=[0.0, 0.0, 0.0, 0.0]  rmse=0.056235831847296566  cov=58.28999876976013%  iou=0.7100213219
616205
Step 184  pos=[(16, 15), (16, 15), (16, 15), (95, 95)]  dist=[0.0, 0.0, 0.0, 0.0]  rmse=0.05627952974447684  cov=58.35000276565552%  iou=0.71002132196
16205
Step 185  pos=[(16, 15), (16, 15), (16, 15), (98, 96)]  dist=[0.0, 0.0, 0.0, 0.0]  rmse=0.0563008087220069  cov=58.38000178337097%  iou=0.710021321961
6205
Step 186  pos=[(16, 15), (16, 15), (16, 15), (96, 93)]  dist=[0.0, 0.0, 0.0, 0.0]  rmse=0.05632131488083718  cov=58.410000801086426%  iou=0.7100213219
616205
Step 187  pos=[(16, 15), (16, 15), (16, 15), (86, 95)]  dist=[0.0, 0.0, 0.0, 0.0]  rmse=0.056380372821723555  cov=58.49999785423279%  iou=0.7100213219
616205
Step 188  pos=[(16, 15), (16, 15), (16, 15), (16, 15)]  dist=[0.0, 0.0, 0.0, 0.0]  rmse=0.05677532342702532  cov=58.77000093460083%  iou=0.71246006389
77636
Step 189  pos=[(16, 15), (16, 15), (16, 15), (16, 15)]  dist=[0.0, 0.0, 0.0, 0.0]  rmse=0.05677771625914937  cov=58.77000093460083%  iou=0.71246006389
77636
Step 190  pos=[(16, 15), (16, 15), (16, 15), (16, 15)]  dist=[0.0, 0.0, 0.0, 0.0]  rmse=0.056776256376994357  cov=58.77000093460083%  iou=0.7124600638
977636
Step 191  pos=[(16, 15), (16, 15), (16, 15), (16, 15)]  dist=[0.0, 0.0, 0.0, 0.0]  rmse=0.0567835164594037  cov=58.77000093460083%  iou=0.712460063897
7636
Step 192  pos=[(16, 15), (16, 15), (16, 15), (16, 15)]  dist=[0.0, 0.0, 0.0, 0.0]  rmse=0.05678040218022113  cov=58.77000093460083%  iou=0.71246006389
77636
Step 193  pos=[(16, 15), (16, 15), (16, 15), (16, 15)]  dist=[0.0, 0.0, 0.0, 0.0]  rmse=0.05677867992483615  cov=58.77000093460083%  iou=0.71246006389
77636
Step 194  pos=[(16, 15), (16, 15), (16, 15), (16, 15)]  dist=[0.0, 0.0, 0.0, 0.0]  rmse=0.056775009706338676  cov=58.77000093460083%  iou=0.7124600638
977636
Step 195  pos=[(16, 15), (16, 15), (16, 15), (16, 15)]  dist=[0.0, 0.0, 0.0, 0.0]  rmse=0.056776014426606604  cov=58.77000093460083%  iou=0.7124600638
977636
Step 196  pos=[(16, 15), (16, 15), (16, 15), (16, 15)]  dist=[0.0, 0.0, 0.0, 0.0]  rmse=0.05677693301243559  cov=58.77000093460083%  iou=0.71246006389
77636
Step 197  pos=[(16, 15), (16, 15), (16, 15), (16, 15)]  dist=[0.0, 0.0, 0.0, 0.0]  rmse=0.056777445609674196  cov=58.77000093460083%  iou=0.7124600638
977636
Step 198  pos=[(16, 15), (16, 15), (16, 15), (16, 15)]  dist=[0.0, 0.0, 0.0, 0.0]  rmse=0.05678036732557054  cov=58.77000093460083%  iou=0.71246006389
77636
Step 199  pos=[(16, 15), (16, 15), (16, 15), (16, 15)]  dist=[0.0, 0.0, 0.0, 0.0]  rmse=0.0567773348890625  cov=58.77000093460083%  iou=0.712460063897
7636
Step 200  pos=[(16, 15), (16, 15), (16, 15), (16, 15)]  dist=[0.0, 0.0, 0.0, 0.0]  rmse=0.05677936473263832  cov=58.77000093460083%  iou=0.71246006389
77636
Step 201  pos=[(16, 15), (16, 15), (16, 15), (16, 15)]  dist=[0.0, 0.0, 0.0, 0.0]  rmse=0.056778138633782865  cov=58.77000093460083%  iou=0.7124600638
977636
Step 202  pos=[(16, 15), (16, 15), (16, 15), (16, 15)]  dist=[0.0, 0.0, 0.0, 0.0]  rmse=0.05677915970122847  cov=58.77000093460083%  iou=0.71246006389
77636
Step 203  pos=[(16, 15), (16, 15), (16, 15), (16, 15)]  dist=[0.0, 0.0, 0.0, 0.0]  rmse=0.05677688380285722  cov=58.77000093460083%  iou=0.71246006389
77636
Step 204  pos=[(16, 15), (16, 15), (16, 15), (16, 15)]  dist=[0.0, 0.0, 0.0, 0.0]  rmse=0.05677415055388464  cov=58.77000093460083%  iou=0.71246006389
77636
Step 205  pos=[(16, 15), (16, 15), (16, 15), (16, 15)]  dist=[0.0, 0.0, 0.0, 0.0]  rmse=0.056778495394374996  cov=58.77000093460083%  iou=0.7124600638
977636
Step 206  pos=[(16, 15), (16, 15), (16, 15), (16, 15)]  dist=[0.0, 0.0, 0.0, 0.0]  rmse=0.056779852704415865  cov=58.77000093460083%  iou=0.7124600638
977636
Step 207  pos=[(16, 15), (16, 15), (16, 15), (16, 15)]  dist=[0.0, 0.0, 0.0, 0.0]  rmse=0.0567776547480183  cov=58.77000093460083%  iou=0.712460063897
7636
Step 208  pos=[(16, 15), (16, 15), (16, 15), (16, 15)]  dist=[0.0, 0.0, 0.0, 0.0]  rmse=0.05677819604368466  cov=58.77000093460083%  iou=0.71246006389
77636
Step 209  pos=[(16, 15), (16, 15), (16, 15), (16, 15)]  dist=[0.0, 0.0, 0.0, 0.0]  rmse=0.05677928887110296  cov=58.77000093460083%  iou=0.71246006389
77636
Step 210  pos=[(16, 15), (16, 15), (16, 15), (16, 15)]  dist=[0.0, 0.0, 0.0, 0.0]  rmse=0.056776830492432526  cov=58.77000093460083%  iou=0.7124600638
977636
Step 211  pos=[(16, 15), (16, 15), (16, 15), (16, 15)]  dist=[0.0, 0.0, 0.0, 0.0]  rmse=0.05677492768757266  cov=58.77000093460083%  iou=0.71246006389
77636
Step 212  pos=[(16, 15), (16, 15), (16, 15), (16, 15)]  dist=[0.0, 0.0, 0.0, 0.0]  rmse=0.056776939163629886  cov=58.77000093460083%  iou=0.7124600638
977636
Step 213  pos=[(16, 15), (16, 15), (16, 15), (16, 15)]  dist=[0.0, 0.0, 0.0, 0.0]  rmse=0.05677578682826682  cov=58.77000093460083%  iou=0.71246006389
77636
Step 214  pos=[(16, 15), (16, 15), (16, 15), (16, 15)]  dist=[0.0, 0.0, 0.0, 0.0]  rmse=0.05677740050130291  cov=58.77000093460083%  iou=0.71246006389
77636
Step 215  pos=[(16, 15), (16, 15), (16, 15), (16, 15)]  dist=[0.0, 0.0, 0.0, 0.0]  rmse=0.05677692276044361  cov=58.77000093460083%  iou=0.71246006389
77636
Step 216  pos=[(16, 15), (16, 15), (16, 15), (16, 15)]  dist=[0.0, 0.0, 0.0, 0.0]  rmse=0.056774946141805345  cov=58.77000093460083%  iou=0.7124600638
977636
Step 217  pos=[(16, 15), (16, 15), (16, 15), (16, 15)]  dist=[0.0, 0.0, 0.0, 0.0]  rmse=0.056777589136071706  cov=58.77000093460083%  iou=0.7124600638
977636
Step 218  pos=[(16, 15), (16, 15), (16, 15), (16, 15)]  dist=[0.0, 0.0, 0.0, 0.0]  rmse=0.05677672387143296  cov=58.77000093460083%  iou=0.71246006389
77636
Step 219  pos=[(16, 15), (16, 15), (16, 15), (16, 15)]  dist=[0.0, 0.0, 0.0, 0.0]  rmse=0.05677535008295147  cov=58.77000093460083%  iou=0.71246006389
77636
Step 220  pos=[(16, 15), (16, 15), (16, 15), (16, 15)]  dist=[0.0, 0.0, 0.0, 0.0]  rmse=0.05678025045982124  cov=58.77000093460083%  iou=0.71246006389
77636
Step 221  pos=[(16, 15), (16, 15), (16, 15), (16, 15)]  dist=[0.0, 0.0, 0.0, 0.0]  rmse=0.056775421848844286  cov=58.77000093460083%  iou=0.7124600638
977636
Step 222  pos=[(16, 15), (16, 15), (16, 15), (16, 15)]  dist=[0.0, 0.0, 0.0, 0.0]  rmse=0.056774062382372134  cov=58.77000093460083%  iou=0.7124600638
977636
Step 223  pos=[(16, 15), (16, 15), (16, 15), (16, 15)]  dist=[0.0, 0.0, 0.0, 0.0]  rmse=0.05677546285788517  cov=58.77000093460083%  iou=0.71246006389
77636
Step 224  pos=[(16, 15), (16, 15), (16, 15), (16, 15)]  dist=[0.0, 0.0, 0.0, 0.0]  rmse=0.05677674642589187  cov=58.77000093460083%  iou=0.71246006389
77636
Step 225  pos=[(16, 15), (16, 15), (16, 15), (16, 15)]  dist=[0.0, 0.0, 0.0, 0.0]  rmse=0.056780961901973605  cov=58.77000093460083%  iou=0.7124600638
977636
Step 226  pos=[(16, 15), (16, 15), (16, 15), (16, 15)]  dist=[0.0, 0.0, 0.0, 0.0]  rmse=0.056777058086588644  cov=58.77000093460083%  iou=0.7124600638
977636
Step 227  pos=[(16, 15), (16, 15), (16, 15), (16, 15)]  dist=[0.0, 0.0, 0.0, 0.0]  rmse=0.05677694736522124  cov=58.77000093460083%  iou=0.71246006389
77636
Step 228  pos=[(16, 15), (16, 15), (16, 15), (16, 15)]  dist=[0.0, 0.0, 0.0, 0.0]  rmse=0.056775138885654886  cov=58.77000093460083%  iou=0.7124600638
977636
Step 229  pos=[(16, 15), (16, 15), (16, 15), (16, 15)]  dist=[0.0, 0.0, 0.0, 0.0]  rmse=0.05677620306598054  cov=58.77000093460083%  iou=0.71246006389
77636
Step 230  pos=[(16, 15), (16, 15), (16, 15), (16, 15)]  dist=[0.0, 0.0, 0.0, 0.0]  rmse=0.05677859586103377  cov=58.77000093460083%  iou=0.71246006389
77636
Step 231  pos=[(16, 15), (16, 15), (16, 15), (16, 15)]  dist=[0.0, 0.0, 0.0, 0.0]  rmse=0.056780988555252765  cov=58.77000093460083%  iou=0.7124600638
977636
Step 232  pos=[(16, 15), (16, 15), (16, 15), (16, 15)]  dist=[0.0, 0.0, 0.0, 0.0]  rmse=0.056778597911371895  cov=58.77000093460083%  iou=0.7124600638
977636
Step 233  pos=[(16, 15), (16, 15), (16, 15), (16, 15)]  dist=[0.0, 0.0, 0.0, 0.0]  rmse=0.056780824534874916  cov=58.77000093460083%  iou=0.7124600638
977636
Step 234  pos=[(16, 15), (16, 15), (16, 15), (16, 15)]  dist=[0.0, 0.0, 0.0, 0.0]  rmse=0.05677522705549559  cov=58.77000093460083%  iou=0.71246006389
77636
Step 235  pos=[(16, 15), (16, 15), (16, 15), (16, 15)]  dist=[0.0, 0.0, 0.0, 0.0]  rmse=0.05677863686778219  cov=58.77000093460083%  iou=0.71246006389
77636
Step 236  pos=[(16, 15), (16, 15), (16, 15), (16, 15)]  dist=[0.0, 0.0, 0.0, 0.0]  rmse=0.05677866147181702  cov=58.77000093460083%  iou=0.71246006389
77636
Step 237  pos=[(16, 15), (16, 15), (16, 15), (16, 15)]  dist=[0.0, 0.0, 0.0, 0.0]  rmse=0.05677704168343673  cov=58.77000093460083%  iou=0.71246006389
77636
Step 238  pos=[(16, 15), (16, 15), (16, 15), (16, 15)]  dist=[0.0, 0.0, 0.0, 0.0]  rmse=0.056777593236820585  cov=58.77000093460083%  iou=0.7124600638
977636
Step 239  pos=[(16, 15), (16, 15), (16, 15), (16, 15)]  dist=[0.0, 0.0, 0.0, 0.0]  rmse=0.05677868607584119  cov=58.77000093460083%  iou=0.71246006389
77636
Step 240  pos=[(16, 15), (16, 15), (16, 15), (16, 15)]  dist=[0.0, 0.0, 0.0, 0.0]  rmse=0.0567767607787247  cov=58.77000093460083%  iou=0.712460063897
7636
Step 241  pos=[(16, 15), (16, 15), (16, 15), (16, 15)]  dist=[0.0, 0.0, 0.0, 0.0]  rmse=0.05678001877788785  cov=58.77000093460083%  iou=0.71246006389
77636
Step 242  pos=[(16, 15), (16, 15), (16, 15), (16, 15)]  dist=[0.0, 0.0, 0.0, 0.0]  rmse=0.05677368303825644  cov=58.77000093460083%  iou=0.71246006389
77636
Step 243  pos=[(16, 15), (16, 15), (16, 15), (16, 15)]  dist=[0.0, 0.0, 0.0, 0.0]  rmse=0.056775965216232065  cov=58.77000093460083%  iou=0.7124600638
977636
Step 244  pos=[(16, 15), (16, 15), (16, 15), (16, 15)]  dist=[0.0, 0.0, 0.0, 0.0]  rmse=0.05677237889536639  cov=58.77000093460083%  iou=0.71246006389
77636
Step 245  pos=[(16, 15), (16, 15), (16, 15), (16, 15)]  dist=[0.0, 0.0, 0.0, 0.0]  rmse=0.05677797460517216  cov=58.77000093460083%  iou=0.71246006389
77636
Step 246  pos=[(16, 15), (16, 15), (16, 15), (16, 15)]  dist=[0.0, 0.0, 0.0, 0.0]  rmse=0.05677423257377334  cov=58.77000093460083%  iou=0.71246006389
77636
Step 247  pos=[(16, 15), (16, 15), (16, 15), (16, 15)]  dist=[0.0, 0.0, 0.0, 0.0]  rmse=0.056781562622844124  cov=58.77000093460083%  iou=0.7124600638
977636
Step 248  pos=[(16, 15), (16, 15), (16, 15), (16, 15)]  dist=[0.0, 0.0, 0.0, 0.0]  rmse=0.05677727542790415  cov=58.77000093460083%  iou=0.71246006389
77636
Step 249  pos=[(16, 15), (16, 15), (16, 15), (16, 15)]  dist=[0.0, 0.0, 0.0, 0.0]  rmse=0.05677673002264992  cov=58.77000093460083%  iou=0.71246006389
77636
Step 250  pos=[(16, 15), (16, 15), (16, 15), (16, 15)]  dist=[0.0, 0.0, 0.0, 0.0]  rmse=0.0567768099884097  cov=58.77000093460083%  iou=0.712460063897
7636
Step 251  pos=[(16, 15), (16, 15), (16, 15), (16, 15)]  dist=[0.0, 0.0, 0.0, 0.0]  rmse=0.05677471033726969  cov=58.77000093460083%  iou=0.71246006389
77636
Step 252  pos=[(16, 15), (16, 15), (16, 15), (16, 15)]  dist=[0.0, 0.0, 0.0, 0.0]  rmse=0.05677308633508578  cov=58.77000093460083%  iou=0.71246006389
77636
Step 253  pos=[(16, 15), (16, 15), (16, 15), (16, 15)]  dist=[0.0, 0.0, 0.0, 0.0]  rmse=0.05677797665553272  cov=58.77000093460083%  iou=0.71246006389
77636
Step 254  pos=[(16, 15), (16, 15), (16, 15), (16, 15)]  dist=[0.0, 0.0, 0.0, 0.0]  rmse=0.05677429613910558  cov=58.77000093460083%  iou=0.71246006389
77636
Step 255  pos=[(16, 15), (16, 15), (16, 15), (16, 15)]  dist=[0.0, 0.0, 0.0, 0.0]  rmse=0.05677384912977579  cov=58.77000093460083%  iou=0.71246006389
77636
Step 256  pos=[(16, 15), (16, 15), (16, 15), (16, 15)]  dist=[0.0, 0.0, 0.0, 0.0]  rmse=0.05678042268294678  cov=58.77000093460083%  iou=0.71246006389
77636
Step 257  pos=[(16, 15), (16, 15), (16, 15), (16, 15)]  dist=[0.0, 0.0, 0.0, 0.0]  rmse=0.056776565989969704  cov=58.77000093460083%  iou=0.7124600638
977636
Step 258  pos=[(16, 15), (16, 15), (16, 15), (16, 15)]  dist=[0.0, 0.0, 0.0, 0.0]  rmse=0.05677894031679999  cov=58.77000093460083%  iou=0.71246006389
77636
Step 259  pos=[(16, 15), (16, 15), (16, 15), (16, 15)]  dist=[0.0, 0.0, 0.0, 0.0]  rmse=0.056776233822340774  cov=58.77000093460083%  iou=0.7124600638
977636
Step 260  pos=[(16, 15), (16, 15), (16, 15), (16, 15)]  dist=[0.0, 0.0, 0.0, 0.0]  rmse=0.05677812018058782  cov=58.77000093460083%  iou=0.71246006389
77636
Step 261  pos=[(16, 15), (16, 15), (16, 15), (16, 15)]  dist=[0.0, 0.0, 0.0, 0.0]  rmse=0.05677464472192037  cov=58.77000093460083%  iou=0.71246006389
77636
Step 262  pos=[(16, 15), (16, 15), (16, 15), (16, 15)]  dist=[0.0, 0.0, 0.0, 0.0]  rmse=0.05677519834905086  cov=58.77000093460083%  iou=0.71246006389
77636
Step 263  pos=[(16, 15), (16, 15), (16, 15), (16, 15)]  dist=[0.0, 0.0, 0.0, 0.0]  rmse=0.056776902256454105  cov=58.77000093460083%  iou=0.7124600638
977636
Step 264  pos=[(16, 15), (16, 15), (16, 15), (16, 15)]  dist=[0.0, 0.0, 0.0, 0.0]  rmse=0.056776020577900425  cov=58.77000093460083%  iou=0.7124600638
977636
Step 265  pos=[(16, 15), (16, 15), (16, 15), (16, 15)]  dist=[0.0, 0.0, 0.0, 0.0]  rmse=0.05677468163056369  cov=58.77000093460083%  iou=0.71246006389
77636
Step 266  pos=[(16, 15), (16, 15), (16, 15), (16, 15)]  dist=[0.0, 0.0, 0.0, 0.0]  rmse=0.05677508147266174  cov=58.77000093460083%  iou=0.71246006389
77636
Step 267  pos=[(16, 15), (16, 15), (16, 15), (16, 15)]  dist=[0.0, 0.0, 0.0, 0.0]  rmse=0.056777435357774776  cov=58.77000093460083%  iou=0.7124600638
977636
Step 268  pos=[(16, 15), (16, 15), (16, 15), (16, 15)]  dist=[0.0, 0.0, 0.0, 0.0]  rmse=0.05677424487674643  cov=58.77000093460083%  iou=0.71246006389
77636
Step 269  pos=[(16, 15), (16, 15), (16, 15), (16, 15)]  dist=[0.0, 0.0, 0.0, 0.0]  rmse=0.05677561254063302  cov=58.77000093460083%  iou=0.71246006389
77636
Step 270  pos=[(16, 15), (16, 15), (16, 15), (16, 15)]  dist=[0.0, 0.0, 0.0, 0.0]  rmse=0.05677745586157176  cov=58.77000093460083%  iou=0.71246006389
77636
Step 271  pos=[(16, 15), (16, 15), (16, 15), (16, 15)]  dist=[0.0, 0.0, 0.0, 0.0]  rmse=0.05678102340952202  cov=58.77000093460083%  iou=0.71246006389
77636
Step 272  pos=[(16, 15), (16, 15), (16, 15), (16, 15)]  dist=[0.0, 0.0, 0.0, 0.0]  rmse=0.05677592215711936  cov=58.77000093460083%  iou=0.71246006389
77636
Step 273  pos=[(16, 15), (16, 15), (16, 15), (16, 15)]  dist=[0.0, 0.0, 0.0, 0.0]  rmse=0.05677613540192936  cov=58.77000093460083%  iou=0.71246006389
77636
Step 274  pos=[(16, 15), (16, 15), (16, 15), (16, 15)]  dist=[0.0, 0.0, 0.0, 0.0]  rmse=0.056778429783399836  cov=58.77000093460083%  iou=0.7124600638
977636
Step 275  pos=[(16, 15), (16, 15), (16, 15), (16, 15)]  dist=[0.0, 0.0, 0.0, 0.0]  rmse=0.05677552027049264  cov=58.77000093460083%  iou=0.71246006389
77636
Step 276  pos=[(16, 15), (16, 15), (16, 15), (16, 15)]  dist=[0.0, 0.0, 0.0, 0.0]  rmse=0.05677799715913423  cov=58.77000093460083%  iou=0.71246006389
77636
Step 277  pos=[(16, 15), (16, 15), (16, 15), (16, 15)]  dist=[0.0, 0.0, 0.0, 0.0]  rmse=0.05677631378879942  cov=58.77000093460083%  iou=0.71246006389
77636
Step 278  pos=[(16, 15), (16, 15), (16, 15), (16, 15)]  dist=[0.0, 0.0, 0.0, 0.0]  rmse=0.056774978949315304  cov=58.77000093460083%  iou=0.7124600638
977636
Step 279  pos=[(16, 15), (16, 15), (16, 15), (16, 15)]  dist=[0.0, 0.0, 0.0, 0.0]  rmse=0.056776609048594134  cov=58.77000093460083%  iou=0.7124600638
977636
Step 280  pos=[(16, 15), (16, 15), (16, 15), (16, 15)]  dist=[0.0, 0.0, 0.0, 0.0]  rmse=0.05677952875723313  cov=58.77000093460083%  iou=0.71246006389
77636
Step 281  pos=[(16, 15), (16, 15), (16, 15), (16, 15)]  dist=[0.0, 0.0, 0.0, 0.0]  rmse=0.056773959857185405  cov=58.77000093460083%  iou=0.7124600638
977636
Step 282  pos=[(16, 15), (16, 15), (16, 15), (16, 15)]  dist=[0.0, 0.0, 0.0, 0.0]  rmse=0.05677626457868435  cov=58.77000093460083%  iou=0.71246006389
77636
Step 283  pos=[(16, 15), (16, 15), (16, 15), (16, 15)]  dist=[0.0, 0.0, 0.0, 0.0]  rmse=0.0567767402746767  cov=58.77000093460083%  iou=0.712460063897
7636
Step 284  pos=[(16, 15), (16, 15), (16, 15), (16, 15)]  dist=[0.0, 0.0, 0.0, 0.0]  rmse=0.056778187842273675  cov=58.77000093460083%  iou=0.7124600638
977636
Step 285  pos=[(16, 15), (16, 15), (16, 15), (16, 15)]  dist=[0.0, 0.0, 0.0, 0.0]  rmse=0.05677824320177486  cov=58.77000093460083%  iou=0.71246006389
77636
Step 286  pos=[(16, 15), (16, 15), (16, 15), (16, 15)]  dist=[0.0, 0.0, 0.0, 0.0]  rmse=0.05678210798168012  cov=58.77000093460083%  iou=0.71246006389
77636
Step 287  pos=[(16, 15), (16, 15), (16, 15), (16, 15)]  dist=[0.0, 0.0, 0.0, 0.0]  rmse=0.05677706833855619  cov=58.77000093460083%  iou=0.71246006389
77636
Step 288  pos=[(16, 15), (16, 15), (16, 15), (16, 15)]  dist=[0.0, 0.0, 0.0, 0.0]  rmse=0.056780160247499385  cov=58.77000093460083%  iou=0.7124600638
977636
Step 289  pos=[(16, 15), (16, 15), (16, 15), (16, 15)]  dist=[0.0, 0.0, 0.0, 0.0]  rmse=0.0567756309946431  cov=58.77000093460083%  iou=0.712460063897
7636
Step 290  pos=[(16, 15), (16, 15), (16, 15), (16, 15)]  dist=[0.0, 0.0, 0.0, 0.0]  rmse=0.05677716060618076  cov=58.77000093460083%  iou=0.71246006389
77636
Step 291  pos=[(16, 15), (16, 15), (16, 15), (16, 15)]  dist=[0.0, 0.0, 0.0, 0.0]  rmse=0.056780572352619726  cov=58.77000093460083%  iou=0.7124600638
977636
Step 292  pos=[(16, 15), (16, 15), (16, 15), (16, 15)]  dist=[0.0, 0.0, 0.0, 0.0]  rmse=0.056777000675536204  cov=58.77000093460083%  iou=0.7124600638
977636
Step 293  pos=[(16, 15), (16, 15), (16, 15), (16, 15)]  dist=[0.0, 0.0, 0.0, 0.0]  rmse=0.05677674642589187  cov=58.77000093460083%  iou=0.71246006389
77636
Step 294  pos=[(16, 15), (16, 15), (16, 15), (16, 15)]  dist=[0.0, 0.0, 0.0, 0.0]  rmse=0.05677984040265788  cov=58.77000093460083%  iou=0.71246006389
77636
Step 295  pos=[(16, 15), (16, 15), (16, 15), (16, 15)]  dist=[0.0, 0.0, 0.0, 0.0]  rmse=0.05677664390555189  cov=58.77000093460083%  iou=0.71246006389
77636
Step 296  pos=[(16, 15), (16, 15), (16, 15), (16, 15)]  dist=[0.0, 0.0, 0.0, 0.0]  rmse=0.05677828215842852  cov=58.77000093460083%  iou=0.71246006389
77636
Step 297  pos=[(16, 15), (16, 15), (16, 15), (16, 15)]  dist=[0.0, 0.0, 0.0, 0.0]  rmse=0.056777599387943356  cov=58.77000093460083%  iou=0.7124600638
977636
Step 298  pos=[(16, 15), (16, 15), (16, 15), (16, 15)]  dist=[0.0, 0.0, 0.0, 0.0]  rmse=0.056775395192951834  cov=58.77000093460083%  iou=0.7124600638
977636
Step 299  pos=[(16, 15), (16, 15), (16, 15), (16, 15)]  dist=[0.0, 0.0, 0.0, 0.0]  rmse=0.05678010488986729  cov=58.77000093460083%  iou=0.71246006389
77636
Step 300  pos=[(16, 15), (16, 15), (16, 15), (16, 15)]  dist=[0.0, 0.0, 0.0, 0.0]  rmse=0.05677565354953616  cov=58.77000093460083%  iou=0.71246006389
77636
Step 301  pos=[(16, 15), (16, 15), (16, 15), (16, 15)]  dist=[0.0, 0.0, 0.0, 0.0]  rmse=0.05678014589552587  cov=58.77000093460083%  iou=0.71246006389
77636
Step 302  pos=[(16, 15), (16, 15), (16, 15), (16, 15)]  dist=[0.0, 0.0, 0.0, 0.0]  rmse=0.056774665226725175  cov=58.77000093460083%  iou=0.7124600638
977636
Step 303  pos=[(16, 15), (16, 15), (16, 15), (16, 15)]  dist=[0.0, 0.0, 0.0, 0.0]  rmse=0.05677405212986179  cov=58.77000093460083%  iou=0.71246006389
77636
Step 304  pos=[(16, 15), (16, 15), (16, 15), (16, 15)]  dist=[0.0, 0.0, 0.0, 0.0]  rmse=0.056775805282220246  cov=58.77000093460083%  iou=0.7124600638
977636
Step 305  pos=[(16, 15), (16, 15), (16, 15), (16, 15)]  dist=[0.0, 0.0, 0.0, 0.0]  rmse=0.05677468983248117  cov=58.77000093460083%  iou=0.71246006389
77636
Step 306  pos=[(16, 15), (16, 15), (16, 15), (16, 15)]  dist=[0.0, 0.0, 0.0, 0.0]  rmse=0.05677554487587807  cov=58.77000093460083%  iou=0.71246006389
77636
Step 307  pos=[(16, 15), (16, 15), (16, 15), (16, 15)]  dist=[0.0, 0.0, 0.0, 0.0]  rmse=0.05677752762480291  cov=58.77000093460083%  iou=0.71246006389
77636
Step 308  pos=[(16, 15), (16, 15), (16, 15), (16, 15)]  dist=[0.0, 0.0, 0.0, 0.0]  rmse=0.05677878244149987  cov=58.77000093460083%  iou=0.71246006389
77636
Step 309  pos=[(16, 15), (16, 15), (16, 15), (16, 15)]  dist=[0.0, 0.0, 0.0, 0.0]  rmse=0.05678273739307381  cov=58.77000093460083%  iou=0.71246006389
77636
Step 310  pos=[(16, 15), (16, 15), (16, 15), (16, 15)]  dist=[0.0, 0.0, 0.0, 0.0]  rmse=0.05677575402122369  cov=58.77000093460083%  iou=0.71246006389
77636
Step 311  pos=[(16, 15), (16, 15), (16, 15), (16, 15)]  dist=[0.0, 0.0, 0.0, 0.0]  rmse=0.05677788028850642  cov=58.77000093460083%  iou=0.71246006389
77636
Step 312  pos=[(16, 15), (16, 15), (16, 15), (16, 15)]  dist=[0.0, 0.0, 0.0, 0.0]  rmse=0.05677602262833155  cov=58.77000093460083%  iou=0.71246006389
77636
Step 313  pos=[(16, 15), (16, 15), (16, 15), (16, 15)]  dist=[0.0, 0.0, 0.0, 0.0]  rmse=0.05677827805772939  cov=58.77000093460083%  iou=0.71246006389
77636
Step 314  pos=[(16, 15), (16, 15), (16, 15), (16, 15)]  dist=[0.0, 0.0, 0.0, 0.0]  rmse=0.05677938523573858  cov=58.77000093460083%  iou=0.71246006389
77636
Step 315  pos=[(16, 15), (16, 15), (16, 15), (16, 15)]  dist=[0.0, 0.0, 0.0, 0.0]  rmse=0.056777341040213265  cov=58.77000093460083%  iou=0.7124600638
977636
Step 316  pos=[(16, 15), (16, 15), (16, 15), (16, 15)]  dist=[0.0, 0.0, 0.0, 0.0]  rmse=0.05677998392300191  cov=58.77000093460083%  iou=0.71246006389
77636
Step 317  pos=[(16, 15), (16, 15), (16, 15), (16, 15)]  dist=[0.0, 0.0, 0.0, 0.0]  rmse=0.05677739845092154  cov=58.77000093460083%  iou=0.71246006389
77636
Step 318  pos=[(16, 15), (16, 15), (16, 15), (16, 15)]  dist=[0.0, 0.0, 0.0, 0.0]  rmse=0.056777310284452806  cov=58.77000093460083%  iou=0.7124600638
977636
Step 319  pos=[(16, 15), (16, 15), (16, 15), (16, 15)]  dist=[0.0, 0.0, 0.0, 0.0]  rmse=0.056778425682711374  cov=58.77000093460083%  iou=0.7124600638
977636
Step 320  pos=[(16, 15), (16, 15), (16, 15), (16, 15)]  dist=[0.0, 0.0, 0.0, 0.0]  rmse=0.05677640810806741  cov=58.77000093460083%  iou=0.71246006389
77636
Step 321  pos=[(16, 15), (16, 15), (16, 15), (16, 15)]  dist=[0.0, 0.0, 0.0, 0.0]  rmse=0.05677828420877797  cov=58.77000093460083%  iou=0.71246006389
77636
Step 322  pos=[(16, 15), (16, 15), (16, 15), (16, 15)]  dist=[0.0, 0.0, 0.0, 0.0]  rmse=0.05678008848759556  cov=58.77000093460083%  iou=0.71246006389
77636
Step 323  pos=[(16, 15), (16, 15), (16, 15), (16, 15)]  dist=[0.0, 0.0, 0.0, 0.0]  rmse=0.05677858765968054  cov=58.77000093460083%  iou=0.71246006389
77636
Step 324  pos=[(16, 15), (16, 15), (16, 15), (16, 15)]  dist=[0.0, 0.0, 0.0, 0.0]  rmse=0.05677718521085532  cov=58.77000093460083%  iou=0.71246006389
77636
Step 325  pos=[(16, 15), (16, 15), (16, 15), (16, 15)]  dist=[0.0, 0.0, 0.0, 0.0]  rmse=0.056776252276148916  cov=58.77000093460083%  iou=0.7124600638
977636
Step 326  pos=[(16, 15), (16, 15), (16, 15), (16, 15)]  dist=[0.0, 0.0, 0.0, 0.0]  rmse=0.05677725902481503  cov=58.77000093460083%  iou=0.71246006389
77636
Step 327  pos=[(16, 15), (16, 15), (16, 15), (16, 15)]  dist=[0.0, 0.0, 0.0, 0.0]  rmse=0.056776492175108995  cov=58.77000093460083%  iou=0.7124600638
977636
Step 328  pos=[(16, 15), (16, 15), (16, 15), (16, 15)]  dist=[0.0, 0.0, 0.0, 0.0]  rmse=0.05677706423776939  cov=58.77000093460083%  iou=0.71246006389
77636
Step 329  pos=[(16, 15), (16, 15), (16, 15), (16, 15)]  dist=[0.0, 0.0, 0.0, 0.0]  rmse=0.05677623997361082  cov=58.77000093460083%  iou=0.71246006389
77636
Step 330  pos=[(16, 15), (16, 15), (16, 15), (16, 15)]  dist=[0.0, 0.0, 0.0, 0.0]  rmse=0.05677661519982353  cov=58.77000093460083%  iou=0.71246006389
77636
Step 331  pos=[(16, 15), (16, 15), (16, 15), (16, 15)]  dist=[0.0, 0.0, 0.0, 0.0]  rmse=0.05678377477903764  cov=58.77000093460083%  iou=0.71246006389
77636
Step 332  pos=[(16, 15), (16, 15), (16, 15), (16, 15)]  dist=[0.0, 0.0, 0.0, 0.0]  rmse=0.05677838877650186  cov=58.77000093460083%  iou=0.71246006389
77636
Step 333  pos=[(16, 15), (16, 15), (16, 15), (16, 15)]  dist=[0.0, 0.0, 0.0, 0.0]  rmse=0.05677870247851805  cov=58.77000093460083%  iou=0.71246006389
77636
Step 334  pos=[(16, 15), (16, 15), (16, 15), (16, 15)]  dist=[0.0, 0.0, 0.0, 0.0]  rmse=0.05677686739965495  cov=58.77000093460083%  iou=0.71246006389
77636
Step 335  pos=[(16, 15), (16, 15), (16, 15), (16, 15)]  dist=[0.0, 0.0, 0.0, 0.0]  rmse=0.05677605748564934  cov=58.77000093460083%  iou=0.71246006389
77636
Step 336  pos=[(16, 15), (16, 15), (16, 15), (16, 15)]  dist=[0.0, 0.0, 0.0, 0.0]  rmse=0.0567762297214937  cov=58.77000093460083%  iou=0.712460063897
7636
Step 337  pos=[(16, 15), (16, 15), (16, 15), (16, 15)]  dist=[0.0, 0.0, 0.0, 0.0]  rmse=0.05677405418036401  cov=58.77000093460083%  iou=0.71246006389
77636
Step 338  pos=[(16, 15), (16, 15), (16, 15), (16, 15)]  dist=[0.0, 0.0, 0.0, 0.0]  rmse=0.056775641246868326  cov=58.77000093460083%  iou=0.7124600638
977636
Step 339  pos=[(16, 15), (16, 15), (16, 15), (16, 15)]  dist=[0.0, 0.0, 0.0, 0.0]  rmse=0.05677709499366313  cov=58.77000093460083%  iou=0.71246006389
77636
Step 340  pos=[(16, 15), (16, 15), (16, 15), (16, 15)]  dist=[0.0, 0.0, 0.0, 0.0]  rmse=0.05677384092773685  cov=58.77000093460083%  iou=0.71246006389
77636
Step 341  pos=[(16, 15), (16, 15), (16, 15), (16, 15)]  dist=[0.0, 0.0, 0.0, 0.0]  rmse=0.05677559818750992  cov=58.77000093460083%  iou=0.71246006389
77636
Step 342  pos=[(16, 15), (16, 15), (16, 15), (16, 15)]  dist=[0.0, 0.0, 0.0, 0.0]  rmse=0.05677965997656782  cov=58.77000093460083%  iou=0.71246006389
77636
Step 343  pos=[(16, 15), (16, 15), (16, 15), (16, 15)]  dist=[0.0, 0.0, 0.0, 0.0]  rmse=0.05677944469468748  cov=58.77000093460083%  iou=0.71246006389
77636
Step 344  pos=[(16, 15), (16, 15), (16, 15), (16, 15)]  dist=[0.0, 0.0, 0.0, 0.0]  rmse=0.05677580733265915  cov=58.77000093460083%  iou=0.71246006389
77636
Step 345  pos=[(16, 15), (16, 15), (16, 15), (16, 15)]  dist=[0.0, 0.0, 0.0, 0.0]  rmse=0.05677376300830789  cov=58.77000093460083%  iou=0.71246006389
77636
Step 346  pos=[(16, 15), (16, 15), (16, 15), (16, 15)]  dist=[0.0, 0.0, 0.0, 0.0]  rmse=0.05677540954612625  cov=58.77000093460083%  iou=0.71246006389
77636
Step 347  pos=[(16, 15), (16, 15), (16, 15), (16, 15)]  dist=[0.0, 0.0, 0.0, 0.0]  rmse=0.056777599387943356  cov=58.77000093460083%  iou=0.7124600638
977636
Step 348  pos=[(16, 15), (16, 15), (16, 15), (16, 15)]  dist=[0.0, 0.0, 0.0, 0.0]  rmse=0.05677721801707148  cov=58.77000093460083%  iou=0.71246006389
77636
Step 349  pos=[(16, 15), (16, 15), (16, 15), (16, 15)]  dist=[0.0, 0.0, 0.0, 0.0]  rmse=0.05677398446324711  cov=58.77000093460083%  iou=0.71246006389
77636
Step 350  pos=[(16, 15), (16, 15), (16, 15), (16, 15)]  dist=[0.0, 0.0, 0.0, 0.0]  rmse=0.05677940163821346  cov=58.77000093460083%  iou=0.71246006389
77636
Step 351  pos=[(16, 15), (16, 15), (16, 15), (16, 15)]  dist=[0.0, 0.0, 0.0, 0.0]  rmse=0.05677673207305542  cov=58.77000093460083%  iou=0.71246006389
77636
Step 352  pos=[(16, 15), (16, 15), (16, 15), (16, 15)]  dist=[0.0, 0.0, 0.0, 0.0]  rmse=0.056780455487292415  cov=58.77000093460083%  iou=0.7124600638
977636
Step 353  pos=[(16, 15), (16, 15), (16, 15), (16, 15)]  dist=[0.0, 0.0, 0.0, 0.0]  rmse=0.056775261913301824  cov=58.77000093460083%  iou=0.7124600638
977636
Step 354  pos=[(16, 15), (16, 15), (16, 15), (16, 15)]  dist=[0.0, 0.0, 0.0, 0.0]  rmse=0.05677482926489704  cov=58.77000093460083%  iou=0.71246006389
77636
Step 355  pos=[(16, 15), (16, 15), (16, 15), (16, 15)]  dist=[0.0, 0.0, 0.0, 0.0]  rmse=0.05677644911639593  cov=58.77000093460083%  iou=0.71246006389
77636
Step 356  pos=[(16, 15), (16, 15), (16, 15), (16, 15)]  dist=[0.0, 0.0, 0.0, 0.0]  rmse=0.056776170259177916  cov=58.77000093460083%  iou=0.7124600638
977636
Step 357  pos=[(16, 15), (16, 15), (16, 15), (16, 15)]  dist=[0.0, 0.0, 0.0, 0.0]  rmse=0.05677717700929832  cov=58.77000093460083%  iou=0.71246006389
77636
Step 358  pos=[(16, 15), (16, 15), (16, 15), (16, 15)]  dist=[0.0, 0.0, 0.0, 0.0]  rmse=0.05677700272593194  cov=58.77000093460083%  iou=0.71246006389
77636
Step 359  pos=[(16, 15), (16, 15), (16, 15), (16, 15)]  dist=[0.0, 0.0, 0.0, 0.0]  rmse=0.056776184612156395  cov=58.77000093460083%  iou=0.7124600638
977636
Step 360  pos=[(16, 15), (16, 15), (16, 15), (16, 15)]  dist=[0.0, 0.0, 0.0, 0.0]  rmse=0.056775282417883724  cov=58.77000093460083%  iou=0.7124600638
977636
Step 361  pos=[(16, 15), (16, 15), (16, 15), (16, 15)]  dist=[0.0, 0.0, 0.0, 0.0]  rmse=0.056777617841307665  cov=58.77000093460083%  iou=0.7124600638
977636
Step 362  pos=[(16, 15), (16, 15), (16, 15), (16, 15)]  dist=[0.0, 0.0, 0.0, 0.0]  rmse=0.0567759775188297  cov=58.77000093460083%  iou=0.712460063897
7636
Step 363  pos=[(16, 15), (16, 15), (16, 15), (16, 15)]  dist=[0.0, 0.0, 0.0, 0.0]  rmse=0.0567787004281837  cov=58.77000093460083%  iou=0.712460063897
7636
Step 364  pos=[(16, 15), (16, 15), (16, 15), (16, 15)]  dist=[0.0, 0.0, 0.0, 0.0]  rmse=0.05677732668752712  cov=58.77000093460083%  iou=0.71246006389
77636
Step 365  pos=[(16, 15), (16, 15), (16, 15), (16, 15)]  dist=[0.0, 0.0, 0.0, 0.0]  rmse=0.056777261075201424  cov=58.77000093460083%  iou=0.7124600638
977636
Step 366  pos=[(16, 15), (16, 15), (16, 15), (16, 15)]  dist=[0.0, 0.0, 0.0, 0.0]  rmse=0.05677559613706347  cov=58.77000093460083%  iou=0.71246006389
77636
Step 367  pos=[(16, 15), (16, 15), (16, 15), (16, 15)]  dist=[0.0, 0.0, 0.0, 0.0]  rmse=0.05677559818750992  cov=58.77000093460083%  iou=0.71246006389
77636
Step 368  pos=[(16, 15), (16, 15), (16, 15), (16, 15)]  dist=[0.0, 0.0, 0.0, 0.0]  rmse=0.05677644706598021  cov=58.77000093460083%  iou=0.71246006389
77636
Step 369  pos=[(16, 15), (16, 15), (16, 15), (16, 15)]  dist=[0.0, 0.0, 0.0, 0.0]  rmse=0.05677902643041503  cov=58.77000093460083%  iou=0.71246006389
77636
Step 370  pos=[(16, 15), (16, 15), (16, 15), (16, 15)]  dist=[0.0, 0.0, 0.0, 0.0]  rmse=0.0567806748658667  cov=58.77000093460083%  iou=0.712460063897
7636
Step 371  pos=[(16, 15), (16, 15), (16, 15), (16, 15)]  dist=[0.0, 0.0, 0.0, 0.0]  rmse=0.05677677103074592  cov=58.77000093460083%  iou=0.71246006389
77636
Step 372  pos=[(16, 15), (16, 15), (16, 15), (16, 15)]  dist=[0.0, 0.0, 0.0, 0.0]  rmse=0.05677720981551922  cov=58.77000093460083%  iou=0.71246006389
77636
Step 373  pos=[(16, 15), (16, 15), (16, 15), (16, 15)]  dist=[0.0, 0.0, 0.0, 0.0]  rmse=0.05677620716682953  cov=58.77000093460083%  iou=0.71246006389
77636
Step 374  pos=[(16, 15), (16, 15), (16, 15), (16, 15)]  dist=[0.0, 0.0, 0.0, 0.0]  rmse=0.05677575812210511  cov=58.77000093460083%  iou=0.71246006389
77636
Step 375  pos=[(16, 15), (16, 15), (16, 15), (16, 15)]  dist=[0.0, 0.0, 0.0, 0.0]  rmse=0.05677732463714309  cov=58.77000093460083%  iou=0.71246006389
77636
Step 376  pos=[(16, 15), (16, 15), (16, 15), (16, 15)]  dist=[0.0, 0.0, 0.0, 0.0]  rmse=0.05677791514468375  cov=58.77000093460083%  iou=0.71246006389
77636
Step 377  pos=[(16, 15), (16, 15), (16, 15), (16, 15)]  dist=[0.0, 0.0, 0.0, 0.0]  rmse=0.056779852704415865  cov=58.77000093460083%  iou=0.7124600638
977636
Step 378  pos=[(16, 15), (16, 15), (16, 15), (16, 15)]  dist=[0.0, 0.0, 0.0, 0.0]  rmse=0.05677407878638483  cov=58.77000093460083%  iou=0.71246006389
77636
Step 379  pos=[(16, 15), (16, 15), (16, 15), (16, 15)]  dist=[0.0, 0.0, 0.0, 0.0]  rmse=0.05677431049255786  cov=58.77000093460083%  iou=0.71246006389
77636
Step 380  pos=[(16, 15), (16, 15), (16, 15), (16, 15)]  dist=[0.0, 0.0, 0.0, 0.0]  rmse=0.056777261075201424  cov=58.77000093460083%  iou=0.7124600638
977636
Step 381  pos=[(16, 15), (16, 15), (16, 15), (16, 15)]  dist=[0.0, 0.0, 0.0, 0.0]  rmse=0.05677943444314901  cov=58.77000093460083%  iou=0.71246006389
77636
Step 382  pos=[(16, 15), (16, 15), (16, 15), (16, 15)]  dist=[0.0, 0.0, 0.0, 0.0]  rmse=0.056777788022051384  cov=58.77000093460083%  iou=0.7124600638
977636
Step 383  pos=[(16, 15), (16, 15), (16, 15), (16, 15)]  dist=[0.0, 0.0, 0.0, 0.0]  rmse=0.056774404815153924  cov=58.77000093460083%  iou=0.7124600638
977636
Step 384  pos=[(16, 15), (16, 15), (16, 15), (16, 15)]  dist=[0.0, 0.0, 0.0, 0.0]  rmse=0.056774378158783965  cov=58.77000093460083%  iou=0.7124600638
977636
Step 385  pos=[(16, 15), (16, 15), (16, 15), (16, 15)]  dist=[0.0, 0.0, 0.0, 0.0]  rmse=0.05677534188112937  cov=58.77000093460083%  iou=0.71246006389
77636
Step 386  pos=[(16, 15), (16, 15), (16, 15), (16, 15)]  dist=[0.0, 0.0, 0.0, 0.0]  rmse=0.05678007618588865  cov=58.77000093460083%  iou=0.71246006389
77636
Step 387  pos=[(16, 15), (16, 15), (16, 15), (16, 15)]  dist=[0.0, 0.0, 0.0, 0.0]  rmse=0.05677687560125668  cov=58.77000093460083%  iou=0.71246006389
77636
Step 388  pos=[(16, 15), (16, 15), (16, 15), (16, 15)]  dist=[0.0, 0.0, 0.0, 0.0]  rmse=0.0567757171132775  cov=58.77000093460083%  iou=0.712460063897
7636
Step 389  pos=[(16, 15), (16, 15), (16, 15), (16, 15)]  dist=[0.0, 0.0, 0.0, 0.0]  rmse=0.056776043132638725  cov=58.77000093460083%  iou=0.7124600638
977636
Step 390  pos=[(16, 15), (16, 15), (16, 15), (16, 15)]  dist=[0.0, 0.0, 0.0, 0.0]  rmse=0.05677858765968054  cov=58.77000093460083%  iou=0.71246006389
77636
Step 391  pos=[(16, 15), (16, 15), (16, 15), (16, 15)]  dist=[0.0, 0.0, 0.0, 0.0]  rmse=0.05677830266191971  cov=58.77000093460083%  iou=0.71246006389
77636
Step 392  pos=[(16, 15), (16, 15), (16, 15), (16, 15)]  dist=[0.0, 0.0, 0.0, 0.0]  rmse=0.05677620306598054  cov=58.77000093460083%  iou=0.71246006389
77636
Step 393  pos=[(16, 15), (16, 15), (16, 15), (16, 15)]  dist=[0.0, 0.0, 0.0, 0.0]  rmse=0.056773783513431146  cov=58.77000093460083%  iou=0.7124600638
977636
Step 394  pos=[(16, 15), (16, 15), (16, 15), (16, 15)]  dist=[0.0, 0.0, 0.0, 0.0]  rmse=0.05677590780407453  cov=58.77000093460083%  iou=0.71246006389
77636
Step 395  pos=[(16, 15), (16, 15), (16, 15), (16, 15)]  dist=[0.0, 0.0, 0.0, 0.0]  rmse=0.05677976044116598  cov=58.77000093460083%  iou=0.71246006389
77636
Step 396  pos=[(16, 15), (16, 15), (16, 15), (16, 15)]  dist=[0.0, 0.0, 0.0, 0.0]  rmse=0.056779061285888756  cov=58.77000093460083%  iou=0.7124600638
977636
Step 397  pos=[(16, 15), (16, 15), (16, 15), (16, 15)]  dist=[0.0, 0.0, 0.0, 0.0]  rmse=0.056774066483375754  cov=58.77000093460083%  iou=0.7124600638
977636
Step 398  pos=[(16, 15), (16, 15), (16, 15), (16, 15)]  dist=[0.0, 0.0, 0.0, 0.0]  rmse=0.05677643681390048  cov=58.77000093460083%  iou=0.71246006389
77636
Step 399  pos=[(16, 15), (16, 15), (16, 15), (16, 15)]  dist=[0.0, 0.0, 0.0, 0.0]  rmse=0.05677413209939336  cov=58.77000093460083%  iou=0.71246006389
77636
Step 400  pos=[(16, 15), (16, 15), (16, 15), (16, 15)]  dist=[0.0, 0.0, 0.0, 0.0]  rmse=0.056779167902499074  cov=58.77000093460083%  iou=0.7124600638
977636
Step 401  pos=[(16, 15), (16, 15), (16, 15), (16, 15)]  dist=[0.0, 0.0, 0.0, 0.0]  rmse=0.05677507942219663  cov=58.77000093460083%  iou=0.71246006389
77636
Step 402  pos=[(16, 15), (16, 15), (16, 15), (16, 15)]  dist=[0.0, 0.0, 0.0, 0.0]  rmse=0.05677727542790415  cov=58.77000093460083%  iou=0.71246006389
77636
Step 403  pos=[(16, 15), (16, 15), (16, 15), (16, 15)]  dist=[0.0, 0.0, 0.0, 0.0]  rmse=0.056771657092712  cov=58.77000093460083%  iou=0.7124600638977
636
Step 404  pos=[(16, 15), (16, 15), (16, 15), (16, 15)]  dist=[0.0, 0.0, 0.0, 0.0]  rmse=0.05677741280358954  cov=58.77000093460083%  iou=0.71246006389
77636
Step 405  pos=[(16, 15), (16, 15), (16, 15), (16, 15)]  dist=[0.0, 0.0, 0.0, 0.0]  rmse=0.056777250823268684  cov=58.77000093460083%  iou=0.7124600638
977636
Step 406  pos=[(16, 15), (16, 15), (16, 15), (16, 15)]  dist=[0.0, 0.0, 0.0, 0.0]  rmse=0.056777988957694515  cov=58.77000093460083%  iou=0.7124600638
977636
Step 407  pos=[(16, 15), (16, 15), (16, 15), (16, 15)]  dist=[0.0, 0.0, 0.0, 0.0]  rmse=0.05677701707869997  cov=58.77000093460083%  iou=0.71246006389
77636
Step 408  pos=[(16, 15), (16, 15), (16, 15), (16, 15)]  dist=[0.0, 0.0, 0.0, 0.0]  rmse=0.05677468368104317  cov=58.77000093460083%  iou=0.71246006389
77636
Step 409  pos=[(16, 15), (16, 15), (16, 15), (16, 15)]  dist=[0.0, 0.0, 0.0, 0.0]  rmse=0.05677634454509967  cov=58.77000093460083%  iou=0.71246006389
77636
Step 410  pos=[(16, 15), (16, 15), (16, 15), (16, 15)]  dist=[0.0, 0.0, 0.0, 0.0]  rmse=0.05677636915012788  cov=58.77000093460083%  iou=0.71246006389
77636
Step 411  pos=[(16, 15), (16, 15), (16, 15), (16, 15)]  dist=[0.0, 0.0, 0.0, 0.0]  rmse=0.05677953285784193  cov=58.77000093460083%  iou=0.71246006389
77636
Step 412  pos=[(16, 15), (16, 15), (16, 15), (16, 15)]  dist=[0.0, 0.0, 0.0, 0.0]  rmse=0.056776020577900425  cov=58.77000093460083%  iou=0.7124600638
977636
Step 413  pos=[(16, 15), (16, 15), (16, 15), (16, 15)]  dist=[0.0, 0.0, 0.0, 0.0]  rmse=0.05677587089622832  cov=58.77000093460083%  iou=0.71246006389
77636
Step 414  pos=[(16, 15), (16, 15), (16, 15), (16, 15)]  dist=[0.0, 0.0, 0.0, 0.0]  rmse=0.05677642861223537  cov=58.77000093460083%  iou=0.71246006389
77636
Step 415  pos=[(16, 15), (16, 15), (16, 15), (16, 15)]  dist=[0.0, 0.0, 0.0, 0.0]  rmse=0.056776982221971306  cov=58.77000093460083%  iou=0.7124600638
977636
Step 416  pos=[(16, 15), (16, 15), (16, 15), (16, 15)]  dist=[0.0, 0.0, 0.0, 0.0]  rmse=0.056774566803594564  cov=58.77000093460083%  iou=0.7124600638
977636
Step 417  pos=[(16, 15), (16, 15), (16, 15), (16, 15)]  dist=[0.0, 0.0, 0.0, 0.0]  rmse=0.056775731466370535  cov=58.77000093460083%  iou=0.7124600638
977636
Step 418  pos=[(16, 15), (16, 15), (16, 15), (16, 15)]  dist=[0.0, 0.0, 0.0, 0.0]  rmse=0.056776609048594134  cov=58.77000093460083%  iou=0.7124600638
977636
Step 419  pos=[(16, 15), (16, 15), (16, 15), (16, 15)]  dist=[0.0, 0.0, 0.0, 0.0]  rmse=0.05677421411930872  cov=58.77000093460083%  iou=0.71246006389
77636
Step 420  pos=[(16, 15), (16, 15), (16, 15), (16, 15)]  dist=[0.0, 0.0, 0.0, 0.0]  rmse=0.0567799736715608  cov=58.77000093460083%  iou=0.712460063897
7636
Step 421  pos=[(16, 15), (16, 15), (16, 15), (16, 15)]  dist=[0.0, 0.0, 0.0, 0.0]  rmse=0.056773935251113045  cov=58.77000093460083%  iou=0.7124600638
977636
Step 422  pos=[(16, 15), (16, 15), (16, 15), (16, 15)]  dist=[0.0, 0.0, 0.0, 0.0]  rmse=0.056776779232361574  cov=58.77000093460083%  iou=0.7124600638
977636
Step 423  pos=[(16, 15), (16, 15), (16, 15), (16, 15)]  dist=[0.0, 0.0, 0.0, 0.0]  rmse=0.05677333650006515  cov=58.77000093460083%  iou=0.71246006389
77636
Step 424  pos=[(16, 15), (16, 15), (16, 15), (16, 15)]  dist=[0.0, 0.0, 0.0, 0.0]  rmse=0.05678054364887741  cov=58.77000093460083%  iou=0.71246006389
77636
Step 425  pos=[(16, 15), (16, 15), (16, 15), (16, 15)]  dist=[0.0, 0.0, 0.0, 0.0]  rmse=0.056778417481333554  cov=58.77000093460083%  iou=0.7124600638
977636
Step 426  pos=[(16, 15), (16, 15), (16, 15), (16, 15)]  dist=[0.0, 0.0, 0.0, 0.0]  rmse=0.05677821654720695  cov=58.77000093460083%  iou=0.71246006389
77636
Step 427  pos=[(16, 15), (16, 15), (16, 15), (16, 15)]  dist=[0.0, 0.0, 0.0, 0.0]  rmse=0.05677527626650993  cov=58.77000093460083%  iou=0.71246006389
77636
Step 428  pos=[(16, 15), (16, 15), (16, 15), (16, 15)]  dist=[0.0, 0.0, 0.0, 0.0]  rmse=0.05678083273590506  cov=58.77000093460083%  iou=0.71246006389
77636
Step 429  pos=[(16, 15), (16, 15), (16, 15), (16, 15)]  dist=[0.0, 0.0, 0.0, 0.0]  rmse=0.0567801007892998  cov=58.77000093460083%  iou=0.712460063897
7636
Step 430  pos=[(16, 15), (16, 15), (16, 15), (16, 15)]  dist=[0.0, 0.0, 0.0, 0.0]  rmse=0.056772920241334845  cov=58.77000093460083%  iou=0.7124600638
977636
Step 431  pos=[(16, 15), (16, 15), (16, 15), (16, 15)]  dist=[0.0, 0.0, 0.0, 0.0]  rmse=0.056776389654309915  cov=58.77000093460083%  iou=0.7124600638
977636
Step 432  pos=[(16, 15), (16, 15), (16, 15), (16, 15)]  dist=[0.0, 0.0, 0.0, 0.0]  rmse=0.05677828420877797  cov=58.77000093460083%  iou=0.71246006389
77636
Step 433  pos=[(16, 15), (16, 15), (16, 15), (16, 15)]  dist=[0.0, 0.0, 0.0, 0.0]  rmse=0.056776803837201406  cov=58.77000093460083%  iou=0.7124600638
977636
Step 434  pos=[(16, 15), (16, 15), (16, 15), (16, 15)]  dist=[0.0, 0.0, 0.0, 0.0]  rmse=0.0567703016373616  cov=58.77000093460083%  iou=0.712460063897
7636
Step 435  pos=[(16, 15), (16, 15), (16, 15), (16, 15)]  dist=[0.0, 0.0, 0.0, 0.0]  rmse=0.056776397855980654  cov=58.77000093460083%  iou=0.7124600638
977636
Step 436  pos=[(16, 15), (16, 15), (16, 15), (16, 15)]  dist=[0.0, 0.0, 0.0, 0.0]  rmse=0.05677693711323186  cov=58.77000093460083%  iou=0.71246006389
77636
Step 437  pos=[(16, 15), (16, 15), (16, 15), (16, 15)]  dist=[0.0, 0.0, 0.0, 0.0]  rmse=0.05677514298658074  cov=58.77000093460083%  iou=0.71246006389
77636
Step 438  pos=[(16, 15), (16, 15), (16, 15), (16, 15)]  dist=[0.0, 0.0, 0.0, 0.0]  rmse=0.0567806748658667  cov=58.77000093460083%  iou=0.712460063897
7636
Step 439  pos=[(16, 15), (16, 15), (16, 15), (16, 15)]  dist=[0.0, 0.0, 0.0, 0.0]  rmse=0.056776680812895615  cov=58.77000093460083%  iou=0.7124600638
977636
Step 440  pos=[(16, 15), (16, 15), (16, 15), (16, 15)]  dist=[0.0, 0.0, 0.0, 0.0]  rmse=0.056778396977883824  cov=58.77000093460083%  iou=0.7124600638
977636
Step 441  pos=[(16, 15), (16, 15), (16, 15), (16, 15)]  dist=[0.0, 0.0, 0.0, 0.0]  rmse=0.05677535418386207  cov=58.77000093460083%  iou=0.71246006389
77636
Step 442  pos=[(16, 15), (16, 15), (16, 15), (16, 15)]  dist=[0.0, 0.0, 0.0, 0.0]  rmse=0.056773354954815045  cov=58.77000093460083%  iou=0.7124600638
977636
Step 443  pos=[(16, 15), (16, 15), (16, 15), (16, 15)]  dist=[0.0, 0.0, 0.0, 0.0]  rmse=0.056778222698262194  cov=58.77000093460083%  iou=0.7124600638
977636
Step 444  pos=[(16, 15), (16, 15), (16, 15), (16, 15)]  dist=[0.0, 0.0, 0.0, 0.0]  rmse=0.05677867992483615  cov=58.77000093460083%  iou=0.71246006389
77636
Step 445  pos=[(16, 15), (16, 15), (16, 15), (16, 15)]  dist=[0.0, 0.0, 0.0, 0.0]  rmse=0.056776131301075186  cov=58.77000093460083%  iou=0.7124600638
977636
Step 446  pos=[(16, 15), (16, 15), (16, 15), (16, 15)]  dist=[0.0, 0.0, 0.0, 0.0]  rmse=0.05677986500617119  cov=58.77000093460083%  iou=0.71246006389
77636
Step 447  pos=[(16, 15), (16, 15), (16, 15), (16, 15)]  dist=[0.0, 0.0, 0.0, 0.0]  rmse=0.05677608209080195  cov=58.77000093460083%  iou=0.71246006389
77636
Step 448  pos=[(16, 15), (16, 15), (16, 15), (16, 15)]  dist=[0.0, 0.0, 0.0, 0.0]  rmse=0.056778294460524126  cov=58.77000093460083%  iou=0.7124600638
977636
Step 449  pos=[(16, 15), (16, 15), (16, 15), (16, 15)]  dist=[0.0, 0.0, 0.0, 0.0]  rmse=0.05677842158202261  cov=58.77000093460083%  iou=0.71246006389
77636
Step 450  pos=[(16, 15), (16, 15), (16, 15), (16, 15)]  dist=[0.0, 0.0, 0.0, 0.0]  rmse=0.056775134784728724  cov=58.77000093460083%  iou=0.7124600638
977636
Step 451  pos=[(16, 15), (16, 15), (16, 15), (16, 15)]  dist=[0.0, 0.0, 0.0, 0.0]  rmse=0.0567768099884097  cov=58.77000093460083%  iou=0.712460063897
7636
Step 452  pos=[(16, 15), (16, 15), (16, 15), (16, 15)]  dist=[0.0, 0.0, 0.0, 0.0]  rmse=0.05677546695878763  cov=58.77000093460083%  iou=0.71246006389
77636
Step 453  pos=[(16, 15), (16, 15), (16, 15), (16, 15)]  dist=[0.0, 0.0, 0.0, 0.0]  rmse=0.05677824320177486  cov=58.77000093460083%  iou=0.71246006389
77636
Step 454  pos=[(16, 15), (16, 15), (16, 15), (16, 15)]  dist=[0.0, 0.0, 0.0, 0.0]  rmse=0.05677839287719299  cov=58.77000093460083%  iou=0.71246006389
77636
Step 455  pos=[(16, 15), (16, 15), (16, 15), (16, 15)]  dist=[0.0, 0.0, 0.0, 0.0]  rmse=0.05677603083005531  cov=58.77000093460083%  iou=0.71246006389
77636
Step 456  pos=[(16, 15), (16, 15), (16, 15), (16, 15)]  dist=[0.0, 0.0, 0.0, 0.0]  rmse=0.0567736584320641  cov=58.77000093460083%  iou=0.712460063897
7636
Step 457  pos=[(16, 15), (16, 15), (16, 15), (16, 15)]  dist=[0.0, 0.0, 0.0, 0.0]  rmse=0.056782339655089185  cov=58.77000093460083%  iou=0.7124600638
977636
Step 458  pos=[(16, 15), (16, 15), (16, 15), (16, 15)]  dist=[0.0, 0.0, 0.0, 0.0]  rmse=0.05677415055388464  cov=58.77000093460083%  iou=0.71246006389
77636
Step 459  pos=[(16, 15), (16, 15), (16, 15), (16, 15)]  dist=[0.0, 0.0, 0.0, 0.0]  rmse=0.05677743740815481  cov=58.77000093460083%  iou=0.71246006389
77636
Step 460  pos=[(16, 15), (16, 15), (16, 15), (16, 15)]  dist=[0.0, 0.0, 0.0, 0.0]  rmse=0.056777170858129784  cov=58.77000093460083%  iou=0.7124600638
977636
Step 461  pos=[(16, 15), (16, 15), (16, 15), (16, 15)]  dist=[0.0, 0.0, 0.0, 0.0]  rmse=0.05677793359794544  cov=58.77000093460083%  iou=0.71246006389
77636
Step 462  pos=[(16, 15), (16, 15), (16, 15), (16, 15)]  dist=[0.0, 0.0, 0.0, 0.0]  rmse=0.05677644706598021  cov=58.77000093460083%  iou=0.71246006389
77636
Step 463  pos=[(16, 15), (16, 15), (16, 15), (16, 15)]  dist=[0.0, 0.0, 0.0, 0.0]  rmse=0.05677506506893876  cov=58.77000093460083%  iou=0.71246006389
77636
Step 464  pos=[(16, 15), (16, 15), (16, 15), (16, 15)]  dist=[0.0, 0.0, 0.0, 0.0]  rmse=0.056770824547571555  cov=58.77000093460083%  iou=0.7124600638
977636
Step 465  pos=[(16, 15), (16, 15), (16, 15), (16, 15)]  dist=[0.0, 0.0, 0.0, 0.0]  rmse=0.056777742913952135  cov=58.77000093460083%  iou=0.7124600638
977636
Step 466  pos=[(16, 15), (16, 15), (16, 15), (16, 15)]  dist=[0.0, 0.0, 0.0, 0.0]  rmse=0.056775319326112496  cov=58.77000093460083%  iou=0.7124600638
977636
Step 467  pos=[(16, 15), (16, 15), (16, 15), (16, 15)]  dist=[0.0, 0.0, 0.0, 0.0]  rmse=0.056772602406259316  cov=58.77000093460083%  iou=0.7124600638
977636
Step 468  pos=[(16, 15), (16, 15), (16, 15), (16, 15)]  dist=[0.0, 0.0, 0.0, 0.0]  rmse=0.056773719947524955  cov=58.77000093460083%  iou=0.7124600638
977636
Step 469  pos=[(16, 15), (16, 15), (16, 15), (16, 15)]  dist=[0.0, 0.0, 0.0, 0.0]  rmse=0.056776613149413804  cov=58.77000093460083%  iou=0.7124600638
977636
Step 470  pos=[(16, 15), (16, 15), (16, 15), (16, 15)]  dist=[0.0, 0.0, 0.0, 0.0]  rmse=0.05677646141888871  cov=58.77000093460083%  iou=0.71246006389
77636
Step 471  pos=[(16, 15), (16, 15), (16, 15), (16, 15)]  dist=[0.0, 0.0, 0.0, 0.0]  rmse=0.056777896691416065  cov=58.77000093460083%  iou=0.7124600638
977636
Step 472  pos=[(16, 15), (16, 15), (16, 15), (16, 15)]  dist=[0.0, 0.0, 0.0, 0.0]  rmse=0.056781626179970596  cov=58.77000093460083%  iou=0.7124600638
977636
Step 473  pos=[(16, 15), (16, 15), (16, 15), (16, 15)]  dist=[0.0, 0.0, 0.0, 0.0]  rmse=0.05677637530138327  cov=58.77000093460083%  iou=0.71246006389
77636
Step 474  pos=[(16, 15), (16, 15), (16, 15), (16, 15)]  dist=[0.0, 0.0, 0.0, 0.0]  rmse=0.05677684689564545  cov=58.77000093460083%  iou=0.71246006389
77636
Step 475  pos=[(16, 15), (16, 15), (16, 15), (16, 15)]  dist=[0.0, 0.0, 0.0, 0.0]  rmse=0.05677676282912909  cov=58.77000093460083%  iou=0.71246006389
77636
Step 476  pos=[(16, 15), (16, 15), (16, 15), (16, 15)]  dist=[0.0, 0.0, 0.0, 0.0]  rmse=0.05678316998122413  cov=58.77000093460083%  iou=0.71246006389
77636
Step 477  pos=[(16, 15), (16, 15), (16, 15), (16, 15)]  dist=[0.0, 0.0, 0.0, 0.0]  rmse=0.05677495229321491  cov=58.77000093460083%  iou=0.71246006389
77636
Step 478  pos=[(16, 15), (16, 15), (16, 15), (16, 15)]  dist=[0.0, 0.0, 0.0, 0.0]  rmse=0.05677824525212572  cov=58.77000093460083%  iou=0.71246006389
77636
Step 479  pos=[(16, 15), (16, 15), (16, 15), (16, 15)]  dist=[0.0, 0.0, 0.0, 0.0]  rmse=0.056778474890953404  cov=58.77000093460083%  iou=0.7124600638
977636
Step 480  pos=[(16, 15), (16, 15), (16, 15), (16, 15)]  dist=[0.0, 0.0, 0.0, 0.0]  rmse=0.05677733898982975  cov=58.77000093460083%  iou=0.71246006389
77636
Step 481  pos=[(16, 15), (16, 15), (16, 15), (16, 15)]  dist=[0.0, 0.0, 0.0, 0.0]  rmse=0.05677539929385918  cov=58.77000093460083%  iou=0.71246006389
77636
Step 482  pos=[(16, 15), (16, 15), (16, 15), (16, 15)]  dist=[0.0, 0.0, 0.0, 0.0]  rmse=0.05677333855059321  cov=58.77000093460083%  iou=0.71246006389
77636
Step 483  pos=[(16, 15), (16, 15), (16, 15), (16, 15)]  dist=[0.0, 0.0, 0.0, 0.0]  rmse=0.05677671361940322  cov=58.77000093460083%  iou=0.71246006389
77636
Step 484  pos=[(16, 15), (16, 15), (16, 15), (16, 15)]  dist=[0.0, 0.0, 0.0, 0.0]  rmse=0.05677655368749958  cov=58.77000093460083%  iou=0.71246006389
77636
Step 485  pos=[(16, 15), (16, 15), (16, 15), (16, 15)]  dist=[0.0, 0.0, 0.0, 0.0]  rmse=0.05677750917140928  cov=58.77000093460083%  iou=0.71246006389
77636
Step 486  pos=[(16, 15), (16, 15), (16, 15), (16, 15)]  dist=[0.0, 0.0, 0.0, 0.0]  rmse=0.056777035532253536  cov=58.77000093460083%  iou=0.7124600638
977636
Step 487  pos=[(16, 15), (16, 15), (16, 15), (16, 15)]  dist=[0.0, 0.0, 0.0, 0.0]  rmse=0.05677917815408567  cov=58.77000093460083%  iou=0.71246006389
77636
Step 488  pos=[(16, 15), (16, 15), (16, 15), (16, 15)]  dist=[0.0, 0.0, 0.0, 0.0]  rmse=0.056770812243857244  cov=58.77000093460083%  iou=0.7124600638
977636
Step 489  pos=[(16, 15), (16, 15), (16, 15), (16, 15)]  dist=[0.0, 0.0, 0.0, 0.0]  rmse=0.05677731643560623  cov=58.77000093460083%  iou=0.71246006389
77636
Step 490  pos=[(16, 15), (16, 15), (16, 15), (16, 15)]  dist=[0.0, 0.0, 0.0, 0.0]  rmse=0.05678014999609011  cov=58.77000093460083%  iou=0.71246006389
77636
Step 491  pos=[(16, 15), (16, 15), (16, 15), (16, 15)]  dist=[0.0, 0.0, 0.0, 0.0]  rmse=0.05677685509725014  cov=58.77000093460083%  iou=0.71246006389
77636
Step 492  pos=[(16, 15), (16, 15), (16, 15), (16, 15)]  dist=[0.0, 0.0, 0.0, 0.0]  rmse=0.0567785917603573  cov=58.77000093460083%  iou=0.712460063897
7636
Step 493  pos=[(16, 15), (16, 15), (16, 15), (16, 15)]  dist=[0.0, 0.0, 0.0, 0.0]  rmse=0.05678030376703497  cov=58.77000093460083%  iou=0.71246006389
77636
Step 494  pos=[(16, 15), (16, 15), (16, 15), (16, 15)]  dist=[0.0, 0.0, 0.0, 0.0]  rmse=0.056774650873362593  cov=58.77000093460083%  iou=0.7124600638
977636
Step 495  pos=[(16, 15), (16, 15), (16, 15), (16, 15)]  dist=[0.0, 0.0, 0.0, 0.0]  rmse=0.056777404602065415  cov=58.77000093460083%  iou=0.7124600638
977636
Step 496  pos=[(16, 15), (16, 15), (16, 15), (16, 15)]  dist=[0.0, 0.0, 0.0, 0.0]  rmse=0.05677636709970928  cov=58.77000093460083%  iou=0.71246006389
77636
Step 497  pos=[(16, 15), (16, 15), (16, 15), (16, 15)]  dist=[0.0, 0.0, 0.0, 0.0]  rmse=0.0567790715374946  cov=58.77000093460083%  iou=0.712460063897
7636
Step 498  pos=[(16, 15), (16, 15), (16, 15), (16, 15)]  dist=[0.0, 0.0, 0.0, 0.0]  rmse=0.05677693711323186  cov=58.77000093460083%  iou=0.71246006389
77636
Step 499  pos=[(16, 15), (16, 15), (16, 15), (16, 15)]  dist=[0.0, 0.0, 0.0, 0.0]  rmse=0.056774119796395836  cov=58.77000093460083%  iou=0.7124600638
977636
Step 500  pos=[(16, 15), (16, 15), (16, 15), (16, 15)]  dist=[0.0, 0.0, 0.0, 0.0]  rmse=0.05677702938106968  cov=58.77000093460083%  iou=0.71246006389
77636
Step 501  pos=[(16, 15), (16, 15), (16, 15), (16, 15)]  dist=[0.0, 0.0, 0.0, 0.0]  rmse=0.05678080403229437  cov=58.77000093460083%  iou=0.71246006389
77636
Step 502  pos=[(16, 15), (16, 15), (16, 15), (16, 15)]  dist=[0.0, 0.0, 0.0, 0.0]  rmse=0.0567792601667118  cov=58.77000093460083%  iou=0.712460063897
7636
Step 503  pos=[(16, 15), (16, 15), (16, 15), (16, 15)]  dist=[0.0, 0.0, 0.0, 0.0]  rmse=0.05677464472192037  cov=58.77000093460083%  iou=0.71246006389
77636
Step 504  pos=[(16, 15), (16, 15), (16, 15), (16, 15)]  dist=[0.0, 0.0, 0.0, 0.0]  rmse=0.05677551411914462  cov=58.77000093460083%  iou=0.71246006389
77636
Step 505  pos=[(16, 15), (16, 15), (16, 15), (16, 15)]  dist=[0.0, 0.0, 0.0, 0.0]  rmse=0.05677762604280099  cov=58.77000093460083%  iou=0.71246006389
77636
Step 506  pos=[(16, 15), (16, 15), (16, 15), (16, 15)]  dist=[0.0, 0.0, 0.0, 0.0]  rmse=0.056778050468463515  cov=58.77000093460083%  iou=0.7124600638
977636
Step 507  pos=[(16, 15), (16, 15), (16, 15), (16, 15)]  dist=[0.0, 0.0, 0.0, 0.0]  rmse=0.0567783395681852  cov=58.77000093460083%  iou=0.712460063897
7636
Step 508  pos=[(16, 15), (16, 15), (16, 15), (16, 15)]  dist=[0.0, 0.0, 0.0, 0.0]  rmse=0.05677857125697051  cov=58.77000093460083%  iou=0.71246006389
77636
Step 509  pos=[(16, 15), (16, 15), (16, 15), (16, 15)]  dist=[0.0, 0.0, 0.0, 0.0]  rmse=0.05677457910649522  cov=58.77000093460083%  iou=0.71246006389
77636
Step 510  pos=[(16, 15), (16, 15), (16, 15), (16, 15)]  dist=[0.0, 0.0, 0.0, 0.0]  rmse=0.056777753165796016  cov=58.77000093460083%  iou=0.7124600638
977636
Step 511  pos=[(16, 15), (16, 15), (16, 15), (16, 15)]  dist=[0.0, 0.0, 0.0, 0.0]  rmse=0.056775251661008094  cov=58.77000093460083%  iou=0.7124600638
977636
Step 512  pos=[(16, 15), (16, 15), (16, 15), (16, 15)]  dist=[0.0, 0.0, 0.0, 0.0]  rmse=0.05677523525733427  cov=58.77000093460083%  iou=0.71246006389
77636
Step 513  pos=[(16, 15), (16, 15), (16, 15), (16, 15)]  dist=[0.0, 0.0, 0.0, 0.0]  rmse=0.056776233822340774  cov=58.77000093460083%  iou=0.7124600638
977636
Step 514  pos=[(16, 15), (16, 15), (16, 15), (16, 15)]  dist=[0.0, 0.0, 0.0, 0.0]  rmse=0.05677762604280099  cov=58.77000093460083%  iou=0.71246006389
77636
Step 515  pos=[(16, 15), (16, 15), (16, 15), (16, 15)]  dist=[0.0, 0.0, 0.0, 0.0]  rmse=0.05677989165996525  cov=58.77000093460083%  iou=0.71246006389
77636
Step 516  pos=[(16, 15), (16, 15), (16, 15), (16, 15)]  dist=[0.0, 0.0, 0.0, 0.0]  rmse=0.056774447875417425  cov=58.77000093460083%  iou=0.7124600638
977636
Step 517  pos=[(16, 15), (16, 15), (16, 15), (16, 15)]  dist=[0.0, 0.0, 0.0, 0.0]  rmse=0.05677560638929499  cov=58.77000093460083%  iou=0.71246006389
77636
Step 518  pos=[(16, 15), (16, 15), (16, 15), (16, 15)]  dist=[0.0, 0.0, 0.0, 0.0]  rmse=0.05677742715625391  cov=58.77000093460083%  iou=0.71246006389
77636
Step 519  pos=[(16, 15), (16, 15), (16, 15), (16, 15)]  dist=[0.0, 0.0, 0.0, 0.0]  rmse=0.05677529472062932  cov=58.77000093460083%  iou=0.71246006389
77636
Step 520  pos=[(16, 15), (16, 15), (16, 15), (16, 15)]  dist=[0.0, 0.0, 0.0, 0.0]  rmse=0.05678046983918768  cov=58.77000093460083%  iou=0.71246006389
77636
Step 521  pos=[(16, 15), (16, 15), (16, 15), (16, 15)]  dist=[0.0, 0.0, 0.0, 0.0]  rmse=0.056774806709676516  cov=58.77000093460083%  iou=0.7124600638
977636
Step 522  pos=[(16, 15), (16, 15), (16, 15), (16, 15)]  dist=[0.0, 0.0, 0.0, 0.0]  rmse=0.05677688585325717  cov=58.77000093460083%  iou=0.71246006389
77636
Step 523  pos=[(16, 15), (16, 15), (16, 15), (16, 15)]  dist=[0.0, 0.0, 0.0, 0.0]  rmse=0.056775358284772384  cov=58.77000093460083%  iou=0.7124600638
977636
Step 524  pos=[(16, 15), (16, 15), (16, 15), (16, 15)]  dist=[0.0, 0.0, 0.0, 0.0]  rmse=0.056780959851720846  cov=58.77000093460083%  iou=0.7124600638
977636
Step 525  pos=[(16, 15), (16, 15), (16, 15), (16, 15)]  dist=[0.0, 0.0, 0.0, 0.0]  rmse=0.05677391064503001  cov=58.77000093460083%  iou=0.71246006389
77636
Step 526  pos=[(16, 15), (16, 15), (16, 15), (16, 15)]  dist=[0.0, 0.0, 0.0, 0.0]  rmse=0.05677720571474264  cov=58.77000093460083%  iou=0.71246006389
77636
Step 527  pos=[(16, 15), (16, 15), (16, 15), (16, 15)]  dist=[0.0, 0.0, 0.0, 0.0]  rmse=0.05677360921964743  cov=58.77000093460083%  iou=0.71246006389
77636
Step 528  pos=[(16, 15), (16, 15), (16, 15), (16, 15)]  dist=[0.0, 0.0, 0.0, 0.0]  rmse=0.056774372007312196  cov=58.77000093460083%  iou=0.7124600638
977636
Step 529  pos=[(16, 15), (16, 15), (16, 15), (16, 15)]  dist=[0.0, 0.0, 0.0, 0.0]  rmse=0.05677701297790947  cov=58.77000093460083%  iou=0.71246006389
77636
Step 530  pos=[(16, 15), (16, 15), (16, 15), (16, 15)]  dist=[0.0, 0.0, 0.0, 0.0]  rmse=0.05677506506893876  cov=58.77000093460083%  iou=0.71246006389
77636
Step 531  pos=[(16, 15), (16, 15), (16, 15), (16, 15)]  dist=[0.0, 0.0, 0.0, 0.0]  rmse=0.056773879887411234  cov=58.77000093460083%  iou=0.7124600638
977636
Step 532  pos=[(16, 15), (16, 15), (16, 15), (16, 15)]  dist=[0.0, 0.0, 0.0, 0.0]  rmse=0.056774804659201476  cov=58.77000093460083%  iou=0.7124600638
977636
Step 533  pos=[(16, 15), (16, 15), (16, 15), (16, 15)]  dist=[0.0, 0.0, 0.0, 0.0]  rmse=0.05677775111542739  cov=58.77000093460083%  iou=0.71246006389
77636
Step 534  pos=[(16, 15), (16, 15), (16, 15), (16, 15)]  dist=[0.0, 0.0, 0.0, 0.0]  rmse=0.056777496869143525  cov=58.77000093460083%  iou=0.7124600638
977636
Step 535  pos=[(16, 15), (16, 15), (16, 15), (16, 15)]  dist=[0.0, 0.0, 0.0, 0.0]  rmse=0.05677673412346085  cov=58.77000093460083%  iou=0.71246006389
77636
Step 536  pos=[(16, 15), (16, 15), (16, 15), (16, 15)]  dist=[0.0, 0.0, 0.0, 0.0]  rmse=0.05677381632161294  cov=58.77000093460083%  iou=0.71246006389
77636
Step 537  pos=[(16, 15), (16, 15), (16, 15), (16, 15)]  dist=[0.0, 0.0, 0.0, 0.0]  rmse=0.056776172309603634  cov=58.77000093460083%  iou=0.7124600638
977636
Step 538  pos=[(16, 15), (16, 15), (16, 15), (16, 15)]  dist=[0.0, 0.0, 0.0, 0.0]  rmse=0.056775868845791715  cov=58.77000093460083%  iou=0.7124600638
977636
Step 539  pos=[(16, 15), (16, 15), (16, 15), (16, 15)]  dist=[0.0, 0.0, 0.0, 0.0]  rmse=0.05677612514979336  cov=58.77000093460083%  iou=0.71246006389
77636
Step 540  pos=[(16, 15), (16, 15), (16, 15), (16, 15)]  dist=[0.0, 0.0, 0.0, 0.0]  rmse=0.056776477822208266  cov=58.77000093460083%  iou=0.7124600638
977636
Step 541  pos=[(16, 15), (16, 15), (16, 15), (16, 15)]  dist=[0.0, 0.0, 0.0, 0.0]  rmse=0.05677758708569715  cov=58.77000093460083%  iou=0.71246006389
77636
Step 542  pos=[(16, 15), (16, 15), (16, 15), (16, 15)]  dist=[0.0, 0.0, 0.0, 0.0]  rmse=0.056777166757350395  cov=58.77000093460083%  iou=0.7124600638
977636
Step 543  pos=[(16, 15), (16, 15), (16, 15), (16, 15)]  dist=[0.0, 0.0, 0.0, 0.0]  rmse=0.05677874348518946  cov=58.77000093460083%  iou=0.71246006389
77636
Step 544  pos=[(16, 15), (16, 15), (16, 15), (16, 15)]  dist=[0.0, 0.0, 0.0, 0.0]  rmse=0.05677608414123085  cov=58.77000093460083%  iou=0.71246006389
77636
Step 545  pos=[(16, 15), (16, 15), (16, 15), (16, 15)]  dist=[0.0, 0.0, 0.0, 0.0]  rmse=0.056775737617695006  cov=58.77000093460083%  iou=0.7124600638
977636
Step 546  pos=[(16, 15), (16, 15), (16, 15), (16, 15)]  dist=[0.0, 0.0, 0.0, 0.0]  rmse=0.05677720981551922  cov=58.77000093460083%  iou=0.71246006389
77636
Step 547  pos=[(16, 15), (16, 15), (16, 15), (16, 15)]  dist=[0.0, 0.0, 0.0, 0.0]  rmse=0.05677305352648213  cov=58.77000093460083%  iou=0.71246006389
77636
Step 548  pos=[(16, 15), (16, 15), (16, 15), (16, 15)]  dist=[0.0, 0.0, 0.0, 0.0]  rmse=0.05677496459603203  cov=58.77000093460083%  iou=0.71246006389
77636
Step 549  pos=[(16, 15), (16, 15), (16, 15), (16, 15)]  dist=[0.0, 0.0, 0.0, 0.0]  rmse=0.05677374250317723  cov=58.77000093460083%  iou=0.71246006389
77636
Step 550  pos=[(16, 15), (16, 15), (16, 15), (16, 15)]  dist=[0.0, 0.0, 0.0, 0.0]  rmse=0.05678133094626469  cov=58.77000093460083%  iou=0.71246006389
77636
Step 551  pos=[(16, 15), (16, 15), (16, 15), (16, 15)]  dist=[0.0, 0.0, 0.0, 0.0]  rmse=0.056773521047294204  cov=58.77000093460083%  iou=0.7124600638
977636
Step 552  pos=[(16, 15), (16, 15), (16, 15), (16, 15)]  dist=[0.0, 0.0, 0.0, 0.0]  rmse=0.05677950620387944  cov=58.77000093460083%  iou=0.71246006389
77636
Step 553  pos=[(16, 15), (16, 15), (16, 15), (16, 15)]  dist=[0.0, 0.0, 0.0, 0.0]  rmse=0.056773668684645534  cov=58.77000093460083%  iou=0.7124600638
977636
Step 554  pos=[(16, 15), (16, 15), (16, 15), (16, 15)]  dist=[0.0, 0.0, 0.0, 0.0]  rmse=0.056778928014844326  cov=58.77000093460083%  iou=0.7124600638
977636
Step 555  pos=[(16, 15), (16, 15), (16, 15), (16, 15)]  dist=[0.0, 0.0, 0.0, 0.0]  rmse=0.05677943444314901  cov=58.77000093460083%  iou=0.71246006389
77636
Step 556  pos=[(16, 15), (16, 15), (16, 15), (16, 15)]  dist=[0.0, 0.0, 0.0, 0.0]  rmse=0.0567768099884097  cov=58.77000093460083%  iou=0.712460063897
7636
Step 557  pos=[(16, 15), (16, 15), (16, 15), (16, 15)]  dist=[0.0, 0.0, 0.0, 0.0]  rmse=0.056775249610549125  cov=58.77000093460083%  iou=0.7124600638
977636
Step 558  pos=[(16, 15), (16, 15), (16, 15), (16, 15)]  dist=[0.0, 0.0, 0.0, 0.0]  rmse=0.056774404815153924  cov=58.77000093460083%  iou=0.7124600638
977636
Step 559  pos=[(16, 15), (16, 15), (16, 15), (16, 15)]  dist=[0.0, 0.0, 0.0, 0.0]  rmse=0.056779520556014644  cov=58.77000093460083%  iou=0.7124600638
977636
Step 560  pos=[(16, 15), (16, 15), (16, 15), (16, 15)]  dist=[0.0, 0.0, 0.0, 0.0]  rmse=0.056781066464766265  cov=58.77000093460083%  iou=0.7124600638
977636
Step 561  pos=[(16, 15), (16, 15), (16, 15), (16, 15)]  dist=[0.0, 0.0, 0.0, 0.0]  rmse=0.056776506528006095  cov=58.77000093460083%  iou=0.7124600638
977636
Step 562  pos=[(16, 15), (16, 15), (16, 15), (16, 15)]  dist=[0.0, 0.0, 0.0, 0.0]  rmse=0.05677380196803574  cov=58.77000093460083%  iou=0.71246006389
77636
Step 563  pos=[(16, 15), (16, 15), (16, 15), (16, 15)]  dist=[0.0, 0.0, 0.0, 0.0]  rmse=0.05677747226460402  cov=58.77000093460083%  iou=0.71246006389
77636
Step 564  pos=[(16, 15), (16, 15), (16, 15), (16, 15)]  dist=[0.0, 0.0, 0.0, 0.0]  rmse=0.05677443352199989  cov=58.77000093460083%  iou=0.71246006389
77636
Step 565  pos=[(16, 15), (16, 15), (16, 15), (16, 15)]  dist=[0.0, 0.0, 0.0, 0.0]  rmse=0.056776069788226975  cov=58.77000093460083%  iou=0.7124600638
977636
Step 566  pos=[(16, 15), (16, 15), (16, 15), (16, 15)]  dist=[0.0, 0.0, 0.0, 0.0]  rmse=0.056776416309735483  cov=58.77000093460083%  iou=0.7124600638
977636
Step 567  pos=[(16, 15), (16, 15), (16, 15), (16, 15)]  dist=[0.0, 0.0, 0.0, 0.0]  rmse=0.056776978121178295  cov=58.77000093460083%  iou=0.7124600638
977636
Step 568  pos=[(16, 15), (16, 15), (16, 15), (16, 15)]  dist=[0.0, 0.0, 0.0, 0.0]  rmse=0.05678151956797609  cov=58.77000093460083%  iou=0.71246006389
77636
Step 569  pos=[(16, 15), (16, 15), (16, 15), (16, 15)]  dist=[0.0, 0.0, 0.0, 0.0]  rmse=0.05677549566509655  cov=58.77000093460083%  iou=0.71246006389
77636
Step 570  pos=[(16, 15), (16, 15), (16, 15), (16, 15)]  dist=[0.0, 0.0, 0.0, 0.0]  rmse=0.05677428383614361  cov=58.77000093460083%  iou=0.71246006389
77636
Step 571  pos=[(16, 15), (16, 15), (16, 15), (16, 15)]  dist=[0.0, 0.0, 0.0, 0.0]  rmse=0.056776500376764925  cov=58.77000093460083%  iou=0.7124600638
977636
Step 572  pos=[(16, 15), (16, 15), (16, 15), (16, 15)]  dist=[0.0, 0.0, 0.0, 0.0]  rmse=0.056778249352827215  cov=58.77000093460083%  iou=0.7124600638
977636
Step 573  pos=[(16, 15), (16, 15), (16, 15), (16, 15)]  dist=[0.0, 0.0, 0.0, 0.0]  rmse=0.056778044317389614  cov=58.77000093460083%  iou=0.7124600638
977636
Step 574  pos=[(16, 15), (16, 15), (16, 15), (16, 15)]  dist=[0.0, 0.0, 0.0, 0.0]  rmse=0.05677712779993142  cov=58.77000093460083%  iou=0.71246006389
77636
Step 575  pos=[(16, 15), (16, 15), (16, 15), (16, 15)]  dist=[0.0, 0.0, 0.0, 0.0]  rmse=0.05677801561236926  cov=58.77000093460083%  iou=0.71246006389
77636
Step 576  pos=[(16, 15), (16, 15), (16, 15), (16, 15)]  dist=[0.0, 0.0, 0.0, 0.0]  rmse=0.056776094393374256  cov=58.77000093460083%  iou=0.7124600638
977636
Step 577  pos=[(16, 15), (16, 15), (16, 15), (16, 15)]  dist=[0.0, 0.0, 0.0, 0.0]  rmse=0.056776840744441164  cov=58.77000093460083%  iou=0.7124600638
977636
Step 578  pos=[(16, 15), (16, 15), (16, 15), (16, 15)]  dist=[0.0, 0.0, 0.0, 0.0]  rmse=0.056776982221971306  cov=58.77000093460083%  iou=0.7124600638
977636
Step 579  pos=[(16, 15), (16, 15), (16, 15), (16, 15)]  dist=[0.0, 0.0, 0.0, 0.0]  rmse=0.0567749625455627  cov=58.77000093460083%  iou=0.712460063897
7636
Step 580  pos=[(16, 15), (16, 15), (16, 15), (16, 15)]  dist=[0.0, 0.0, 0.0, 0.0]  rmse=0.05677568840708055  cov=58.77000093460083%  iou=0.71246006389
77636
Step 581  pos=[(16, 15), (16, 15), (16, 15), (16, 15)]  dist=[0.0, 0.0, 0.0, 0.0]  rmse=0.05677503636241212  cov=58.77000093460083%  iou=0.71246006389
77636
Step 582  pos=[(16, 15), (16, 15), (16, 15), (16, 15)]  dist=[0.0, 0.0, 0.0, 0.0]  rmse=0.05677682639162855  cov=58.77000093460083%  iou=0.71246006389
77636
Step 583  pos=[(16, 15), (16, 15), (16, 15), (16, 15)]  dist=[0.0, 0.0, 0.0, 0.0]  rmse=0.05677622767107006  cov=58.77000093460083%  iou=0.71246006389
77636
Step 584  pos=[(16, 15), (16, 15), (16, 15), (16, 15)]  dist=[0.0, 0.0, 0.0, 0.0]  rmse=0.056779696881951065  cov=58.77000093460083%  iou=0.7124600638
977636
Step 585  pos=[(16, 15), (16, 15), (16, 15), (16, 15)]  dist=[0.0, 0.0, 0.0, 0.0]  rmse=0.05678171023928666  cov=58.77000093460083%  iou=0.71246006389
77636
Step 586  pos=[(16, 15), (16, 15), (16, 15), (16, 15)]  dist=[0.0, 0.0, 0.0, 0.0]  rmse=0.05677543415155966  cov=58.77000093460083%  iou=0.71246006389
77636
Step 587  pos=[(16, 15), (16, 15), (16, 15), (16, 15)]  dist=[0.0, 0.0, 0.0, 0.0]  rmse=0.056777347191363355  cov=58.77000093460083%  iou=0.7124600638
977636
Step 588  pos=[(16, 15), (16, 15), (16, 15), (16, 15)]  dist=[0.0, 0.0, 0.0, 0.0]  rmse=0.0567764675701341  cov=58.77000093460083%  iou=0.712460063897
7636
Step 589  pos=[(16, 15), (16, 15), (16, 15), (16, 15)]  dist=[0.0, 0.0, 0.0, 0.0]  rmse=0.0567813227453065  cov=58.77000093460083%  iou=0.712460063897
7636
Step 590  pos=[(16, 15), (16, 15), (16, 15), (16, 15)]  dist=[0.0, 0.0, 0.0, 0.0]  rmse=0.0567775788841982  cov=58.77000093460083%  iou=0.712460063897
7636
Step 591  pos=[(16, 15), (16, 15), (16, 15), (16, 15)]  dist=[0.0, 0.0, 0.0, 0.0]  rmse=0.056774806709676516  cov=58.77000093460083%  iou=0.7124600638
977636
Step 592  pos=[(16, 15), (16, 15), (16, 15), (16, 15)]  dist=[0.0, 0.0, 0.0, 0.0]  rmse=0.05677823295001946  cov=58.77000093460083%  iou=0.71246006389
77636
Step 593  pos=[(16, 15), (16, 15), (16, 15), (16, 15)]  dist=[0.0, 0.0, 0.0, 0.0]  rmse=0.05677562894419783  cov=58.77000093460083%  iou=0.71246006389
77636
Step 594  pos=[(16, 15), (16, 15), (16, 15), (16, 15)]  dist=[0.0, 0.0, 0.0, 0.0]  rmse=0.05677546285788517  cov=58.77000093460083%  iou=0.71246006389
77636
Step 595  pos=[(16, 15), (16, 15), (16, 15), (16, 15)]  dist=[0.0, 0.0, 0.0, 0.0]  rmse=0.05677583603879597  cov=58.77000093460083%  iou=0.71246006389
77636
Step 596  pos=[(16, 15), (16, 15), (16, 15), (16, 15)]  dist=[0.0, 0.0, 0.0, 0.0]  rmse=0.05677842363236703  cov=58.77000093460083%  iou=0.71246006389
77636
Step 597  pos=[(16, 15), (16, 15), (16, 15), (16, 15)]  dist=[0.0, 0.0, 0.0, 0.0]  rmse=0.05677962922206346  cov=58.77000093460083%  iou=0.71246006389
77636
Step 598  pos=[(16, 15), (16, 15), (16, 15), (16, 15)]  dist=[0.0, 0.0, 0.0, 0.0]  rmse=0.05677600622488048  cov=58.77000093460083%  iou=0.71246006389
77636
Step 599  pos=[(16, 15), (16, 15), (16, 15), (16, 15)]  dist=[0.0, 0.0, 0.0, 0.0]  rmse=0.056776014426606604  cov=58.77000093460083%  iou=0.7124600638
977636
Step 600  pos=[(16, 15), (16, 15), (16, 15), (16, 15)]  dist=[0.0, 0.0, 0.0, 0.0]  rmse=0.056784920801972366  cov=58.77000093460083%  iou=0.7124600638
977636
Step 601  pos=[(16, 15), (16, 15), (16, 15), (16, 15)]  dist=[0.0, 0.0, 0.0, 0.0]  rmse=0.05677352719885818  cov=58.77000093460083%  iou=0.71246006389
77636
Step 602  pos=[(16, 15), (16, 15), (16, 15), (16, 15)]  dist=[0.0, 0.0, 0.0, 0.0]  rmse=0.05678046983918768  cov=58.77000093460083%  iou=0.71246006389
77636
Step 603  pos=[(16, 15), (16, 15), (16, 15), (16, 15)]  dist=[0.0, 0.0, 0.0, 0.0]  rmse=0.05677676487953341  cov=58.77000093460083%  iou=0.71246006389
77636
Step 604  pos=[(16, 15), (16, 15), (16, 15), (16, 15)]  dist=[0.0, 0.0, 0.0, 0.0]  rmse=0.056776235872764196  cov=58.77000093460083%  iou=0.7124600638
977636
Step 605  pos=[(16, 15), (16, 15), (16, 15), (16, 15)]  dist=[0.0, 0.0, 0.0, 0.0]  rmse=0.05678152981913811  cov=58.77000093460083%  iou=0.71246006389
77636
Step 606  pos=[(16, 15), (16, 15), (16, 15), (16, 15)]  dist=[0.0, 0.0, 0.0, 0.0]  rmse=0.0567756309946431  cov=58.77000093460083%  iou=0.712460063897
7636
Step 607  pos=[(16, 15), (16, 15), (16, 15), (16, 15)]  dist=[0.0, 0.0, 0.0, 0.0]  rmse=0.056779436493456854  cov=58.77000093460083%  iou=0.7124600638
977636
Step 608  pos=[(16, 15), (16, 15), (16, 15), (16, 15)]  dist=[0.0, 0.0, 0.0, 0.0]  rmse=0.05677601237617518  cov=58.77000093460083%  iou=0.71246006389
77636
Step 609  pos=[(16, 15), (16, 15), (16, 15), (16, 15)]  dist=[0.0, 0.0, 0.0, 0.0]  rmse=0.05677611079679985  cov=58.77000093460083%  iou=0.71246006389
77636
Step 610  pos=[(16, 15), (16, 15), (16, 15), (16, 15)]  dist=[0.0, 0.0, 0.0, 0.0]  rmse=0.05677812018058782  cov=58.77000093460083%  iou=0.71246006389
77636
Step 611  pos=[(16, 15), (16, 15), (16, 15), (16, 15)]  dist=[0.0, 0.0, 0.0, 0.0]  rmse=0.05677482311347415  cov=58.77000093460083%  iou=0.71246006389
77636
Step 612  pos=[(16, 15), (16, 15), (16, 15), (16, 15)]  dist=[0.0, 0.0, 0.0, 0.0]  rmse=0.056776840744441164  cov=58.77000093460083%  iou=0.7124600638
977636
Step 613  pos=[(16, 15), (16, 15), (16, 15), (16, 15)]  dist=[0.0, 0.0, 0.0, 0.0]  rmse=0.056775204500433094  cov=58.77000093460083%  iou=0.7124600638
977636
Step 614  pos=[(16, 15), (16, 15), (16, 15), (16, 15)]  dist=[0.0, 0.0, 0.0, 0.0]  rmse=0.05677302071785952  cov=58.77000093460083%  iou=0.71246006389
77636
Step 615  pos=[(16, 15), (16, 15), (16, 15), (16, 15)]  dist=[0.0, 0.0, 0.0, 0.0]  rmse=0.05677552642184  cov=58.77000093460083%  iou=0.71246006389776
36
Step 616  pos=[(16, 15), (16, 15), (16, 15), (16, 15)]  dist=[0.0, 0.0, 0.0, 0.0]  rmse=0.056778528199834144  cov=58.77000093460083%  iou=0.7124600638
977636
Step 617  pos=[(16, 15), (16, 15), (16, 15), (16, 15)]  dist=[0.0, 0.0, 0.0, 0.0]  rmse=0.056776695165745024  cov=58.77000093460083%  iou=0.7124600638
977636
Step 618  pos=[(16, 15), (16, 15), (16, 15), (16, 15)]  dist=[0.0, 0.0, 0.0, 0.0]  rmse=0.05677754812856658  cov=58.77000093460083%  iou=0.71246006389
77636
Step 619  pos=[(16, 15), (16, 15), (16, 15), (16, 15)]  dist=[0.0, 0.0, 0.0, 0.0]  rmse=0.05677824525212572  cov=58.77000093460083%  iou=0.71246006389
77636
Step 620  pos=[(16, 15), (16, 15), (16, 15), (16, 15)]  dist=[0.0, 0.0, 0.0, 0.0]  rmse=0.056779430342533105  cov=58.77000093460083%  iou=0.7124600638
977636
Step 621  pos=[(16, 15), (16, 15), (16, 15), (16, 15)]  dist=[0.0, 0.0, 0.0, 0.0]  rmse=0.05677674847629679  cov=58.77000093460083%  iou=0.71246006389
77636
Step 622  pos=[(16, 15), (16, 15), (16, 15), (16, 15)]  dist=[0.0, 0.0, 0.0, 0.0]  rmse=0.056778146835200966  cov=58.77000093460083%  iou=0.7124600638
977636
Step 623  pos=[(16, 15), (16, 15), (16, 15), (16, 15)]  dist=[0.0, 0.0, 0.0, 0.0]  rmse=0.05678001877788785  cov=58.77000093460083%  iou=0.71246006389
77636
Step 624  pos=[(16, 15), (16, 15), (16, 15), (16, 15)]  dist=[0.0, 0.0, 0.0, 0.0]  rmse=0.05677412799839448  cov=58.77000093460083%  iou=0.71246006389
77636
Step 625  pos=[(16, 15), (16, 15), (16, 15), (16, 15)]  dist=[0.0, 0.0, 0.0, 0.0]  rmse=0.05677688585325717  cov=58.77000093460083%  iou=0.71246006389
77636
Step 626  pos=[(16, 15), (16, 15), (16, 15), (16, 15)]  dist=[0.0, 0.0, 0.0, 0.0]  rmse=0.056777203664354244  cov=58.77000093460083%  iou=0.7124600638
977636
Step 627  pos=[(16, 15), (16, 15), (16, 15), (16, 15)]  dist=[0.0, 0.0, 0.0, 0.0]  rmse=0.056775991871856904  cov=58.77000093460083%  iou=0.7124600638
977636
Step 628  pos=[(16, 15), (16, 15), (16, 15), (16, 15)]  dist=[0.0, 0.0, 0.0, 0.0]  rmse=0.05677576632386708  cov=58.77000093460083%  iou=0.71246006389
77636
Step 629  pos=[(16, 15), (16, 15), (16, 15), (16, 15)]  dist=[0.0, 0.0, 0.0, 0.0]  rmse=0.0567793524307746  cov=58.77000093460083%  iou=0.712460063897
7636
Step 630  pos=[(16, 15), (16, 15), (16, 15), (16, 15)]  dist=[0.0, 0.0, 0.0, 0.0]  rmse=0.05677932372641557  cov=58.77000093460083%  iou=0.71246006389
77636
Step 631  pos=[(16, 15), (16, 15), (16, 15), (16, 15)]  dist=[0.0, 0.0, 0.0, 0.0]  rmse=0.05677763834503875  cov=58.77000093460083%  iou=0.71246006389
77636
Step 632  pos=[(16, 15), (16, 15), (16, 15), (16, 15)]  dist=[0.0, 0.0, 0.0, 0.0]  rmse=0.05678151956797609  cov=58.77000093460083%  iou=0.71246006389
77636
Step 633  pos=[(16, 15), (16, 15), (16, 15), (16, 15)]  dist=[0.0, 0.0, 0.0, 0.0]  rmse=0.056780365275296306  cov=58.77000093460083%  iou=0.7124600638
977636
Step 634  pos=[(16, 15), (16, 15), (16, 15), (16, 15)]  dist=[0.0, 0.0, 0.0, 0.0]  rmse=0.05677573556725359  cov=58.77000093460083%  iou=0.71246006389
77636
Step 635  pos=[(16, 15), (16, 15), (16, 15), (16, 15)]  dist=[0.0, 0.0, 0.0, 0.0]  rmse=0.056775050715677254  cov=58.77000093460083%  iou=0.7124600638
977636
Step 636  pos=[(16, 15), (16, 15), (16, 15), (16, 15)]  dist=[0.0, 0.0, 0.0, 0.0]  rmse=0.05677776341763805  cov=58.77000093460083%  iou=0.71246006389
77636
Step 637  pos=[(16, 15), (16, 15), (16, 15), (16, 15)]  dist=[0.0, 0.0, 0.0, 0.0]  rmse=0.05678187425710606  cov=58.77000093460083%  iou=0.71246006389
77636
Step 638  pos=[(16, 15), (16, 15), (16, 15), (16, 15)]  dist=[0.0, 0.0, 0.0, 0.0]  rmse=0.056777896691416065  cov=58.77000093460083%  iou=0.7124600638
977636
Step 639  pos=[(16, 15), (16, 15), (16, 15), (16, 15)]  dist=[0.0, 0.0, 0.0, 0.0]  rmse=0.05677593240929201  cov=58.77000093460083%  iou=0.71246006389
77636
Step 640  pos=[(16, 15), (16, 15), (16, 15), (16, 15)]  dist=[0.0, 0.0, 0.0, 0.0]  rmse=0.056776592645312485  cov=58.77000093460083%  iou=0.7124600638
977636
Step 641  pos=[(16, 15), (16, 15), (16, 15), (16, 15)]  dist=[0.0, 0.0, 0.0, 0.0]  rmse=0.056779061285888756  cov=58.77000093460083%  iou=0.7124600638
977636
Step 642  pos=[(16, 15), (16, 15), (16, 15), (16, 15)]  dist=[0.0, 0.0, 0.0, 0.0]  rmse=0.05677727132713231  cov=58.77000093460083%  iou=0.71246006389
77636
Step 643  pos=[(16, 15), (16, 15), (16, 15), (16, 15)]  dist=[0.0, 0.0, 0.0, 0.0]  rmse=0.05677743740815481  cov=58.77000093460083%  iou=0.71246006389
77636
Step 644  pos=[(16, 15), (16, 15), (16, 15), (16, 15)]  dist=[0.0, 0.0, 0.0, 0.0]  rmse=0.056779668177766175  cov=58.77000093460083%  iou=0.7124600638
977636
Step 645  pos=[(16, 15), (16, 15), (16, 15), (16, 15)]  dist=[0.0, 0.0, 0.0, 0.0]  rmse=0.05677648807428058  cov=58.77000093460083%  iou=0.71246006389
77636
Step 646  pos=[(16, 15), (16, 15), (16, 15), (16, 15)]  dist=[0.0, 0.0, 0.0, 0.0]  rmse=0.05677606773779755  cov=58.77000093460083%  iou=0.71246006389
77636
Step 647  pos=[(16, 15), (16, 15), (16, 15), (16, 15)]  dist=[0.0, 0.0, 0.0, 0.0]  rmse=0.0567799306154879  cov=58.77000093460083%  iou=0.712460063897
7636
Step 648  pos=[(16, 15), (16, 15), (16, 15), (16, 15)]  dist=[0.0, 0.0, 0.0, 0.0]  rmse=0.05677903873234938  cov=58.77000093460083%  iou=0.71246006389
77636
Step 649  pos=[(16, 15), (16, 15), (16, 15), (16, 15)]  dist=[0.0, 0.0, 0.0, 0.0]  rmse=0.05677637120054642  cov=58.77000093460083%  iou=0.71246006389
77636
Step 650  pos=[(16, 15), (16, 15), (16, 15), (16, 15)]  dist=[0.0, 0.0, 0.0, 0.0]  rmse=0.05677587089622832  cov=58.77000093460083%  iou=0.71246006389
77636
Step 651  pos=[(16, 15), (16, 15), (16, 15), (16, 15)]  dist=[0.0, 0.0, 0.0, 0.0]  rmse=0.05677728157906135  cov=58.77000093460083%  iou=0.71246006389
77636
Step 652  pos=[(16, 15), (16, 15), (16, 15), (16, 15)]  dist=[0.0, 0.0, 0.0, 0.0]  rmse=0.05677924171388125  cov=58.77000093460083%  iou=0.71246006389
77636
Step 653  pos=[(16, 15), (16, 15), (16, 15), (16, 15)]  dist=[0.0, 0.0, 0.0, 0.0]  rmse=0.05677579503002464  cov=58.77000093460083%  iou=0.71246006389
77636
Step 654  pos=[(16, 15), (16, 15), (16, 15), (16, 15)]  dist=[0.0, 0.0, 0.0, 0.0]  rmse=0.05677882549844344  cov=58.77000093460083%  iou=0.71246006389
77636
Step 655  pos=[(16, 15), (16, 15), (16, 15), (16, 15)]  dist=[0.0, 0.0, 0.0, 0.0]  rmse=0.056775971367531215  cov=58.77000093460083%  iou=0.7124600638
977636
Step 656  pos=[(16, 15), (16, 15), (16, 15), (16, 15)]  dist=[0.0, 0.0, 0.0, 0.0]  rmse=0.056778501545400026  cov=58.77000093460083%  iou=0.7124600638
977636
Step 657  pos=[(16, 15), (16, 15), (16, 15), (16, 15)]  dist=[0.0, 0.0, 0.0, 0.0]  rmse=0.05677884395140926  cov=58.77000093460083%  iou=0.71246006389
77636
Step 658  pos=[(16, 15), (16, 15), (16, 15), (16, 15)]  dist=[0.0, 0.0, 0.0, 0.0]  rmse=0.056779016178801045  cov=58.77000093460083%  iou=0.7124600638
977636
Step 659  pos=[(16, 15), (16, 15), (16, 15), (16, 15)]  dist=[0.0, 0.0, 0.0, 0.0]  rmse=0.0567783231654035  cov=58.77000093460083%  iou=0.712460063897
7636
Step 660  pos=[(16, 15), (16, 15), (16, 15), (16, 15)]  dist=[0.0, 0.0, 0.0, 0.0]  rmse=0.05677771010803925  cov=58.77000093460083%  iou=0.71246006389
77636
Step 661  pos=[(16, 15), (16, 15), (16, 15), (16, 15)]  dist=[0.0, 0.0, 0.0, 0.0]  rmse=0.05677382862467623  cov=58.77000093460083%  iou=0.71246006389
77636
Step 662  pos=[(16, 15), (16, 15), (16, 15), (16, 15)]  dist=[0.0, 0.0, 0.0, 0.0]  rmse=0.05677360716912914  cov=58.77000093460083%  iou=0.71246006389
77636
Step 663  pos=[(16, 15), (16, 15), (16, 15), (16, 15)]  dist=[0.0, 0.0, 0.0, 0.0]  rmse=0.05678014589552587  cov=58.77000093460083%  iou=0.71246006389
77636
Step 664  pos=[(16, 15), (16, 15), (16, 15), (16, 15)]  dist=[0.0, 0.0, 0.0, 0.0]  rmse=0.05677869632751478  cov=58.77000093460083%  iou=0.71246006389
77636
Step 665  pos=[(16, 15), (16, 15), (16, 15), (16, 15)]  dist=[0.0, 0.0, 0.0, 0.0]  rmse=0.05677357436082647  cov=58.77000093460083%  iou=0.71246006389
77636
Step 666  pos=[(16, 15), (16, 15), (16, 15), (16, 15)]  dist=[0.0, 0.0, 0.0, 0.0]  rmse=0.056778210396151045  cov=58.77000093460083%  iou=0.7124600638
977636
Step 667  pos=[(16, 15), (16, 15), (16, 15), (16, 15)]  dist=[0.0, 0.0, 0.0, 0.0]  rmse=0.05677840517926461  cov=58.77000093460083%  iou=0.71246006389
77636
Step 668  pos=[(16, 15), (16, 15), (16, 15), (16, 15)]  dist=[0.0, 0.0, 0.0, 0.0]  rmse=0.056777170858129784  cov=58.77000093460083%  iou=0.7124600638
977636
Step 669  pos=[(16, 15), (16, 15), (16, 15), (16, 15)]  dist=[0.0, 0.0, 0.0, 0.0]  rmse=0.05677782082791925  cov=58.77000093460083%  iou=0.71246006389
77636
Step 670  pos=[(16, 15), (16, 15), (16, 15), (16, 15)]  dist=[0.0, 0.0, 0.0, 0.0]  rmse=0.05677345748109415  cov=58.77000093460083%  iou=0.71246006389
77636
Step 671  pos=[(16, 15), (16, 15), (16, 15), (16, 15)]  dist=[0.0, 0.0, 0.0, 0.0]  rmse=0.05677788848996184  cov=58.77000093460083%  iou=0.71246006389
77636
Step 672  pos=[(16, 15), (16, 15), (16, 15), (16, 15)]  dist=[0.0, 0.0, 0.0, 0.0]  rmse=0.05677799715913423  cov=58.77000093460083%  iou=0.71246006389
77636
Step 673  pos=[(16, 15), (16, 15), (16, 15), (16, 15)]  dist=[0.0, 0.0, 0.0, 0.0]  rmse=0.056778146835200966  cov=58.77000093460083%  iou=0.7124600638
977636
Step 674  pos=[(16, 15), (16, 15), (16, 15), (16, 15)]  dist=[0.0, 0.0, 0.0, 0.0]  rmse=0.056775261913301824  cov=58.77000093460083%  iou=0.7124600638
977636
Step 675  pos=[(16, 15), (16, 15), (16, 15), (16, 15)]  dist=[0.0, 0.0, 0.0, 0.0]  rmse=0.05677580118134223  cov=58.77000093460083%  iou=0.71246006389
77636
Step 676  pos=[(16, 15), (16, 15), (16, 15), (16, 15)]  dist=[0.0, 0.0, 0.0, 0.0]  rmse=0.056776551637087634  cov=58.77000093460083%  iou=0.7124600638
977636
Step 677  pos=[(16, 15), (16, 15), (16, 15), (16, 15)]  dist=[0.0, 0.0, 0.0, 0.0]  rmse=0.05677682434122645  cov=58.77000093460083%  iou=0.71246006389
77636
Step 678  pos=[(16, 15), (16, 15), (16, 15), (16, 15)]  dist=[0.0, 0.0, 0.0, 0.0]  rmse=0.056776869450055494  cov=58.77000093460083%  iou=0.7124600638
977636
Step 679  pos=[(16, 15), (16, 15), (16, 15), (16, 15)]  dist=[0.0, 0.0, 0.0, 0.0]  rmse=0.05677660289736407  cov=58.77000093460083%  iou=0.71246006389
77636
Step 680  pos=[(16, 15), (16, 15), (16, 15), (16, 15)]  dist=[0.0, 0.0, 0.0, 0.0]  rmse=0.05677648397345188  cov=58.77000093460083%  iou=0.71246006389
77636
Step 681  pos=[(16, 15), (16, 15), (16, 15), (16, 15)]  dist=[0.0, 0.0, 0.0, 0.0]  rmse=0.05677580118134223  cov=58.77000093460083%  iou=0.71246006389
77636
Step 682  pos=[(16, 15), (16, 15), (16, 15), (16, 15)]  dist=[0.0, 0.0, 0.0, 0.0]  rmse=0.056779180204402764  cov=58.77000093460083%  iou=0.7124600638
977636
Step 683  pos=[(16, 15), (16, 15), (16, 15), (16, 15)]  dist=[0.0, 0.0, 0.0, 0.0]  rmse=0.05677219844556314  cov=58.77000093460083%  iou=0.71246006389
77636
Step 684  pos=[(16, 15), (16, 15), (16, 15), (16, 15)]  dist=[0.0, 0.0, 0.0, 0.0]  rmse=0.0567773881990136  cov=58.77000093460083%  iou=0.712460063897
7636
Step 685  pos=[(16, 15), (16, 15), (16, 15), (16, 15)]  dist=[0.0, 0.0, 0.0, 0.0]  rmse=0.056775419798391465  cov=58.77000093460083%  iou=0.7124600638
977636
Step 686  pos=[(16, 15), (16, 15), (16, 15), (16, 15)]  dist=[0.0, 0.0, 0.0, 0.0]  rmse=0.05677651678007323  cov=58.77000093460083%  iou=0.71246006389
77636
Step 687  pos=[(16, 15), (16, 15), (16, 15), (16, 15)]  dist=[0.0, 0.0, 0.0, 0.0]  rmse=0.05677471238774813  cov=58.77000093460083%  iou=0.71246006389
77636
Step 688  pos=[(16, 15), (16, 15), (16, 15), (16, 15)]  dist=[0.0, 0.0, 0.0, 0.0]  rmse=0.0567769986251404  cov=58.77000093460083%  iou=0.712460063897
7636
Step 689  pos=[(16, 15), (16, 15), (16, 15), (16, 15)]  dist=[0.0, 0.0, 0.0, 0.0]  rmse=0.05677555102722276  cov=58.77000093460083%  iou=0.71246006389
77636
Step 690  pos=[(16, 15), (16, 15), (16, 15), (16, 15)]  dist=[0.0, 0.0, 0.0, 0.0]  rmse=0.0567776608991344  cov=58.77000093460083%  iou=0.712460063897
7636
Step 691  pos=[(16, 15), (16, 15), (16, 15), (16, 15)]  dist=[0.0, 0.0, 0.0, 0.0]  rmse=0.0567766644096347  cov=58.77000093460083%  iou=0.712460063897
7636
Step 692  pos=[(16, 15), (16, 15), (16, 15), (16, 15)]  dist=[0.0, 0.0, 0.0, 0.0]  rmse=0.056777179059687675  cov=58.77000093460083%  iou=0.7124600638
977636
Step 693  pos=[(16, 15), (16, 15), (16, 15), (16, 15)]  dist=[0.0, 0.0, 0.0, 0.0]  rmse=0.056778429783399836  cov=58.77000093460083%  iou=0.7124600638
977636
Step 694  pos=[(16, 15), (16, 15), (16, 15), (16, 15)]  dist=[0.0, 0.0, 0.0, 0.0]  rmse=0.05677407878638483  cov=58.77000093460083%  iou=0.71246006389
77636
Step 695  pos=[(16, 15), (16, 15), (16, 15), (16, 15)]  dist=[0.0, 0.0, 0.0, 0.0]  rmse=0.05678107261551278  cov=58.77000093460083%  iou=0.71246006389
77636
Step 696  pos=[(16, 15), (16, 15), (16, 15), (16, 15)]  dist=[0.0, 0.0, 0.0, 0.0]  rmse=0.05676968439205279  cov=58.77000093460083%  iou=0.71246006389
77636
Step 697  pos=[(16, 15), (16, 15), (16, 15), (16, 15)]  dist=[0.0, 0.0, 0.0, 0.0]  rmse=0.05677868607584119  cov=58.77000093460083%  iou=0.71246006389
77636
Step 698  pos=[(16, 15), (16, 15), (16, 15), (16, 15)]  dist=[0.0, 0.0, 0.0, 0.0]  rmse=0.05677398446324711  cov=58.77000093460083%  iou=0.71246006389
77636
Step 699  pos=[(16, 15), (16, 15), (16, 15), (16, 15)]  dist=[0.0, 0.0, 0.0, 0.0]  rmse=0.05677748661725336  cov=58.77000093460083%  iou=0.71246006389
77636
Step 700  pos=[(16, 15), (16, 15), (16, 15), (16, 15)]  dist=[0.0, 0.0, 0.0, 0.0]  rmse=0.05677665005677751  cov=58.77000093460083%  iou=0.71246006389
77636
Step 701  pos=[(16, 15), (16, 15), (16, 15), (16, 15)]  dist=[0.0, 0.0, 0.0, 0.0]  rmse=0.05677753787668567  cov=58.77000093460083%  iou=0.71246006389
77636
Step 702  pos=[(16, 15), (16, 15), (16, 15), (16, 15)]  dist=[0.0, 0.0, 0.0, 0.0]  rmse=0.05677950620387944  cov=58.77000093460083%  iou=0.71246006389
77636
Step 703  pos=[(16, 15), (16, 15), (16, 15), (16, 15)]  dist=[0.0, 0.0, 0.0, 0.0]  rmse=0.056777853633768145  cov=58.77000093460083%  iou=0.7124600638
977636
Step 704  pos=[(16, 15), (16, 15), (16, 15), (16, 15)]  dist=[0.0, 0.0, 0.0, 0.0]  rmse=0.05677755633006998  cov=58.77000093460083%  iou=0.71246006389
77636
Step 705  pos=[(16, 15), (16, 15), (16, 15), (16, 15)]  dist=[0.0, 0.0, 0.0, 0.0]  rmse=0.05677728978060325  cov=58.77000093460083%  iou=0.71246006389
77636
Step 706  pos=[(16, 15), (16, 15), (16, 15), (16, 15)]  dist=[0.0, 0.0, 0.0, 0.0]  rmse=0.056778958769728494  cov=58.77000093460083%  iou=0.7124600638
977636
Step 707  pos=[(16, 15), (16, 15), (16, 15), (16, 15)]  dist=[0.0, 0.0, 0.0, 0.0]  rmse=0.056776360948453  cov=58.77000093460083%  iou=0.7124600638977
636
Step 708  pos=[(16, 15), (16, 15), (16, 15), (16, 15)]  dist=[0.0, 0.0, 0.0, 0.0]  rmse=0.056774972797908635  cov=58.77000093460083%  iou=0.7124600638
977636
Step 709  pos=[(16, 15), (16, 15), (16, 15), (16, 15)]  dist=[0.0, 0.0, 0.0, 0.0]  rmse=0.05677944879530235  cov=58.77000093460083%  iou=0.71246006389
77636
Step 710  pos=[(16, 15), (16, 15), (16, 15), (16, 15)]  dist=[0.0, 0.0, 0.0, 0.0]  rmse=0.056778360071655654  cov=58.77000093460083%  iou=0.7124600638
977636
Step 711  pos=[(16, 15), (16, 15), (16, 15), (16, 15)]  dist=[0.0, 0.0, 0.0, 0.0]  rmse=0.05677830266191971  cov=58.77000093460083%  iou=0.71246006389
77636
Step 712  pos=[(16, 15), (16, 15), (16, 15), (16, 15)]  dist=[0.0, 0.0, 0.0, 0.0]  rmse=0.056776654157594225  cov=58.77000093460083%  iou=0.7124600638
977636
Step 713  pos=[(16, 15), (16, 15), (16, 15), (16, 15)]  dist=[0.0, 0.0, 0.0, 0.0]  rmse=0.05677681203881231  cov=58.77000093460083%  iou=0.71246006389
77636
Step 714  pos=[(16, 15), (16, 15), (16, 15), (16, 15)]  dist=[0.0, 0.0, 0.0, 0.0]  rmse=0.05677441916857872  cov=58.77000093460083%  iou=0.71246006389
77636
Step 715  pos=[(16, 15), (16, 15), (16, 15), (16, 15)]  dist=[0.0, 0.0, 0.0, 0.0]  rmse=0.056778425682711374  cov=58.77000093460083%  iou=0.7124600638
977636
Step 716  pos=[(16, 15), (16, 15), (16, 15), (16, 15)]  dist=[0.0, 0.0, 0.0, 0.0]  rmse=0.056778040216673306  cov=58.77000093460083%  iou=0.7124600638
977636
Step 717  pos=[(16, 15), (16, 15), (16, 15), (16, 15)]  dist=[0.0, 0.0, 0.0, 0.0]  rmse=0.05677688380285722  cov=58.77000093460083%  iou=0.71246006389
77636
Step 718  pos=[(16, 15), (16, 15), (16, 15), (16, 15)]  dist=[0.0, 0.0, 0.0, 0.0]  rmse=0.05677978299441869  cov=58.77000093460083%  iou=0.71246006389
77636
Step 719  pos=[(16, 15), (16, 15), (16, 15), (16, 15)]  dist=[0.0, 0.0, 0.0, 0.0]  rmse=0.05677799920949397  cov=58.77000093460083%  iou=0.71246006389
77636
Step 720  pos=[(16, 15), (16, 15), (16, 15), (16, 15)]  dist=[0.0, 0.0, 0.0, 0.0]  rmse=0.056777152404620196  cov=58.77000093460083%  iou=0.7124600638
977636
Step 721  pos=[(16, 15), (16, 15), (16, 15), (16, 15)]  dist=[0.0, 0.0, 0.0, 0.0]  rmse=0.056778034065598296  cov=58.77000093460083%  iou=0.7124600638
977636
Step 722  pos=[(16, 15), (16, 15), (16, 15), (16, 15)]  dist=[0.0, 0.0, 0.0, 0.0]  rmse=0.056776541385026795  cov=58.77000093460083%  iou=0.7124600638
977636
Step 723  pos=[(16, 15), (16, 15), (16, 15), (16, 15)]  dist=[0.0, 0.0, 0.0, 0.0]  rmse=0.056776697216151785  cov=58.77000093460083%  iou=0.7124600638
977636
Step 724  pos=[(16, 15), (16, 15), (16, 15), (16, 15)]  dist=[0.0, 0.0, 0.0, 0.0]  rmse=0.05677737999748592  cov=58.77000093460083%  iou=0.71246006389
77636
Step 725  pos=[(16, 15), (16, 15), (16, 15), (16, 15)]  dist=[0.0, 0.0, 0.0, 0.0]  rmse=0.05677569660885259  cov=58.77000093460083%  iou=0.71246006389
77636
Step 726  pos=[(16, 15), (16, 15), (16, 15), (16, 15)]  dist=[0.0, 0.0, 0.0, 0.0]  rmse=0.056777058086588644  cov=58.77000093460083%  iou=0.7124600638
977636
Step 727  pos=[(16, 15), (16, 15), (16, 15), (16, 15)]  dist=[0.0, 0.0, 0.0, 0.0]  rmse=0.05677805456917907  cov=58.77000093460083%  iou=0.71246006389
77636
Step 728  pos=[(16, 15), (16, 15), (16, 15), (16, 15)]  dist=[0.0, 0.0, 0.0, 0.0]  rmse=0.05677535213340681  cov=58.77000093460083%  iou=0.71246006389
77636
Step 729  pos=[(16, 15), (16, 15), (16, 15), (16, 15)]  dist=[0.0, 0.0, 0.0, 0.0]  rmse=0.056776920710045  cov=58.77000093460083%  iou=0.7124600638977
636
Step 730  pos=[(16, 15), (16, 15), (16, 15), (16, 15)]  dist=[0.0, 0.0, 0.0, 0.0]  rmse=0.05677561664152467  cov=58.77000093460083%  iou=0.71246006389
77636
Step 731  pos=[(16, 15), (16, 15), (16, 15), (16, 15)]  dist=[0.0, 0.0, 0.0, 0.0]  rmse=0.05677751327216394  cov=58.77000093460083%  iou=0.71246006389
77636
Step 732  pos=[(16, 15), (16, 15), (16, 15), (16, 15)]  dist=[0.0, 0.0, 0.0, 0.0]  rmse=0.0567793524307746  cov=58.77000093460083%  iou=0.712460063897
7636
Step 733  pos=[(16, 15), (16, 15), (16, 15), (16, 15)]  dist=[0.0, 0.0, 0.0, 0.0]  rmse=0.0567761538557695  cov=58.77000093460083%  iou=0.712460063897
7636
Step 734  pos=[(16, 15), (16, 15), (16, 15), (16, 15)]  dist=[0.0, 0.0, 0.0, 0.0]  rmse=0.056779188405670415  cov=58.77000093460083%  iou=0.7124600638
977636
Step 735  pos=[(16, 15), (16, 15), (16, 15), (16, 15)]  dist=[0.0, 0.0, 0.0, 0.0]  rmse=0.05677528856925685  cov=58.77000093460083%  iou=0.71246006389
77636
Step 736  pos=[(16, 15), (16, 15), (16, 15), (16, 15)]  dist=[0.0, 0.0, 0.0, 0.0]  rmse=0.05677396805920716  cov=58.77000093460083%  iou=0.71246006389
77636
Step 737  pos=[(16, 15), (16, 15), (16, 15), (16, 15)]  dist=[0.0, 0.0, 0.0, 0.0]  rmse=0.0567762604778395  cov=58.77000093460083%  iou=0.712460063897
7636
Step 738  pos=[(16, 15), (16, 15), (16, 15), (16, 15)]  dist=[0.0, 0.0, 0.0, 0.0]  rmse=0.05677744971043345  cov=58.77000093460083%  iou=0.71246006389
77636
Step 739  pos=[(16, 15), (16, 15), (16, 15), (16, 15)]  dist=[0.0, 0.0, 0.0, 0.0]  rmse=0.05677864916980094  cov=58.77000093460083%  iou=0.71246006389
77636
Step 740  pos=[(16, 15), (16, 15), (16, 15), (16, 15)]  dist=[0.0, 0.0, 0.0, 0.0]  rmse=0.056774033675338516  cov=58.77000093460083%  iou=0.7124600638
977636
Step 741  pos=[(16, 15), (16, 15), (16, 15), (16, 15)]  dist=[0.0, 0.0, 0.0, 0.0]  rmse=0.05677789464105262  cov=58.77000093460083%  iou=0.71246006389
77636
Step 742  pos=[(16, 15), (16, 15), (16, 15), (16, 15)]  dist=[0.0, 0.0, 0.0, 0.0]  rmse=0.05677588935015442  cov=58.77000093460083%  iou=0.71246006389
77636
Step 743  pos=[(16, 15), (16, 15), (16, 15), (16, 15)]  dist=[0.0, 0.0, 0.0, 0.0]  rmse=0.05677882549844344  cov=58.77000093460083%  iou=0.71246006389
77636
Step 744  pos=[(16, 15), (16, 15), (16, 15), (16, 15)]  dist=[0.0, 0.0, 0.0, 0.0]  rmse=0.05677496869697048  cov=58.77000093460083%  iou=0.71246006389
77636
Step 745  pos=[(16, 15), (16, 15), (16, 15), (16, 15)]  dist=[0.0, 0.0, 0.0, 0.0]  rmse=0.056776184612156395  cov=58.77000093460083%  iou=0.7124600638
977636
Step 746  pos=[(16, 15), (16, 15), (16, 15), (16, 15)]  dist=[0.0, 0.0, 0.0, 0.0]  rmse=0.0567746303685526  cov=58.77000093460083%  iou=0.712460063897
7636
Step 747  pos=[(16, 15), (16, 15), (16, 15), (16, 15)]  dist=[0.0, 0.0, 0.0, 0.0]  rmse=0.056774437622976695  cov=58.77000093460083%  iou=0.7124600638
977636
Step 748  pos=[(16, 15), (16, 15), (16, 15), (16, 15)]  dist=[0.0, 0.0, 0.0, 0.0]  rmse=0.05677352719885818  cov=58.77000093460083%  iou=0.71246006389
77636
Step 749  pos=[(16, 15), (16, 15), (16, 15), (16, 15)]  dist=[0.0, 0.0, 0.0, 0.0]  rmse=0.056778429783399836  cov=58.77000093460083%  iou=0.7124600638
977636
Step 750  pos=[(16, 15), (16, 15), (16, 15), (16, 15)]  dist=[0.0, 0.0, 0.0, 0.0]  rmse=0.05677647167096399  cov=58.77000093460083%  iou=0.71246006389
77636
Step 751  pos=[(16, 15), (16, 15), (16, 15), (16, 15)]  dist=[0.0, 0.0, 0.0, 0.0]  rmse=0.05677963332266501  cov=58.77000093460083%  iou=0.71246006389
77636
Step 752  pos=[(16, 15), (16, 15), (16, 15), (16, 15)]  dist=[0.0, 0.0, 0.0, 0.0]  rmse=0.05677815093590957  cov=58.77000093460083%  iou=0.71246006389
77636
Step 753  pos=[(16, 15), (16, 15), (16, 15), (16, 15)]  dist=[0.0, 0.0, 0.0, 0.0]  rmse=0.05677802791452262  cov=58.77000093460083%  iou=0.71246006389
77636
Step 754  pos=[(16, 15), (16, 15), (16, 15), (16, 15)]  dist=[0.0, 0.0, 0.0, 0.0]  rmse=0.056778093525962164  cov=58.77000093460083%  iou=0.7124600638
977636
Step 755  pos=[(16, 15), (16, 15), (16, 15), (16, 15)]  dist=[0.0, 0.0, 0.0, 0.0]  rmse=0.0567736317753437  cov=58.77000093460083%  iou=0.712460063897
7636
Step 756  pos=[(16, 15), (16, 15), (16, 15), (16, 15)]  dist=[0.0, 0.0, 0.0, 0.0]  rmse=0.056777060136982305  cov=58.77000093460083%  iou=0.7124600638
977636
Step 757  pos=[(16, 15), (16, 15), (16, 15), (16, 15)]  dist=[0.0, 0.0, 0.0, 0.0]  rmse=0.05677360716912914  cov=58.77000093460083%  iou=0.71246006389
77636
Step 758  pos=[(16, 15), (16, 15), (16, 15), (16, 15)]  dist=[0.0, 0.0, 0.0, 0.0]  rmse=0.056775194248129  cov=58.77000093460083%  iou=0.7124600638977
636
Step 759  pos=[(16, 15), (16, 15), (16, 15), (16, 15)]  dist=[0.0, 0.0, 0.0, 0.0]  rmse=0.05677718726124438  cov=58.77000093460083%  iou=0.71246006389
77636
Step 760  pos=[(16, 15), (16, 15), (16, 15), (16, 15)]  dist=[0.0, 0.0, 0.0, 0.0]  rmse=0.056773666634129395  cov=58.77000093460083%  iou=0.7124600638
977636
Step 761  pos=[(16, 15), (16, 15), (16, 15), (16, 15)]  dist=[0.0, 0.0, 0.0, 0.0]  rmse=0.05677611284722772  cov=58.77000093460083%  iou=0.71246006389
77636
Step 762  pos=[(16, 15), (16, 15), (16, 15), (16, 15)]  dist=[0.0, 0.0, 0.0, 0.0]  rmse=0.05677797460517216  cov=58.77000093460083%  iou=0.71246006389
77636
Step 763  pos=[(16, 15), (16, 15), (16, 15), (16, 15)]  dist=[0.0, 0.0, 0.0, 0.0]  rmse=0.056776680812895615  cov=58.77000093460083%  iou=0.7124600638
977636
Step 764  pos=[(16, 15), (16, 15), (16, 15), (16, 15)]  dist=[0.0, 0.0, 0.0, 0.0]  rmse=0.05677432279551405  cov=58.77000093460083%  iou=0.71246006389
77636
Step 765  pos=[(16, 15), (16, 15), (16, 15), (16, 15)]  dist=[0.0, 0.0, 0.0, 0.0]  rmse=0.05677862456576077  cov=58.77000093460083%  iou=0.71246006389
77636
Step 766  pos=[(16, 15), (16, 15), (16, 15), (16, 15)]  dist=[0.0, 0.0, 0.0, 0.0]  rmse=0.056775319326112496  cov=58.77000093460083%  iou=0.7124600638
977636
Step 767  pos=[(16, 15), (16, 15), (16, 15), (16, 15)]  dist=[0.0, 0.0, 0.0, 0.0]  rmse=0.05678098445474909  cov=58.77000093460083%  iou=0.71246006389
77636
Step 768  pos=[(16, 15), (16, 15), (16, 15), (16, 15)]  dist=[0.0, 0.0, 0.0, 0.0]  rmse=0.05677771625914937  cov=58.77000093460083%  iou=0.71246006389
77636
Step 769  pos=[(16, 15), (16, 15), (16, 15), (16, 15)]  dist=[0.0, 0.0, 0.0, 0.0]  rmse=0.05677311709313448  cov=58.77000093460083%  iou=0.71246006389
77636
Step 770  pos=[(16, 15), (16, 15), (16, 15), (16, 15)]  dist=[0.0, 0.0, 0.0, 0.0]  rmse=0.056776096443802715  cov=58.77000093460083%  iou=0.7124600638
977636
Step 771  pos=[(16, 15), (16, 15), (16, 15), (16, 15)]  dist=[0.0, 0.0, 0.0, 0.0]  rmse=0.05677537468841066  cov=58.77000093460083%  iou=0.71246006389
77636
Step 772  pos=[(16, 15), (16, 15), (16, 15), (16, 15)]  dist=[0.0, 0.0, 0.0, 0.0]  rmse=0.056778567156292266  cov=58.77000093460083%  iou=0.7124600638
977636
Step 773  pos=[(16, 15), (16, 15), (16, 15), (16, 15)]  dist=[0.0, 0.0, 0.0, 0.0]  rmse=0.05677702117949017  cov=58.77000093460083%  iou=0.71246006389
77636
Step 774  pos=[(16, 15), (16, 15), (16, 15), (16, 15)]  dist=[0.0, 0.0, 0.0, 0.0]  rmse=0.056774575005528634  cov=58.77000093460083%  iou=0.7124600638
977636
Step 775  pos=[(16, 15), (16, 15), (16, 15), (16, 15)]  dist=[0.0, 0.0, 0.0, 0.0]  rmse=0.056779307323918185  cov=58.77000093460083%  iou=0.7124600638
977636
Step 776  pos=[(16, 15), (16, 15), (16, 15), (16, 15)]  dist=[0.0, 0.0, 0.0, 0.0]  rmse=0.056774490935648264  cov=58.77000093460083%  iou=0.7124600638
977636
Step 777  pos=[(16, 15), (16, 15), (16, 15), (16, 15)]  dist=[0.0, 0.0, 0.0, 0.0]  rmse=0.056779348330152773  cov=58.77000093460083%  iou=0.7124600638
977636
Step 778  pos=[(16, 15), (16, 15), (16, 15), (16, 15)]  dist=[0.0, 0.0, 0.0, 0.0]  rmse=0.056778390826847464  cov=58.77000093460083%  iou=0.7124600638
977636
Step 779  pos=[(16, 15), (16, 15), (16, 15), (16, 15)]  dist=[0.0, 0.0, 0.0, 0.0]  rmse=0.05677563304508829  cov=58.77000093460083%  iou=0.71246006389
77636
Step 780  pos=[(16, 15), (16, 15), (16, 15), (16, 15)]  dist=[0.0, 0.0, 0.0, 0.0]  rmse=0.05677496869697048  cov=58.77000093460083%  iou=0.71246006389
77636
Step 781  pos=[(16, 15), (16, 15), (16, 15), (16, 15)]  dist=[0.0, 0.0, 0.0, 0.0]  rmse=0.056775194248129  cov=58.77000093460083%  iou=0.7124600638977
636
Step 782  pos=[(16, 15), (16, 15), (16, 15), (16, 15)]  dist=[0.0, 0.0, 0.0, 0.0]  rmse=0.056776988373160274  cov=58.77000093460083%  iou=0.7124600638
977636
Step 783  pos=[(16, 15), (16, 15), (16, 15), (16, 15)]  dist=[0.0, 0.0, 0.0, 0.0]  rmse=0.056773428773754665  cov=58.77000093460083%  iou=0.7124600638
977636
Step 784  pos=[(16, 15), (16, 15), (16, 15), (16, 15)]  dist=[0.0, 0.0, 0.0, 0.0]  rmse=0.05678132684578574  cov=58.77000093460083%  iou=0.71246006389
77636
Step 785  pos=[(16, 15), (16, 15), (16, 15), (16, 15)]  dist=[0.0, 0.0, 0.0, 0.0]  rmse=0.056782126433579196  cov=58.77000093460083%  iou=0.7124600638
977636
Step 786  pos=[(16, 15), (16, 15), (16, 15), (16, 15)]  dist=[0.0, 0.0, 0.0, 0.0]  rmse=0.05677915765091063  cov=58.77000093460083%  iou=0.71246006389
77636
Step 787  pos=[(16, 15), (16, 15), (16, 15), (16, 15)]  dist=[0.0, 0.0, 0.0, 0.0]  rmse=0.056778442085463454  cov=58.77000093460083%  iou=0.7124600638
977636
Step 788  pos=[(16, 15), (16, 15), (16, 15), (16, 15)]  dist=[0.0, 0.0, 0.0, 0.0]  rmse=0.05678116282638509  cov=58.77000093460083%  iou=0.71246006389
77636
Step 789  pos=[(16, 15), (16, 15), (16, 15), (16, 15)]  dist=[0.0, 0.0, 0.0, 0.0]  rmse=0.05677866147181702  cov=58.77000093460083%  iou=0.71246006389
77636
Step 790  pos=[(16, 15), (16, 15), (16, 15), (16, 15)]  dist=[0.0, 0.0, 0.0, 0.0]  rmse=0.05677586474491828  cov=58.77000093460083%  iou=0.71246006389
77636
Step 791  pos=[(16, 15), (16, 15), (16, 15), (16, 15)]  dist=[0.0, 0.0, 0.0, 0.0]  rmse=0.056778850102396534  cov=58.77000093460083%  iou=0.7124600638
977636
Step 792  pos=[(16, 15), (16, 15), (16, 15), (16, 15)]  dist=[0.0, 0.0, 0.0, 0.0]  rmse=0.056776014426606604  cov=58.77000093460083%  iou=0.7124600638
977636
Step 793  pos=[(16, 15), (16, 15), (16, 15), (16, 15)]  dist=[0.0, 0.0, 0.0, 0.0]  rmse=0.05677964357416757  cov=58.77000093460083%  iou=0.71246006389
77636
Step 794  pos=[(16, 15), (16, 15), (16, 15), (16, 15)]  dist=[0.0, 0.0, 0.0, 0.0]  rmse=0.056777554279694234  cov=58.77000093460083%  iou=0.7124600638
977636
Step 795  pos=[(16, 15), (16, 15), (16, 15), (16, 15)]  dist=[0.0, 0.0, 0.0, 0.0]  rmse=0.05677664390555189  cov=58.77000093460083%  iou=0.71246006389
77636
Step 796  pos=[(16, 15), (16, 15), (16, 15), (16, 15)]  dist=[0.0, 0.0, 0.0, 0.0]  rmse=0.05677675462751108  cov=58.77000093460083%  iou=0.71246006389
77636
Step 797  pos=[(16, 15), (16, 15), (16, 15), (16, 15)]  dist=[0.0, 0.0, 0.0, 0.0]  rmse=0.05677468368104317  cov=58.77000093460083%  iou=0.71246006389
77636
Step 798  pos=[(16, 15), (16, 15), (16, 15), (16, 15)]  dist=[0.0, 0.0, 0.0, 0.0]  rmse=0.05677999212415347  cov=58.77000093460083%  iou=0.71246006389
77636
Step 799  pos=[(16, 15), (16, 15), (16, 15), (16, 15)]  dist=[0.0, 0.0, 0.0, 0.0]  rmse=0.056776982221971306  cov=58.77000093460083%  iou=0.7124600638
977636
Step 800  pos=[(16, 15), (16, 15), (16, 15), (16, 15)]  dist=[0.0, 0.0, 0.0, 0.0]  rmse=0.056776682863302896  cov=58.77000093460083%  iou=0.7124600638
977636
Step 801  pos=[(16, 15), (16, 15), (16, 15), (16, 15)]  dist=[0.0, 0.0, 0.0, 0.0]  rmse=0.05677732873791108  cov=58.77000093460083%  iou=0.71246006389
77636
Step 802  pos=[(16, 15), (16, 15), (16, 15), (16, 15)]  dist=[0.0, 0.0, 0.0, 0.0]  rmse=0.05677991626345635  cov=58.77000093460083%  iou=0.71246006389
77636
Step 803  pos=[(16, 15), (16, 15), (16, 15), (16, 15)]  dist=[0.0, 0.0, 0.0, 0.0]  rmse=0.0567773348890625  cov=58.77000093460083%  iou=0.712460063897
7636
Step 804  pos=[(16, 15), (16, 15), (16, 15), (16, 15)]  dist=[0.0, 0.0, 0.0, 0.0]  rmse=0.05677882549844344  cov=58.77000093460083%  iou=0.71246006389
77636
Step 805  pos=[(16, 15), (16, 15), (16, 15), (16, 15)]  dist=[0.0, 0.0, 0.0, 0.0]  rmse=0.05678139450365048  cov=58.77000093460083%  iou=0.71246006389
77636
Step 806  pos=[(16, 15), (16, 15), (16, 15), (16, 15)]  dist=[0.0, 0.0, 0.0, 0.0]  rmse=0.05677416490737372  cov=58.77000093460083%  iou=0.71246006389
77636
Step 807  pos=[(16, 15), (16, 15), (16, 15), (16, 15)]  dist=[0.0, 0.0, 0.0, 0.0]  rmse=0.056776463469303914  cov=58.77000093460083%  iou=0.7124600638
977636
Step 808  pos=[(16, 15), (16, 15), (16, 15), (16, 15)]  dist=[0.0, 0.0, 0.0, 0.0]  rmse=0.056779141248365264  cov=58.77000093460083%  iou=0.7124600638
977636
Step 809  pos=[(16, 15), (16, 15), (16, 15), (16, 15)]  dist=[0.0, 0.0, 0.0, 0.0]  rmse=0.05677395370566832  cov=58.77000093460083%  iou=0.71246006389
77636
Step 810  pos=[(16, 15), (16, 15), (16, 15), (16, 15)]  dist=[0.0, 0.0, 0.0, 0.0]  rmse=0.05677368508877199  cov=58.77000093460083%  iou=0.71246006389
77636
Step 811  pos=[(16, 15), (16, 15), (16, 15), (16, 15)]  dist=[0.0, 0.0, 0.0, 0.0]  rmse=0.056778152986263764  cov=58.77000093460083%  iou=0.7124600638
977636
Step 812  pos=[(16, 15), (16, 15), (16, 15), (16, 15)]  dist=[0.0, 0.0, 0.0, 0.0]  rmse=0.05677718521085532  cov=58.77000093460083%  iou=0.71246006389
77636
Step 813  pos=[(16, 15), (16, 15), (16, 15), (16, 15)]  dist=[0.0, 0.0, 0.0, 0.0]  rmse=0.056773127345813676  cov=58.77000093460083%  iou=0.7124600638
977636
Step 814  pos=[(16, 15), (16, 15), (16, 15), (16, 15)]  dist=[0.0, 0.0, 0.0, 0.0]  rmse=0.056776350696357725  cov=58.77000093460083%  iou=0.7124600638
977636
Step 815  pos=[(16, 15), (16, 15), (16, 15), (16, 15)]  dist=[0.0, 0.0, 0.0, 0.0]  rmse=0.05677558588483009  cov=58.77000093460083%  iou=0.71246006389
77636
Step 816  pos=[(16, 15), (16, 15), (16, 15), (16, 15)]  dist=[0.0, 0.0, 0.0, 0.0]  rmse=0.056772987909217955  cov=58.77000093460083%  iou=0.7124600638
977636
Step 817  pos=[(16, 15), (16, 15), (16, 15), (16, 15)]  dist=[0.0, 0.0, 0.0, 0.0]  rmse=0.05678060925740996  cov=58.77000093460083%  iou=0.71246006389
77636
Step 818  pos=[(16, 15), (16, 15), (16, 15), (16, 15)]  dist=[0.0, 0.0, 0.0, 0.0]  rmse=0.05677614565406351  cov=58.77000093460083%  iou=0.71246006389
77636
Step 819  pos=[(16, 15), (16, 15), (16, 15), (16, 15)]  dist=[0.0, 0.0, 0.0, 0.0]  rmse=0.05678270253985663  cov=58.77000093460083%  iou=0.71246006389
77636
Step 820  pos=[(16, 15), (16, 15), (16, 15), (16, 15)]  dist=[0.0, 0.0, 0.0, 0.0]  rmse=0.056777589136071706  cov=58.77000093460083%  iou=0.7124600638
977636
Step 821  pos=[(16, 15), (16, 15), (16, 15), (16, 15)]  dist=[0.0, 0.0, 0.0, 0.0]  rmse=0.0567773964005401  cov=58.77000093460083%  iou=0.712460063897
7636
Step 822  pos=[(16, 15), (16, 15), (16, 15), (16, 15)]  dist=[0.0, 0.0, 0.0, 0.0]  rmse=0.05677429408861211  cov=58.77000093460083%  iou=0.71246006389
77636
Step 823  pos=[(16, 15), (16, 15), (16, 15), (16, 15)]  dist=[0.0, 0.0, 0.0, 0.0]  rmse=0.056776086191659685  cov=58.77000093460083%  iou=0.7124600638
977636
Step 824  pos=[(16, 15), (16, 15), (16, 15), (16, 15)]  dist=[0.0, 0.0, 0.0, 0.0]  rmse=0.05677469803439747  cov=58.77000093460083%  iou=0.71246006389
77636
Step 825  pos=[(16, 15), (16, 15), (16, 15), (16, 15)]  dist=[0.0, 0.0, 0.0, 0.0]  rmse=0.0567783395681852  cov=58.77000093460083%  iou=0.712460063897
7636
Step 826  pos=[(16, 15), (16, 15), (16, 15), (16, 15)]  dist=[0.0, 0.0, 0.0, 0.0]  rmse=0.05677194622499067  cov=58.77000093460083%  iou=0.71246006389
77636
Step 827  pos=[(16, 15), (16, 15), (16, 15), (16, 15)]  dist=[0.0, 0.0, 0.0, 0.0]  rmse=0.05678190090995697  cov=58.77000093460083%  iou=0.71246006389
77636
Step 828  pos=[(16, 15), (16, 15), (16, 15), (16, 15)]  dist=[0.0, 0.0, 0.0, 0.0]  rmse=0.05677456270262708  cov=58.77000093460083%  iou=0.71246006389
77636
Step 829  pos=[(16, 15), (16, 15), (16, 15), (16, 15)]  dist=[0.0, 0.0, 0.0, 0.0]  rmse=0.05677701502830476  cov=58.77000093460083%  iou=0.71246006389
77636
Step 830  pos=[(16, 15), (16, 15), (16, 15), (16, 15)]  dist=[0.0, 0.0, 0.0, 0.0]  rmse=0.05677632199048112  cov=58.77000093460083%  iou=0.71246006389
77636
Step 831  pos=[(16, 15), (16, 15), (16, 15), (16, 15)]  dist=[0.0, 0.0, 0.0, 0.0]  rmse=0.05677571506283534  cov=58.77000093460083%  iou=0.71246006389
77636
Step 832  pos=[(16, 15), (16, 15), (16, 15), (16, 15)]  dist=[0.0, 0.0, 0.0, 0.0]  rmse=0.056779520556014644  cov=58.77000093460083%  iou=0.7124600638
977636
Step 833  pos=[(16, 15), (16, 15), (16, 15), (16, 15)]  dist=[0.0, 0.0, 0.0, 0.0]  rmse=0.05677913714772818  cov=58.77000093460083%  iou=0.71246006389
77636
Step 834  pos=[(16, 15), (16, 15), (16, 15), (16, 15)]  dist=[0.0, 0.0, 0.0, 0.0]  rmse=0.05677688380285722  cov=58.77000093460083%  iou=0.71246006389
77636
Step 835  pos=[(16, 15), (16, 15), (16, 15), (16, 15)]  dist=[0.0, 0.0, 0.0, 0.0]  rmse=0.05677744150891465  cov=58.77000093460083%  iou=0.71246006389
77636
Step 836  pos=[(16, 15), (16, 15), (16, 15), (16, 15)]  dist=[0.0, 0.0, 0.0, 0.0]  rmse=0.05678200547102046  cov=58.77000093460083%  iou=0.71246006389
77636
Step 837  pos=[(16, 15), (16, 15), (16, 15), (16, 15)]  dist=[0.0, 0.0, 0.0, 0.0]  rmse=0.05677720981551922  cov=58.77000093460083%  iou=0.71246006389
77636
Step 838  pos=[(16, 15), (16, 15), (16, 15), (16, 15)]  dist=[0.0, 0.0, 0.0, 0.0]  rmse=0.056781927562795355  cov=58.77000093460083%  iou=0.7124600638
977636
Step 839  pos=[(16, 15), (16, 15), (16, 15), (16, 15)]  dist=[0.0, 0.0, 0.0, 0.0]  rmse=0.05677791514468375  cov=58.77000093460083%  iou=0.71246006389
77636
Step 840  pos=[(16, 15), (16, 15), (16, 15), (16, 15)]  dist=[0.0, 0.0, 0.0, 0.0]  rmse=0.05677587089622832  cov=58.77000093460083%  iou=0.71246006389
77636
Step 841  pos=[(16, 15), (16, 15), (16, 15), (16, 15)]  dist=[0.0, 0.0, 0.0, 0.0]  rmse=0.056777384098249915  cov=58.77000093460083%  iou=0.7124600638
977636
Step 842  pos=[(16, 15), (16, 15), (16, 15), (16, 15)]  dist=[0.0, 0.0, 0.0, 0.0]  rmse=0.05677762809317414  cov=58.77000093460083%  iou=0.71246006389
77636
Step 843  pos=[(16, 15), (16, 15), (16, 15), (16, 15)]  dist=[0.0, 0.0, 0.0, 0.0]  rmse=0.05677786388559204  cov=58.77000093460083%  iou=0.71246006389
77636
Step 844  pos=[(16, 15), (16, 15), (16, 15), (16, 15)]  dist=[0.0, 0.0, 0.0, 0.0]  rmse=0.05677517579397696  cov=58.77000093460083%  iou=0.71246006389
77636
Step 845  pos=[(16, 15), (16, 15), (16, 15), (16, 15)]  dist=[0.0, 0.0, 0.0, 0.0]  rmse=0.056773531299900454  cov=58.77000093460083%  iou=0.7124600638
977636
Step 846  pos=[(16, 15), (16, 15), (16, 15), (16, 15)]  dist=[0.0, 0.0, 0.0, 0.0]  rmse=0.056776252276148916  cov=58.77000093460083%  iou=0.7124600638
977636
Step 847  pos=[(16, 15), (16, 15), (16, 15), (16, 15)]  dist=[0.0, 0.0, 0.0, 0.0]  rmse=0.05677273159105304  cov=58.77000093460083%  iou=0.71246006389
77636
Step 848  pos=[(16, 15), (16, 15), (16, 15), (16, 15)]  dist=[0.0, 0.0, 0.0, 0.0]  rmse=0.05677873938452365  cov=58.77000093460083%  iou=0.71246006389
77636
Step 849  pos=[(16, 15), (16, 15), (16, 15), (16, 15)]  dist=[0.0, 0.0, 0.0, 0.0]  rmse=0.0567757642734267  cov=58.77000093460083%  iou=0.712460063897
7636
Step 850  pos=[(16, 15), (16, 15), (16, 15), (16, 15)]  dist=[0.0, 0.0, 0.0, 0.0]  rmse=0.0567750917249862  cov=58.77000093460083%  iou=0.712460063897
7636
Step 851  pos=[(16, 15), (16, 15), (16, 15), (16, 15)]  dist=[0.0, 0.0, 0.0, 0.0]  rmse=0.056780447286207784  cov=58.77000093460083%  iou=0.7124600638
977636
Step 852  pos=[(16, 15), (16, 15), (16, 15), (16, 15)]  dist=[0.0, 0.0, 0.0, 0.0]  rmse=0.05677484771916171  cov=58.77000093460083%  iou=0.71246006389
77636
Step 853  pos=[(16, 15), (16, 15), (16, 15), (16, 15)]  dist=[0.0, 0.0, 0.0, 0.0]  rmse=0.056777642445784086  cov=58.77000093460083%  iou=0.7124600638
977636
Step 854  pos=[(16, 15), (16, 15), (16, 15), (16, 15)]  dist=[0.0, 0.0, 0.0, 0.0]  rmse=0.056781851704683986  cov=58.77000093460083%  iou=0.7124600638
977636
^CTraceback (most recent call last):
  File "/mnt/sdb/Alejandro_C/uncertainty-multiasv/scenario/run_experiments.py", line 402, in <module>
    main()
  File "/mnt/sdb/Alejandro_C/uncertainty-multiasv/scenario/run_experiments.py", line 351, in main
    summary = run_episode(
  File "/mnt/sdb/Alejandro_C/uncertainty-multiasv/scenario/run_experiments.py", line 217, in run_episode
    obs, done, info = env.step(action)
  File "/mnt/sdb/Alejandro_C/uncertainty-multiasv/scenario/extended_scenario.py", line 134, in step
    output = self.model.predict({"obs_map": obs_map, "obs_mask": obs_mask})
  File "/mnt/sdb/Alejandro_C/uncertainty-multiasv/scenario/models/MC_ensemble_model.py", line 280, in predict
    out = net(X_t)
  File "/home/azken/.local/lib/python3.10/site-packages/torch/nn/modules/module.py", line 1511, in _wrapped_call_impl
    return self._call_impl(*args, **kwargs)
  File "/home/azken/.local/lib/python3.10/site-packages/torch/nn/modules/module.py", line 1520, in _call_impl
    return forward_call(*args, **kwargs)
  File "/mnt/sdb/Alejandro_C/uncertainty-multiasv/scenario/models/unet_model.py", line 222, in forward
    features = self.forward_features(x)
  File "/mnt/sdb/Alejandro_C/uncertainty-multiasv/scenario/models/unet_model.py", line 207, in forward_features
    x = decoder(x, skip)
  File "/home/azken/.local/lib/python3.10/site-packages/torch/nn/modules/module.py", line 1511, in _wrapped_call_impl
    return self._call_impl(*args, **kwargs)
  File "/home/azken/.local/lib/python3.10/site-packages/torch/nn/modules/module.py", line 1520, in _call_impl
    return forward_call(*args, **kwargs)
  File "/mnt/sdb/Alejandro_C/uncertainty-multiasv/scenario/models/unet_model.py", line 92, in forward
    return self.conv(x)
  File "/home/azken/.local/lib/python3.10/site-packages/torch/nn/modules/module.py", line 1511, in _wrapped_call_impl
    return self._call_impl(*args, **kwargs)
  File "/home/azken/.local/lib/python3.10/site-packages/torch/nn/modules/module.py", line 1520, in _call_impl
    return forward_call(*args, **kwargs)
  File "/mnt/sdb/Alejandro_C/uncertainty-multiasv/scenario/models/unet_model.py", line 54, in forward
    return self.block(x)
  File "/home/azken/.local/lib/python3.10/site-packages/torch/nn/modules/module.py", line 1511, in _wrapped_call_impl
    return self._call_impl(*args, **kwargs)
  File "/home/azken/.local/lib/python3.10/site-packages/torch/nn/modules/module.py", line 1520, in _call_impl
    return forward_call(*args, **kwargs)
  File "/home/azken/.local/lib/python3.10/site-packages/torch/nn/modules/container.py", line 217, in forward
    input = module(input)
  File "/home/azken/.local/lib/python3.10/site-packages/torch/nn/modules/module.py", line 1511, in _wrapped_call_impl
    return self._call_impl(*args, **kwargs)
  File "/home/azken/.local/lib/python3.10/site-packages/torch/nn/modules/module.py", line 1520, in _call_impl
    return forward_call(*args, **kwargs)
  File "/home/azken/.local/lib/python3.10/site-packages/torch/nn/modules/conv.py", line 460, in forward
    return self._conv_forward(input, self.weight, self.bias)
  File "/home/azken/.local/lib/python3.10/site-packages/torch/nn/modules/conv.py", line 456, in _conv_forward
    return F.conv2d(input, weight, bias, self.stride,
KeyboardInterrupt
^C
(alec) azken@azken-W45:/mnt/sdb/Alejandro_C/uncertainty-multiasv$ ^C
(alec) azken@azken-W45:/mnt/sdb/Alejandro_C/uncertainty-multiasv$ git commit -m "some changes to avoid errors"clear

On branch main
Your branch is up to date with 'origin/main'.

Changes not staged for commit:
  (use "git add <file>..." to update what will be committed)
  (use "git restore <file>..." to discard changes in working directory)
        modified:   scenario/extended_scenario.py
        modified:   scenario/run_experiments.py

Untracked files:
  (use "git add <file>..." to include in what will be committed)
        Results/eval_CONIC.pkl.gz
        Results/eval_NADIR.pkl.gz
        Results/eval_POINTWISE.pkl.gz

no changes added to commit (use "git add" and/or "git commit -a")
(alec) azken@azken-W45:/mnt/sdb/Alejandro_C/uncertainty-multiasv$ clear
(alec) azken@azken-W45:/mnt/sdb/Alejandro_C/uncertainty-multiasv$ python3 scenario/run_experiments.py
Loading EnsembleModel from /mnt/sdb/Alejandro_C/uncertainty-multiasv/scenario/../Weights/dataset_POINTWISE_Ensemble.pt …

Policies : ['myopic_greedy']
Models   : ['ensemble']
Maps     : 0 … 9  (10 total)
Output   : /mnt/sdb/Alejandro_C/uncertainty-multiasv/scenario/results/experiments.csv

┌─ model=ensemble  policy=myopic_greedy
Running episode …
Step 1  pos=[(20, 50), (30, 50), (20, 60), (30, 60)]  dist=[30.0, 30.0, 30.0, 30.0]  rmse=0.10586774817568739  cov=0.8200000040233135%  iou=0.22851365
015166836
Step 2  pos=[(8, 76), (9, 30), (9, 86), (9, 78)]  dist=[58.63564212655271, 59.0, 58.23118842698621, 57.658633371878665]  rmse=0.09506000742694863  cov
=1.7500000074505806%  iou=0.2346420323325635
Step 3  pos=[(9, 90), (9, 14), (9, 88), (9, 49)]  dist=[72.67131097417091, 75.0, 60.23118842698621, 86.65863337187866]  rmse=0.07835450436828599  cov=
2.3000000044703484%  iou=0.28729016786570744
Step 4  pos=[(33, 86), (8, 11), (33, 82), (11, 20)]  dist=[97.00236109536378, 78.16227766016839, 84.96982218069218, 115.72751707937593]  rmse=0.068651
63045759523  cov=3.0899999663233757%  iou=0.43093192333113023
Step 5  pos=[(61, 78), (8, 9), (57, 78), (10, 11)]  dist=[126.12280065248585, 80.16227766016839, 109.30087230188505, 124.78290221751334]  rmse=0.06258
497942961533  cov=3.7200000137090683%  iou=0.6527643064985451
Step 6  pos=[(85, 86), (12, 13), (85, 82), (12, 11)]  dist=[151.4210219338329, 85.81913190966077, 137.58514354934695, 126.78290221751334]  rmse=0.0630
0339776150322  cov=4.239999875426292%  iou=0.7931844888366627
Step 7  pos=[(68, 89), (12, 9), (56, 89), (14, 11)]  dist=[168.68369843546495, 89.81913190966077, 167.41801132969954, 128.78290221751334]  rmse=0.0654
5172505260072  cov=4.71000000834465%  iou=0.7527964205816555
Step 8  pos=[(44, 89), (14, 9), (49, 89), (14, 13)]  dist=[192.68369843546495, 91.81913190966077, 174.41801132969954, 130.78290221751334]  rmse=0.0679
7262186225252  cov=4.960000142455101%  iou=0.7392739273927392
Step 9  pos=[(64, 77), (12, 7), (52, 77), (14, 7)]  dist=[216.00750601484614, 94.64755903440695, 186.78732820655253, 136.78290221751334]  rmse=0.06564
790717594751  cov=5.2799999713897705%  iou=0.7376509330406147
Step 10  pos=[(50, 77), (10, 7), (28, 81), (16, 11)]  dist=[230.00750601484614, 96.64755903440695, 211.1183783277454, 141.2550381725129]  rmse=0.06388
728703357173  cov=5.68000003695488%  iou=0.7269772481040087
Step 11  pos=[(56, 75), (16, 7), (12, 73), (16, 13)]  dist=[236.3320613351829, 102.64755903440695, 229.00692214774372, 143.2550381725129]  rmse=0.0603
50482199546134  cov=5.9300001710653305%  iou=0.724025974025974
Step 12  pos=[(60, 75), (14, 15), (12, 85), (18, 11)]  dist=[240.3320613351829, 110.89377028564228, 241.00692214774372, 146.0834652972591]  rmse=0.064
02588254275825  cov=6.1400000005960464%  iou=0.7018828451882845
Step 13  pos=[(40, 77), (18, 9), (14, 69), (16, 15)]  dist=[260.4318125774247, 118.10487283657025, 257.13143764434085, 150.55560125225867]  rmse=0.068
71730896890393  cov=6.430000066757202%  iou=0.6882716049382716
Step 14  pos=[(18, 59), (18, 15), (8, 40), (18, 7)]  dist=[288.8571533845285, 124.10487283657025, 286.74562343426254, 158.80181250349398]  rmse=0.0653
5265073993148  cov=6.9200001657009125%  iou=0.6875
Step 15  pos=[(18, 29), (20, 11), (20, 13), (20, 9)]  dist=[318.8571533845285, 128.57700879156982, 316.29219683965084, 161.63023962824016]  rmse=0.074
15140070152527  cov=7.490000128746033%  iou=0.6709741550695825
Traceback (most recent call last):
  File "/mnt/sdb/Alejandro_C/uncertainty-multiasv/scenario/run_experiments.py", line 402, in <module>
    main()
  File "/mnt/sdb/Alejandro_C/uncertainty-multiasv/scenario/run_experiments.py", line 363, in main
    f"│  map {map_idx:3d}  "
TypeError: unsupported format string passed to list.__format__
(alec) azken@azken-W45:/mnt/sdb/Alejandro_C/uncertainty-multiasv$ python3 scenario/run_experiments.py
Loading EnsembleModel from /mnt/sdb/Alejandro_C/uncertainty-multiasv/scenario/../Weights/dataset_POINTWISE_Ensemble.pt …

Policies : ['myopic_greedy']
Models   : ['ensemble']
Maps     : 0 … 9  (10 total)
Output   : /mnt/sdb/Alejandro_C/uncertainty-multiasv/scenario/results/experiments.csv

┌─ model=ensemble  policy=myopic_greedy
Running episode …
Step 1  pos=[(20, 50), (30, 50), (20, 60), (30, 60)]  dist=[30.0, 30.0, 30.0, 30.0]  rmse=0.10557461652844174  cov=0.8200000040233135%  iou=0.22928643
895840378
Step 2  pos=[(8, 76), (9, 30), (9, 86), (9, 78)]  dist=[58.63564212655271, 59.0, 58.23118842698621, 57.658633371878665]  rmse=0.09473176823892249  cov
=1.7500000074505806%  iou=0.2363804247460757
Step 3  pos=[(9, 90), (9, 14), (9, 88), (9, 49)]  dist=[72.67131097417091, 75.0, 60.23118842698621, 86.65863337187866]  rmse=0.07819579314447081  cov=
2.3000000044703484%  iou=0.28965183752417795
Step 4  pos=[(33, 86), (8, 11), (33, 82), (11, 20)]  dist=[97.00236109536378, 78.16227766016839, 84.96982218069218, 115.72751707937593]  rmse=0.068344
86739300898  cov=3.0899999663233757%  iou=0.4347249834327369
Step 5  pos=[(61, 78), (8, 9), (57, 78), (10, 11)]  dist=[126.12280065248585, 80.16227766016839, 109.30087230188505, 124.78290221751334]  rmse=0.06248
455862686999  cov=3.7200000137090683%  iou=0.6511627906976745
Step 6  pos=[(85, 86), (12, 13), (85, 82), (12, 11)]  dist=[151.4210219338329, 85.81913190966077, 137.58514354934695, 126.78290221751334]  rmse=0.0628
6636648806984  cov=4.239999875426292%  iou=0.7913247362250879
Step 7  pos=[(68, 89), (12, 9), (56, 89), (14, 11)]  dist=[168.68369843546495, 89.81913190966077, 167.41801132969954, 128.78290221751334]  rmse=0.0653
9680594169342  cov=4.71000000834465%  iou=0.7539149888143176
Step 8  pos=[(44, 89), (14, 9), (49, 89), (14, 13)]  dist=[192.68369843546495, 91.81913190966077, 174.41801132969954, 130.78290221751334]  rmse=0.0679
3066881775105  cov=4.960000142455101%  iou=0.7379385964912281
Step 9  pos=[(52, 77), (12, 7), (64, 77), (14, 7)]  dist=[207.1059035373209, 94.64755903440695, 193.62738404199808, 136.78290221751334]  rmse=0.065523
05605486129  cov=5.2400000393390656%  iou=0.7368421052631579
Step 10  pos=[(48, 87), (10, 7), (40, 79), (16, 11)]  dist=[217.8762331515899, 96.64755903440695, 217.71057319958268, 141.2550381725129]  rmse=0.06379
09695456455  cov=5.539999902248383%  iou=0.7228786251342643
Step 11  pos=[(44, 77), (16, 7), (12, 73), (16, 13)]  dist=[228.6465627658589, 102.64755903440695, 246.3462153261354, 143.2550381725129]  rmse=0.06027
810562917519  cov=5.900000035762787%  iou=0.7257019438444925
Step 12  pos=[(60, 75), (14, 15), (14, 69), (18, 11)]  dist=[244.771078262456, 110.89377028564228, 250.81835128113497, 146.0834652972591]  rmse=0.0639
7786262752621  cov=6.190000101923943%  iou=0.7004175365344467
Step 13  pos=[(42, 77), (18, 9), (12, 85), (16, 15)]  dist=[262.8818485387308, 118.10487283657025, 266.9428667777321, 150.55560125225867]  rmse=0.0687
3180910057207  cov=6.430000066757202%  iou=0.6867963152507677
Step 14  pos=[(18, 59), (18, 15), (16, 63), (18, 7)]  dist=[292.8818485387308, 124.10487283657025, 289.30354655273, 158.80181250349398]  rmse=0.065360
88713926488  cov=6.81999996304512%  iou=0.6836734693877551
Step 15  pos=[(18, 29), (20, 11), (26, 35), (20, 13)]  dist=[322.8818485387308, 128.57700879156982, 319.035684047367, 165.12636782383075]  rmse=0.0690
5904741848658  cov=7.379999756813049%  iou=0.690200210748156
│  map 0  steps=15  dist=[322.8818485387308, 128.57700879156982, 319.035684047367, 165.12636782383075]  rmse=0.06905904741848658  cov=7.37999975681304
9%  iou=0.690200210748156  [1/10]
Running episode …
Step 1  pos=[(1, 5), (1, 1), (1, 19), (1, 3)]  dist=[29.410882339705484, 21.470910553583888, 29.68164415931166, 21.470910553583888]  rmse=0.0945593449
3240488  cov=0.9100000374019146%  iou=0.5583270345175108
Step 2  pos=[(9, 33), (8, 30), (9, 46), (10, 30)]  dist=[58.531321896827556, 51.303778333936485, 57.8418998399691, 49.9314094950993]  rmse=0.094355653
39664372  cov=1.7100000753998756%  iou=0.564648537711647
Step 3  pos=[(9, 54), (9, 58), (9, 51), (8, 56)]  dist=[79.53132189682756, 79.32162978618028, 62.8418998399691, 76.0082191159099]  rmse=0.089397102829
04015  cov=2.160000056028366%  iou=0.5702863038431777
Step 4  pos=[(8, 61), (9, 64), (9, 66), (10, 62)]  dist=[86.60238970869304, 85.32162978618028, 77.8418998399691, 82.33277443624665]  rmse=0.0930636334
4815251  cov=2.3099999874830246%  iou=0.5829383886255924
Step 5  pos=[(6, 59), (6, 57), (12, 61), (6, 61)]  dist=[89.43081683343922, 92.93740289204419, 83.6728517348144, 86.4558800618643]  rmse=0.09462376059
919816  cov=2.4399999529123306%  iou=0.5985401459854015
Step 6  pos=[(12, 59), (12, 57), (12, 65), (6, 63)]  dist=[95.43081683343922, 98.93740289204419, 87.6728517348144, 88.4558800618643]  rmse=0.095033565
98632047  cov=2.5699999183416367%  iou=0.6120022123893806
Step 7  pos=[(12, 55), (6, 55), (14, 61), (14, 55)]  dist=[99.43081683343922, 105.26195821238095, 92.14498768981397, 99.76958856084907]  rmse=0.094087
00492308496  cov=2.7000000700354576%  iou=0.6219031531531531
Step 8  pos=[(14, 59), (12, 53), (14, 53), (6, 53)]  dist=[103.9029527884388, 111.5865135327177, 100.14498768981397, 108.0157998120844]  rmse=0.093159
10486110039  cov=2.8599999845027924%  iou=0.6239050579259677
Step 9  pos=[(14, 51), (12, 51), (14, 65), (12, 67)]  dist=[111.9029527884388, 113.5865135327177, 112.14498768981397, 123.24734602381221]  rmse=0.0907
6990246227964  cov=2.9999999329447746%  iou=0.6227798139272624
Step 10  pos=[(16, 59), (16, 61), (14, 67), (16, 63)]  dist=[120.14916403967412, 124.3568431469867, 114.14498768981397, 128.90420027330458]  rmse=0.09
047907125566954  cov=3.1700000166893005%  iou=0.6292808219178082
Step 11  pos=[(8, 69), (7, 65), (10, 69), (8, 71)]  dist=[132.95541251453983, 134.2057009487828, 118.61712364481355, 140.21790877228935]  rmse=0.09465
72581159118  cov=3.319999948143959%  iou=0.6365754222481071
Step 12  pos=[(6, 67), (16, 67), (6, 69), (18, 63)]  dist=[135.78383963928601, 143.4252454060757, 122.61712364481355, 153.02415724715505]  rmse=0.0931
9921965782728  cov=3.4600000828504562%  iou=0.6362306116476442
Step 13  pos=[(18, 61), (18, 59), (8, 73), (14, 71)]  dist=[149.20024750428476, 151.671456657311, 127.08925959981312, 161.96842915715422]  rmse=0.0943
1681547789073  cov=3.669999912381172%  iou=0.6314705882352941
Step 14  pos=[(18, 67), (12, 71), (8, 77), (20, 63)]  dist=[155.20024750428476, 165.08786452230976, 131.08925959981312, 171.96842915715422]  rmse=0.09
538703900000743  cov=3.8600001484155655%  iou=0.6280577659888005
Step 15  pos=[(10, 73), (20, 61), (18, 57), (10, 75)]  dist=[165.20024750428476, 177.89411299717545, 153.449939374811, 187.5889285089675]  rmse=0.0958
622320242183  cov=4.069999977946281%  iou=0.6275434974933648
Step 16  pos=[(20, 59), (14, 73), (6, 73), (18, 71)]  dist=[182.40489803837002, 191.3105208621742, 173.449939374811, 196.53320041896666]  rmse=0.09633
517292905075  cov=4.280000180006027%  iou=0.6276187665978165
Step 17  pos=[(20, 57), (22, 59), (8, 81), (20, 67)]  dist=[184.40489803837002, 207.4350363587713, 181.69615062604632, 201.00533637396623]  rmse=0.096
10334228307726  cov=4.4599998742341995%  iou=0.6298162418494369
Step 18  pos=[(22, 63), (22, 67), (18, 55), (20, 55)]  dist=[190.7294533587068, 215.4350363587713, 209.55292718041454, 213.00533637396623]  rmse=0.096
38976930005651  cov=4.690000042319298%  iou=0.6316572448675989
Step 19  pos=[(12, 77), (18, 53), (6, 51), (22, 71)]  dist=[207.93410389279205, 229.99525613733235, 222.20203782108806, 229.12985187056333]  rmse=0.09
671361405012131  cov=4.989999905228615%  iou=0.6295198577356254
Step 20  pos=[(24, 63), (20, 71), (22, 55), (16, 51)]  dist=[226.37319280737782, 248.1060264136072, 238.6944603235587, 250.01046488838443]  rmse=0.096
15496608421212  cov=5.220000073313713%  iou=0.6307053941908713
Step 21  pos=[(14, 49), (24, 67), (24, 61), (18, 51)]  dist=[243.57784334146308, 253.76288066309957, 245.01901564389547, 252.01046488838443]  rmse=0.0
9563570664654822  cov=5.380000174045563%  iou=0.634088200238379
Step 22  pos=[(22, 53), (26, 63), (18, 75), (14, 47)]  dist=[252.52211525146225, 258.23501661809917, 260.2505618556233, 257.6673191378768]  rmse=0.095
34024026419183  cov=5.570000037550926%  iou=0.6357121528814571
Step 23  pos=[(26, 59), (26, 61), (26, 67), (28, 63)]  dist=[259.73321780239024, 260.23501661809917, 271.564270354608, 278.9276107633461]  rmse=0.0949
8526454194615  cov=5.790000036358833%  iou=0.6405169822663059
Step 24  pos=[(28, 59), (26, 55), (14, 81), (28, 67)]  dist=[261.73321780239024, 266.23501661809917, 290.0033592691938, 282.9276107633461]  rmse=0.093
57791743635266  cov=6.01000003516674%  iou=0.6453943407585792
Step 25  pos=[(30, 63), (28, 57), (30, 59), (26, 53)]  dist=[266.20535375738984, 269.0634437428454, 317.2063002866647, 297.06974638707703]  rmse=0.091
71971162197685  cov=6.2300000339746475%  iou=0.6514875531268974
│  map 1  steps=25  dist=[266.20535375738984, 269.0634437428454, 317.2063002866647, 297.06974638707703]  rmse=0.09171971162197685  cov=6.2300000339746
475%  iou=0.6514875531268974  [2/10]
Running episode …
Step 1  pos=[(1, 56), (1, 44), (1, 52), (1, 37)]  dist=[29.832867780352597, 29.966648127543394, 29.832867780352597, 29.68164415931166]  rmse=0.0808366
3761263031  cov=1.140000019222498%  iou=0.7328931572629052
Step 2  pos=[(9, 74), (9, 70), (8, 76), (8, 66)]  dist=[49.5305833839448, 57.169589145014285, 54.8328677803526, 59.51451193966426]  rmse=0.07699311894
531259  cov=1.940000057220459%  iou=0.750538959039113
Step 3  pos=[(10, 67), (8, 79), (8, 81), (10, 65)]  dist=[56.60165119581028, 66.22497428315171, 59.8328677803526, 61.750579917164046]  rmse=0.08165950
499801591  cov=2.070000022649765%  iou=0.7558393023980069
Step 4  pos=[(12, 69), (10, 77), (12, 71), (12, 67)]  dist=[59.43007832055647, 69.0534014078979, 70.6031973946216, 64.57900704191023]  rmse=0.08651025
060220144  cov=2.199999988079071%  iou=0.7613957874882112
Step 5  pos=[(6, 77), (12, 77), (10, 63), (14, 71)]  dist=[69.43007832055648, 71.0534014078979, 78.84940864585693, 69.05114299690982]  rmse=0.08704999
944324263  cov=2.3600000888109207%  iou=0.7651155428933206
Step 6  pos=[(14, 75), (14, 67), (6, 79), (14, 73)]  dist=[77.6762895717918, 81.25144043508347, 95.34183114832757, 71.05114299690982]  rmse=0.08604879
920595847  cov=2.6100000366568565%  iou=0.7707270408163265
Step 7  pos=[(12, 79), (12, 63), (10, 81), (14, 65)]  dist=[82.14842552679139, 85.72357639008305, 99.81396710332714, 79.05114299690982]  rmse=0.087152
45951900065  cov=2.7300000190734863%  iou=0.7716384541679975
Step 8  pos=[(14, 79), (8, 83), (8, 85), (12, 81)]  dist=[84.14842552679139, 106.1196544444542, 104.28610305832672, 95.17565849350692]  rmse=0.0870252
7924179577  cov=2.889999933540821%  iou=0.7690104995227489
Step 9  pos=[(12, 83), (6, 83), (16, 75), (8, 87)]  dist=[88.62056148179096, 108.1196544444542, 117.09235153319241, 102.38676104443489]  rmse=0.087947
19676777704  cov=3.0799999833106995%  iou=0.7666666666666667
Step 10  pos=[(14, 83), (16, 73), (16, 79), (16, 71)]  dist=[90.62056148179096, 122.26179006818515, 121.09235153319241, 120.27530486443321]  rmse=0.08
644696153928692  cov=3.240000084042549%  iou=0.7684478371501272
Step 11  pos=[(12, 85), (6, 85), (8, 89), (16, 69)]  dist=[93.44898860653714, 137.88228941999847, 133.8986000080581, 122.27530486443321]  rmse=0.08748
53778653202  cov=3.4200001507997513%  iou=0.7639810426540284
Step 12  pos=[(12, 87), (6, 87), (18, 75), (18, 79)]  dist=[95.44898860653714, 139.88228941999847, 151.10325054214337, 132.47334389161878]  rmse=0.087
13247416309253  cov=3.5900000482797623%  iou=0.764873417721519
Step 13  pos=[(14, 87), (18, 83), (16, 83), (16, 67)]  dist=[97.44898860653714, 152.53140006067198, 159.34946179337868, 144.63886895221523]  rmse=0.08
676963228403493  cov=3.7799999117851257%  iou=0.7634238787113077
Step 14  pos=[(10, 61), (14, 63), (16, 65), (8, 91)]  dist=[123.75488148246896, 172.92747811504313, 177.34946179337868, 169.93709023356226]  rmse=0.08
392325383962213  cov=4.050000011920929%  iou=0.7615602390688896
Step 15  pos=[(12, 61), (14, 91), (10, 91), (12, 91)]  dist=[125.75488148246896, 200.92747811504313, 204.03278992163135, 173.93709023356226]  rmse=0.0
8412949366687027  cov=4.1999999433755875%  iou=0.7575093867334167
Step 16  pos=[(16, 87), (5, 75), (5, 73), (20, 75)]  dist=[152.06077435840078, 219.28503786572895, 222.71433161390075, 191.82563405356058]  rmse=0.080
97854162834837  cov=4.500000178813934%  iou=0.7566302652106084
Step 17  pos=[(14, 61), (20, 69), (20, 71), (18, 69)]  dist=[178.13758397921137, 235.44053228713247, 237.84707756432232, 198.15018937389735]  rmse=0.0
798385717957973  cov=4.679999873042107%  iou=0.7566385504529834
Step 18  pos=[(18, 67), (18, 65), (20, 67), (20, 79)]  dist=[185.34868653013936, 239.91266824213204, 241.84707756432232, 208.3482284010829]  rmse=0.07
980450835560295  cov=4.859999939799309%  iou=0.7586206896551724
Step 19  pos=[(22, 67), (18, 63), (22, 71), (4, 71)]  dist=[189.34868653013936, 241.91266824213204, 246.3192135193219, 226.23677222108122]  rmse=0.079
18713497448063  cov=4.969999939203262%  iou=0.7604526878340144
Step 20  pos=[(22, 75), (20, 81), (4, 69), (22, 73)]  dist=[197.34868653013936, 260.02343851840686, 264.42998379559674, 244.34754249735607]  rmse=0.07
844594952678263  cov=5.1500000059604645%  iou=0.76109537299339
Step 21  pos=[(24, 71), (22, 77), (22, 79), (18, 87)]  dist=[201.82082248513893, 264.49557447340646, 285.0212440775707, 258.9077622759171]  rmse=0.078
53509438566111  cov=5.330000072717667%  iou=0.7635561160151324
Step 22  pos=[(24, 67), (24, 75), (26, 71), (24, 69)]  dist=[205.82082248513893, 267.3240015981527, 293.96551598756986, 277.8814282369274]  rmse=0.079
05539295516235  cov=5.490000173449516%  iou=0.7642045454545454
Step 23  pos=[(26, 75), (26, 67), (26, 69), (22, 65)]  dist=[214.06703373637424, 275.570212849388, 295.96551598756986, 282.353564191927]  rmse=0.07891
018404454296  cov=5.629999935626984%  iou=0.7643896268184693
Step 24  pos=[(20, 65), (28, 71), (22, 83), (24, 65)]  dist=[225.72893752606484, 280.0423488043876, 310.5257357661309, 284.353564191927]  rmse=0.07889
506678600865  cov=5.790000036358833%  iou=0.7677152843978392
│  map 2  steps=24  dist=[225.72893752606484, 280.0423488043876, 310.5257357661309, 284.353564191927]  rmse=0.07889506678600865  cov=5.790000036358833
%  iou=0.7677152843978392  [3/10]
Running episode …
Step 1  pos=[(1, 42), (1, 58), (1, 62), (1, 46)]  dist=[29.832867780352597, 29.966648127543394, 29.698484809834994, 29.832867780352597]  rmse=0.063383
18412109464  cov=0.9399999864399433%  iou=0.4305593451568895
Step 2  pos=[(10, 67), (8, 80), (8, 78), (8, 74)]  dist=[56.40352829152545, 53.053440888773785, 47.16273400640797, 58.694607159676224]  rmse=0.0586321
7643517313  cov=1.7300000414252281%  iou=0.4675939627108612
Step 3  pos=[(10, 79), (10, 75), (10, 77), (8, 88)]  dist=[68.40352829152545, 58.43860569590829, 49.39880198390776, 72.69460715967622]  rmse=0.0629621
6068270111  cov=1.9600000232458115%  iou=0.4815941588074232
Step 4  pos=[(10, 81), (10, 83), (12, 77), (6, 81)]  dist=[70.40352829152545, 66.43860569590828, 51.39880198390776, 79.97471704895675]  rmse=0.0622706
6948450256  cov=2.0800000056624413%  iou=0.48395967002749773
Step 5  pos=[(12, 79), (10, 85), (12, 81), (12, 83)]  dist=[73.23195541627163, 68.43860569590828, 55.39880198390776, 86.2992723692935]  rmse=0.0625175
0641260691  cov=2.190000005066395%  iou=0.4893419833178869
Step 6  pos=[(14, 79), (10, 87), (14, 81), (12, 85)]  dist=[75.23195541627163, 70.43860569590828, 57.39880198390776, 88.2992723692935]  rmse=0.0617082
6352038439  cov=2.2700000554323196%  iou=0.4890330552981155
Step 7  pos=[(12, 87), (14, 83), (12, 69), (14, 71)]  dist=[83.47816666750695, 76.09545994540066, 69.5643270445042, 102.44140799302446]  rmse=0.059685
739876973634  cov=2.5100000202655792%  iou=0.4896381070213424
Step 8  pos=[(10, 89), (14, 87), (8, 91), (10, 91)]  dist=[86.30659379225314, 80.09545994540066, 91.9250068195021, 122.8374860473956]  rmse=0.06515897
073371049  cov=2.749999985098839%  iou=0.48738461538461536
Step 9  pos=[(6, 89), (12, 91), (14, 91), (16, 81)]  dist=[90.30659379225314, 84.56759590040025, 97.9250068195021, 134.4993898370862]  rmse=0.06405970
404501492  cov=2.930000051856041%  iou=0.48277964035355075
Step 10  pos=[(16, 87), (16, 85), (18, 87), (12, 67)]  dist=[100.50463281943871, 91.77869845132822, 103.58186106899448, 149.05960961564725]  rmse=0.06
358007647223402  cov=3.139999881386757%  iou=0.4841075794621027
Step 11  pos=[(18, 75), (4, 83), (8, 93), (10, 93)]  dist=[112.67015788003515, 103.94422351192466, 115.24376485868508, 175.13641923645784]  rmse=0.060
46529049366066  cov=3.400000184774399%  iou=0.4836341388803916
Step 12  pos=[(4, 81), (18, 85), (5, 79), (20, 77)]  dist=[127.90170409176297, 118.08635913565561, 129.56158592196144, 194.00438150057104]  rmse=0.055
88263755868551  cov=3.669999912381172%  iou=0.48513637756665645
Step 13  pos=[(16, 73), (18, 73), (16, 71), (14, 67)]  dist=[142.32390919361893, 130.0863591356556, 143.16305643069688, 205.66628529026164]  rmse=0.05
4981562923703264  cov=3.880000114440918%  iou=0.4884008660686669
Step 14  pos=[(4, 76), (12, 97), (20, 85), (22, 89)]  dist=[154.69322607047192, 154.82499288936157, 157.72327620925793, 229.0756851117009]  rmse=0.054
64921616032924  cov=4.21999990940094%  iou=0.4908527131782946
Step 15  pos=[(22, 79), (4, 74), (49, 78), (44, 78)]  dist=[172.94151366136657, 179.17658421313342, 187.55614398961052, 253.67243286419858]  rmse=0.04
926285101950746  cov=4.809999838471413%  iou=0.5249751902084022
Step 16  pos=[(28, 81), (26, 81), (36, 79), (65, 78)]  dist=[179.26606898170334, 202.2633769743638, 200.59454880001582, 274.6724328641986]  rmse=0.047
009421868152886  cov=5.160000175237656%  iou=0.5494043447792571
Step 17  pos=[(22, 77), (28, 79), (24, 77), (40, 77)]  dist=[186.47717153263133, 205.09180409911, 212.76007386061227, 299.69242487059216]  rmse=0.0469
6636683258088  cov=5.469999834895134%  iou=0.558282208588957
Step 18  pos=[(24, 75), (26, 75), (22, 75), (32, 89)]  dist=[189.30559865737752, 209.56394005410957, 215.58850098535845, 314.11462997244814]  rmse=0.0
47161594595958894  cov=5.620000138878822%  iou=0.5591630591630592
│  map 3  steps=18  dist=[189.30559865737752, 209.56394005410957, 215.58850098535845, 314.11462997244814]  rmse=0.047161594595958894  cov=5.6200001388
78822%  iou=0.5591630591630592  [4/10]
Running episode …
Step 1  pos=[(1, 56), (1, 59), (1, 54), (2, 89)]  dist=[29.832867780352597, 29.68164415931166, 29.698484809834994, 30.0]  rmse=0.09320285697156637  co
v=0.9100000374019146%  iou=0.4747945813901843
Step 2  pos=[(10, 59), (12, 61), (14, 63), (10, 67)]  dist=[39.319700760857735, 40.861984046810605, 45.50987311067689, 53.40939982143925]  rmse=0.0992
0034388027846  cov=1.3799999840557575%  iou=0.49917627677100496
Step 3  pos=[(12, 59), (8, 67), (14, 59), (10, 57)]  dist=[41.319700760857735, 48.07308659773858, 49.50987311067689, 63.40939982143925]  rmse=0.103953
20139884578  cov=1.5399999916553497%  iou=0.503609239653513
Step 4  pos=[(12, 57), (6, 65), (10, 55), (12, 69)]  dist=[43.319700760857735, 50.90151372248477, 55.166727360169276, 75.57492488203569]  rmse=0.10390
635737793616  cov=1.640000008046627%  iou=0.5045893719806763
Step 5  pos=[(8, 55), (14, 55), (16, 65), (16, 63)]  dist=[47.791836715857315, 63.70776219735047, 66.82863114985987, 82.78602743296366]  rmse=0.106783
25606006019  cov=1.7999999225139618%  iou=0.5057303096805658
Step 6  pos=[(16, 61), (16, 59), (10, 53), (8, 53)]  dist=[57.791836715857315, 68.17989815235005, 80.2450390148586, 95.59227590782936]  rmse=0.1094295
4593615792  cov=1.9500000402331352%  iou=0.5051294577430386
Step 7  pos=[(12, 53), (10, 51), (8, 51), (18, 63)]  dist=[66.73610862585647, 78.17989815235005, 83.07346613960479, 109.73441153156031]  rmse=0.112199
96254935422  cov=2.0899999886751175%  iou=0.5044160942100098
Step 8  pos=[(14, 53), (10, 49), (6, 53), (8, 49)]  dist=[68.73610862585647, 80.17989815235005, 85.90189326435097, 126.93906206564557]  rmse=0.1125537
929143231  cov=2.2199999541044235%  iou=0.5033112582781457
Step 9  pos=[(14, 51), (12, 49), (8, 47), (10, 47)]  dist=[70.73610862585647, 82.17989815235005, 92.22644858468773, 129.76748919039176]  rmse=0.112187
13745042667  cov=2.3399999365210533%  iou=0.5034398034398034
Step 10  pos=[(12, 47), (8, 45), (18, 59), (18, 57)]  dist=[75.20824458085605, 87.83675240184243, 107.84694793650104, 142.57373766525745]  rmse=0.1138
6366866548808  cov=2.5599999353289604%  iou=0.5063071976255256
Step 11  pos=[(14, 47), (18, 67), (16, 51), (16, 49)]  dist=[77.20824458085605, 112.00284434903158, 116.09315918773636, 150.81994891649276]  rmse=0.11
24427941365717  cov=2.7899999171495438%  iou=0.5057981741919566
Step 12  pos=[(12, 45), (8, 43), (12, 71), (7, 69)]  dist=[80.03667170560223, 138.0028443490316, 136.4892372421075, 172.75166111595408]  rmse=0.111612
62149647173  cov=2.9899999499320984%  iou=0.5049236829148203
Step 13  pos=[(14, 71), (10, 43), (10, 73), (20, 63)]  dist=[106.11348132641282, 140.0028443490316, 139.31766436685368, 187.06948217923042]  rmse=0.11
20234949694544  cov=3.189999982714653%  iou=0.5082654823587466
Step 14  pos=[(6, 71), (20, 67), (24, 71), (8, 41)]  dist=[114.11348132641282, 166.0028443490316, 153.45979999058463, 212.12941035151374]  rmse=0.1118
9135908683215  cov=3.57000008225441%  iou=0.506000489835905
Step 15  pos=[(20, 69), (22, 67), (20, 59), (14, 43)]  dist=[128.25561695014378, 168.0028443490316, 166.10891063125814, 218.4539656718505]  rmse=0.110
78353325302713  cov=3.8499999791383743%  iou=0.5156132900324757
Step 16  pos=[(22, 59), (24, 63), (24, 65), (6, 44)]  dist=[138.45365597732933, 172.47498030403116, 173.32001318218613, 226.51622342014906]  rmse=0.11
022897680083954  cov=4.050000011920929%  iou=0.5209490156486623
Step 17  pos=[(26, 63), (20, 57), (24, 59), (22, 57)]  dist=[144.1105102268217, 179.68608285495915, 179.32001318218613, 247.13175154823736]  rmse=0.10
971854530642415  cov=4.230000078678131%  iou=0.5278629856850716
Step 18  pos=[(26, 59), (24, 57), (26, 67), (26, 65)]  dist=[148.1105102268217, 183.68608285495915, 187.56622443342144, 256.07602345823653]  rmse=0.10
90401394009119  cov=4.38000001013279%  iou=0.5320793609894358
Step 19  pos=[(26, 71), (24, 55), (20, 53), (26, 55)]  dist=[160.1105102268217, 185.68608285495915, 202.79777064514926, 266.07602345823653]  rmse=0.10
913744315613527  cov=4.520000144839287%  iou=0.530528476141611
Step 20  pos=[(28, 63), (28, 61), (28, 65), (28, 67)]  dist=[168.356721478057, 192.89718540588714, 217.2199757470052, 278.241548518833]  rmse=0.107228
66021555454  cov=4.740000143647194%  iou=0.5422976501305483
Step 21  pos=[(30, 63), (30, 61), (30, 65), (30, 59)]  dist=[170.356721478057, 194.89718540588714, 219.2199757470052, 286.4877597700683]  rmse=0.10505
400455264496  cov=4.839999973773956%  iou=0.5575838926174497
Step 22  pos=[(30, 57), (30, 67), (28, 57), (32, 63)]  dist=[176.356721478057, 200.89718540588714, 227.46618699824052, 290.9598957250679]  rmse=0.1031
0263391186501  cov=4.969999939203262%  iou=0.5779661016949152
Step 23  pos=[(32, 59), (28, 55), (30, 55), (32, 65)]  dist=[179.1851486028032, 213.0627104664836, 230.2946141229867, 292.9598957250679]  rmse=0.10282
001153411886  cov=5.059999972581863%  iou=0.5799256505576208
Step 24  pos=[(34, 63), (34, 59), (34, 61), (32, 55)]  dist=[183.65728455780277, 220.27381301741158, 237.5057166739147, 302.9598957250679]  rmse=0.100
53459727561027  cov=5.229999870061874%  iou=0.5826240093924273
│  map 4  steps=24  dist=[183.65728455780277, 220.27381301741158, 237.5057166739147, 302.9598957250679]  rmse=0.10053459727561027  cov=5.2299998700618
74%  iou=0.5826240093924273  [5/10]
Running episode …
Step 1  pos=[(4, 63), (4, 59), (4, 61), (2, 55)]  dist=[30.0, 30.0, 30.0, 30.0]  rmse=0.09972043017439636  cov=1.2400000356137753%  iou=0.211037834085
387
Step 2  pos=[(9, 86), (8, 88), (9, 82), (8, 84)]  dist=[53.53720459187964, 59.274562336608895, 51.5870331449229, 59.61418578992169]  rmse=0.0934744799
6772808  cov=1.8699999898672104%  iou=0.2400923432089265
Step 3  pos=[(37, 78), (33, 78), (33, 82), (37, 82)]  dist=[82.65764414900171, 86.20038637228141, 75.5870331449229, 88.68306949741896]  rmse=0.0829426
8465366156  cov=2.710000053048134%  iou=0.36589497459062675
Step 4  pos=[(61, 78), (57, 78), (59, 78), (65, 78)]  dist=[106.65764414900171, 110.20038637228141, 101.8929260208547, 116.96734074488086]  rmse=0.080
41081576740543  cov=3.3900000154972076%  iou=0.5853658536585366
Step 5  pos=[(85, 86), (85, 82), (84, 84), (81, 82)]  dist=[131.95586543034875, 138.4846576197433, 127.60284628521958, 133.4597632473515]  rmse=0.0809
2057381574695  cov=4.0300000458955765%  iou=0.7097480832420592
Step 6  pos=[(68, 89), (56, 89), (78, 79), (52, 89)]  dist=[149.2185419319808, 168.3175254000959, 135.41309596112623, 163.2926310277041]  rmse=0.08011
275798580779  cov=4.679999873042107%  iou=0.6552072800808898
Step 7  pos=[(40, 89), (32, 89), (60, 85), (36, 89)]  dist=[177.2185419319808, 192.3175254000959, 154.38676192213651, 179.2926310277041]  rmse=0.07989
35828141671  cov=5.1100000739097595%  iou=0.6254826254826255
Step 8  pos=[(60, 83), (8, 91), (70, 77), (10, 90)]  dist=[198.0991549498019, 216.4007145576805, 167.1930103970022, 205.31185469021946]  rmse=0.079853
53376312068  cov=5.68000003695488%  iou=0.6200956937799043
Step 9  pos=[(54, 64), (8, 69), (50, 64), (10, 72)]  dist=[218.0240137949732, 238.4007145576805, 191.04673128075535, 223.31185469021946]  rmse=0.07990
320803394663  cov=6.270000338554382%  iou=0.5968778696051423
Step 10  pos=[(32, 44), (9, 41), (32, 40), (9, 43)]  dist=[247.75615128961022, 266.4185660099243, 221.04673128075535, 252.3290909473133]  rmse=0.07679
721400961263  cov=7.069999724626541%  iou=0.8273657289002557
Step 11  pos=[(9, 26), (9, 14), (9, 22), (9, 17)]  dist=[276.96231502263066, 293.4185660099243, 250.25289501377583, 278.32909094731326]  rmse=0.062863
72577977271  cov=7.779999822378159%  iou=0.8639551192145862
Step 12  pos=[(8, 11), (10, 12), (9, 9), (11, 9)]  dist=[291.99561140100354, 295.65463398742406, 263.25289501377586, 286.57530219854857]  rmse=0.05777
865954650672  cov=7.980000227689743%  iou=0.7923566878980892
Step 13  pos=[(12, 13), (12, 15), (6, 13), (10, 7)]  dist=[296.46774735600314, 299.26018526288806, 268.25289501377586, 288.81137017604834]  rmse=0.056
419815670437336  cov=8.079999685287476%  iou=0.7659313725490197
Step 14  pos=[(14, 11), (14, 13), (12, 7), (6, 15)]  dist=[299.29617448074936, 302.08861238763427, 276.73817638801444, 297.7556420860475]  rmse=0.0535
98377018314936  cov=8.179999887943268%  iou=0.7551020408163265
│  map 5  steps=14  dist=[299.29617448074936, 302.08861238763427, 276.73817638801444, 297.7556420860475]  rmse=0.053598377018314936  cov=8.17999988794
3268%  iou=0.7551020408163265  [6/10]
Running episode …
Step 1  pos=[(1, 1), (1, 3), (1, 5), (1, 7)]  dist=[16.401219466856727, 16.401219466856727, 11.180339887498949, 9.433981132056603]  rmse=0.10464369850
349947  cov=0.44999998062849045%  iou=0.17358870967741935
Step 2  pos=[(8, 11), (14, 7), (10, 13), (16, 11)]  dist=[28.60777508259043, 30.00268997559217, 23.221934466291245, 24.958155828316627]  rmse=0.097938
63477031241  cov=0.7799999788403511%  iou=0.17851959361393324
Step 3  pos=[(16, 9), (16, 7), (16, 13), (12, 15)]  dist=[36.85398633382575, 32.00268997559217, 29.221934466291245, 30.615010077809007]  rmse=0.091387
20489229159  cov=0.9100000374019146%  iou=0.18573905504984828
Step 4  pos=[(18, 11), (10, 15), (18, 7), (18, 9)]  dist=[39.68241345857194, 42.00268997559217, 35.546489786628, 39.10029145204758]  rmse=0.0877299004
8039025  cov=1.0499999858438969%  iou=0.18830591373943975
Step 5  pos=[(18, 13), (16, 15), (14, 5), (8, 15)]  dist=[41.68241345857194, 48.00268997559217, 40.01862574162758, 50.76219524173818]  rmse=0.08329961
760268302  cov=1.2000000104308128%  iou=0.19030357951971003
Step 6  pos=[(18, 15), (20, 11), (20, 7), (20, 9)]  dist=[43.68241345857194, 53.65954422508455, 46.34318106196434, 64.17860310673692]  rmse=0.07852247
573609684  cov=1.3299999758601189%  iou=0.19213069489185458
Step 7  pos=[(22, 11), (20, 15), (22, 7), (22, 9)]  dist=[49.33926770806433, 57.65954422508455, 48.34318106196434, 66.17860310673692]  rmse=0.07474277
925082635  cov=1.4399999752640724%  iou=0.19598693420438637
Step 8  pos=[(22, 15), (20, 5), (14, 17), (12, 17)]  dist=[53.33926770806433, 67.65954422508455, 61.149429536830034, 78.98485158160261]  rmse=0.072315
59185854677  cov=1.6100000590085983%  iou=0.1978698224852071
Step 9  pos=[(24, 11), (18, 17), (24, 13), (10, 17)]  dist=[57.811403663063906, 79.82506928568098, 71.91975915109904, 80.98485158160261]  rmse=0.07400
716247905358  cov=1.7599999904632568%  iou=0.2007177033492823
Step 10  pos=[(20, 17), (24, 9), (24, 15), (24, 7)]  dist=[65.02250621399189, 89.82506928568098, 73.91975915109904, 98.18950211568787]  rmse=0.0756022
4160097037  cov=1.9300000742077827%  iou=0.20124879923150815
Step 11  pos=[(26, 11), (26, 9), (26, 13), (20, 19)]  dist=[73.50778758823046, 91.82506928568098, 76.74818627584523, 110.83861275636139]  rmse=0.07832
454589095098  cov=2.0600000396370888%  iou=0.20139055382402302
Step 12  pos=[(18, 19), (26, 7), (22, 19), (16, 19)]  dist=[84.82149608721522, 93.82506928568098, 83.9592888267732, 114.83861275636139]  rmse=0.082897
76969017303  cov=2.1800000220537186%  iou=0.20354196991751577
Step 13  pos=[(14, 19), (12, 19), (26, 17), (28, 11)]  dist=[88.82149608721522, 112.26415820026676, 88.43142478177279, 129.26081785821734]  rmse=0.088
10666870132164  cov=2.370000071823597%  iou=0.20532687651331719
Step 14  pos=[(28, 9), (18, 21), (16, 21), (8, 17)]  dist=[106.02614662130048, 118.58871352060352, 99.20175439604179, 150.14143087603844]  rmse=0.0947
8376568714143  cov=2.590000070631504%  iou=0.20717423133235724
Step 15  pos=[(28, 7), (12, 21), (10, 19), (22, 21)]  dist=[108.02614662130048, 124.58871352060352, 105.52630971637855, 164.7016506545995]  rmse=0.096
25946096732184  cov=2.759999968111515%  iou=0.2075287215839648
Step 16  pos=[(8, 19), (16, 23), (20, 23), (10, 21)]  dist=[131.34995420068168, 129.0608494756031, 116.29663933064755, 176.7016506545995]  rmse=0.0988
4595031713403  cov=2.9100000858306885%  iou=0.2077922077922078
Step 17  pos=[(22, 23), (28, 15), (24, 21), (24, 5)]  dist=[145.91017397924273, 143.48305457745906, 120.76877528564714, 197.9619422800688]  rmse=0.102
26809256791751  cov=3.0899999663233757%  iou=0.20839469808541974
Step 18  pos=[(8, 21), (30, 11), (26, 21), (26, 23)]  dist=[160.05230960297368, 147.95519053245863, 122.76877528564714, 216.07271255634362]  rmse=0.10
490262450026333  cov=3.2600000500679016%  iou=0.20883435582822085
Step 19  pos=[(28, 19), (30, 9), (30, 15), (10, 23)]  dist=[180.15206084521546, 149.95519053245863, 129.97987783657513, 232.07271255634362]  rmse=0.09
974844891494267  cov=3.500000014901161%  iou=0.20974889217134415
Step 20  pos=[(16, 25), (18, 25), (30, 7), (14, 25)]  dist=[193.5684687102142, 169.95519053245863, 137.97987783657513, 236.5448485113432]  rmse=0.0969
678360892578  cov=3.700000047683716%  iou=0.21046138662718974
Step 21  pos=[(8, 23), (22, 25), (30, 19), (6, 17)]  dist=[201.8146799614495, 173.95519053245863, 149.97987783657513, 247.85855701032796]  rmse=0.0966
4056930602063  cov=3.869999945163727%  iou=0.2101628021706956
Step 22  pos=[(32, 15), (28, 5), (32, 11), (8, 25)]  dist=[227.11290124279654, 194.83580355027973, 158.22608908781044, 256.10476826156327]  rmse=0.095
78138674248647  cov=4.1200000792741776%  iou=0.21127801034228022
Step 23  pos=[(26, 5), (32, 9), (34, 11), (8, 29)]  dist=[238.77480503248714, 200.4926577997721, 160.22608908781044, 260.10476826156327]  rmse=0.09495
729680302555  cov=4.239999875426292%  iou=0.21171836533727229
Step 24  pos=[(18, 27), (24, 25), (20, 27), (16, 27)]  dist=[262.1842048539264, 218.38120161977042, 181.48638071327974, 268.3509795127986]  rmse=0.087
98035174170941  cov=4.509999975562096%  iou=0.2123304562268804
Step 25  pos=[(30, 23), (28, 23), (34, 9), (26, 25)]  dist=[274.83331549459996, 222.85333757477, 204.2898892152625, 278.54901853998416]  rmse=0.088066
4417954587  cov=4.699999839067459%  iou=0.21243523316062177
Step 26  pos=[(30, 21), (34, 7), (18, 3), (32, 19)]  dist=[276.83331549459996, 239.94134506540505, 221.37789670589754, 287.03429991422274]  rmse=0.087
29737387709723  cov=4.899999871850014%  iou=0.21264509755495184
Step 27  pos=[(34, 19), (7, 13), (34, 15), (16, 33)]  dist=[281.30545144959956, 267.5999784372837, 241.37789670589754, 308.294591539692]  rmse=0.08555
78739898994  cov=5.200000107288361%  iou=0.21299728193723746
│  map 6  steps=27  dist=[281.30545144959956, 267.5999784372837, 241.37789670589754, 308.294591539692]  rmse=0.0855578739898994  cov=5.200000107288361
%  iou=0.21299728193723746  [7/10]
Running episode …
Step 1  pos=[(4, 19), (1, 1), (4, 15), (1, 8)]  dist=[30.0, 13.416407864998739, 30.0, 29.154759474226502]  rmse=0.08903032566620389  cov=0.98999999463
5582%  iou=0.0863674851820491
Step 2  pos=[(12, 17), (10, 17), (14, 17), (12, 13)]  dist=[38.24621125123532, 31.77396761568456, 40.19803902718557, 41.237805447821074]  rmse=0.07602
050915030248  cov=1.290000043809414%  iou=0.09282318315598823
Step 3  pos=[(14, 13), (12, 11), (14, 11), (16, 13)]  dist=[42.7183472062349, 38.09852293602132, 46.19803902718557, 45.237805447821074]  rmse=0.071231
64255206924  cov=1.4100000262260437%  iou=0.09691943127962085
Step 4  pos=[(16, 11), (14, 9), (12, 9), (18, 13)]  dist=[45.546774330981094, 40.92695006076751, 49.026466151931764, 47.237805447821074]  rmse=0.07251
186239377005  cov=1.4800000004470348%  iou=0.09893822393822393
Step 5  pos=[(10, 9), (18, 11), (16, 9), (12, 7)]  dist=[51.87132965131785, 45.39908601576709, 53.026466151931764, 55.72308682205964]  rmse=0.07777583
954865153  cov=1.6300000250339508%  iou=0.10034347399411188
Step 6  pos=[(16, 7), (10, 7), (18, 7), (8, 9)]  dist=[58.19588497165461, 54.34335792576625, 55.854893276677956, 60.19522277705922]  rmse=0.0746875033
0693545  cov=1.7400000244379044%  iou=0.1003680981595092
Step 7  pos=[(16, 17), (16, 5), (20, 11), (20, 13)]  dist=[68.1958849716546, 60.667913246103005, 60.327029231677535, 72.84433341773274]  rmse=0.076033
08982304667  cov=1.9600000232458115%  iou=0.10103499260719566
Step 8  pos=[(18, 17), (20, 7), (22, 11), (10, 5)]  dist=[70.1958849716546, 65.14004920110258, 62.327029231677535, 85.65058189259844]  rmse=0.07426481
32331219  cov=2.0899999886751175%  iou=0.10130638402760661
Step 9  pos=[(22, 13), (14, 3), (22, 9), (8, 6)]  dist=[75.85273922114699, 72.35115175203056, 64.32702923167753, 87.88664987009822]  rmse=0.0735888605
4576018  cov=2.199999988079071%  iou=0.10137795275590551
Step 10  pos=[(22, 7), (10, 3), (24, 13), (12, 21)]  dist=[81.85273922114699, 76.35115175203056, 68.7991651866771, 103.41082456635824]  rmse=0.0704257
1397236815  cov=2.380000054836273%  iou=0.1018746916625555
Step 11  pos=[(22, 17), (14, 21), (12, 1), (14, 23)]  dist=[91.85273922114699, 94.79024066661634, 85.76972793515424, 106.23925169110443]  rmse=0.07013
782686246758  cov=2.549999952316284%  iou=0.10266535044422508
Step 12  pos=[(26, 11), (26, 13), (18, 3), (16, 21)]  dist=[99.06384177207497, 109.21244576847229, 92.09428325549099, 109.06767881585061]  rmse=0.0706
4457465970174  cov=2.759999968111515%  iou=0.10368720613709478
Step 13  pos=[(24, 9), (24, 7), (18, 21), (20, 25)]  dist=[101.89226889682115, 115.53700108880905, 110.09428325549099, 114.724533065343]  rmse=0.06947
324146628056  cov=2.9500000178813934%  iou=0.10330374753451677
Step 14  pos=[(20, 21), (22, 5), (8, 48), (9, 50)]  dist=[114.54137953749466, 118.36542821355523, 138.88664335326692, 142.03753363283832]  rmse=0.0641
617147700565  cov=3.539999946951866%  iou=0.11920341394025605
Step 15  pos=[(8, 25), (8, 4), (9, 74), (9, 78)]  dist=[127.19049017816818, 132.40109706117343, 164.9058670157823, 170.03753363283832]  rmse=0.0546754
3937321127  cov=4.1200000792741776%  iou=0.14587664587664587
Step 16  pos=[(28, 11), (27, 8), (9, 86), (8, 88)]  dist=[151.6036014096356, 151.81758490012103, 176.9058670157823, 180.0874092539592]  rmse=0.0516883
2081488373  cov=4.430000111460686%  iou=0.15761886933732686
^CTraceback (most recent call last):
  File "/mnt/sdb/Alejandro_C/uncertainty-multiasv/scenario/run_experiments.py", line 402, in <module>
    main()
  File "/mnt/sdb/Alejandro_C/uncertainty-multiasv/scenario/run_experiments.py", line 351, in main
    summary = run_episode(
  File "/mnt/sdb/Alejandro_C/uncertainty-multiasv/scenario/run_experiments.py", line 217, in run_episode
    obs, done, info = env.step(action)
  File "/mnt/sdb/Alejandro_C/uncertainty-multiasv/scenario/extended_scenario.py", line 134, in step
    output = self.model.predict({"obs_map": obs_map, "obs_mask": obs_mask})
  File "/mnt/sdb/Alejandro_C/uncertainty-multiasv/scenario/models/MC_ensemble_model.py", line 280, in predict
    out = net(X_t)
  File "/home/azken/.local/lib/python3.10/site-packages/torch/nn/modules/module.py", line 1511, in _wrapped_call_impl
    return self._call_impl(*args, **kwargs)
  File "/home/azken/.local/lib/python3.10/site-packages/torch/nn/modules/module.py", line 1520, in _call_impl
    return forward_call(*args, **kwargs)
  File "/mnt/sdb/Alejandro_C/uncertainty-multiasv/scenario/models/unet_model.py", line 222, in forward
    features = self.forward_features(x)
  File "/mnt/sdb/Alejandro_C/uncertainty-multiasv/scenario/models/unet_model.py", line 201, in forward_features
    x, skip = encoder(x)
  File "/home/azken/.local/lib/python3.10/site-packages/torch/nn/modules/module.py", line 1511, in _wrapped_call_impl
    return self._call_impl(*args, **kwargs)
  File "/home/azken/.local/lib/python3.10/site-packages/torch/nn/modules/module.py", line 1520, in _call_impl
    return forward_call(*args, **kwargs)
  File "/mnt/sdb/Alejandro_C/uncertainty-multiasv/scenario/models/unet_model.py", line 67, in forward
    skip = self.conv(x)     # feature map passed as skip connection
  File "/home/azken/.local/lib/python3.10/site-packages/torch/nn/modules/module.py", line 1511, in _wrapped_call_impl
    return self._call_impl(*args, **kwargs)
  File "/home/azken/.local/lib/python3.10/site-packages/torch/nn/modules/module.py", line 1520, in _call_impl
    return forward_call(*args, **kwargs)
  File "/mnt/sdb/Alejandro_C/uncertainty-multiasv/scenario/models/unet_model.py", line 54, in forward
    return self.block(x)
  File "/home/azken/.local/lib/python3.10/site-packages/torch/nn/modules/module.py", line 1511, in _wrapped_call_impl
    return self._call_impl(*args, **kwargs)
  File "/home/azken/.local/lib/python3.10/site-packages/torch/nn/modules/module.py", line 1520, in _call_impl
    return forward_call(*args, **kwargs)
  File "/home/azken/.local/lib/python3.10/site-packages/torch/nn/modules/container.py", line 217, in forward
    input = module(input)
  File "/home/azken/.local/lib/python3.10/site-packages/torch/nn/modules/module.py", line 1511, in _wrapped_call_impl
    return self._call_impl(*args, **kwargs)
  File "/home/azken/.local/lib/python3.10/site-packages/torch/nn/modules/module.py", line 1520, in _call_impl
    return forward_call(*args, **kwargs)
  File "/home/azken/.local/lib/python3.10/site-packages/torch/nn/modules/batchnorm.py", line 175, in forward
    return F.batch_norm(
  File "/home/azken/.local/lib/python3.10/site-packages/torch/nn/functional.py", line 2482, in batch_norm
    return torch.batch_norm(
KeyboardInterrupt
^C
(alec) azken@azken-W45:/mnt/sdb/Alejandro_C/uncertainty-multiasv$ ^C
(alec) azken@azken-W45:/mnt/sdb/Alejandro_C/uncertainty-multiasv$ python3 scenario/run_experiments.py
Loading EnsembleModel from /mnt/sdb/Alejandro_C/uncertainty-multiasv/scenario/../Weights/dataset_POINTWISE_Ensemble.pt …

Policies : ['myopic_greedy']
Models   : ['ensemble']
Maps     : 0 … 9  (10 total)
Output   : /mnt/sdb/Alejandro_C/uncertainty-multiasv/scenario/results/experiments.csv

┌─ model=ensemble  policy=myopic_greedy
Running episode …
│  map 0  steps=14  dist=[274.5437523284214, 124.10487283657025, 304.0849166126542, 158.80181250349398]  rmse=0.06476384821365358  cov=6.7699998617172
24%  iou=0.6839430894308943  [1/10]
Running episode …
│  map 1  steps=20  dist=[140.7822086807497, 266.08370224609644, 231.28408745203814, 304.3770113181612]  rmse=0.09648072355519301  cov=6.0600001364946
365%  iou=0.6654699738903395  [2/10]
Running episode …
│  map 2  steps=20  dist=[162.92048363231612, 276.4772224936337, 260.2210566843812, 318.84411097579687]  rmse=0.0848813040002865  cov=5.24000003933906
56%  iou=0.7335942203491872  [3/10]
Running episode …
│  map 3  steps=20  dist=[315.99445279398674, 193.67436847864124, 216.06130815262924, 253.26016231422338]  rmse=0.049162577560745775  cov=6.8899996578
69339%  iou=0.6054319124858544  [4/10]
Running episode …
│  map 4  steps=19  dist=[188.32409337074762, 255.2107260963188, 303.85004054397535, 280.6344286996744]  rmse=0.09893916492362576  cov=6.8300001323223
11%  iou=0.6862745098039216  [5/10]
Running episode …
│  map 5  steps=17  dist=[304.9803661672937, 178.8233761910151, 143.52827597674215, 224.1453122315935]  rmse=0.08423801036891108  cov=6.53999969363212
6%  iou=0.6148007590132827  [6/10]
Running episode …
│  map 6  steps=23  dist=[289.2339622225961, 230.5069688854584, 304.35876284498346, 309.03190323168906]  rmse=0.106154179315919  cov=5.119999870657921
%  iou=0.21179361179361178  [7/10]
Running episode …
│  map 7  steps=13  dist=[88.73343548235296, 310.23791045122636, 294.6044800770168, 318.9125969399705]  rmse=0.03225569058892961  cov=7.95999988913536
1%  iou=0.7810650887573964  [8/10]
Running episode …
│  map 8  steps=22  dist=[282.74339690435966, 255.35254091173374, 262.1604334933138, 303.0065142828406]  rmse=0.05266762190777222  cov=7.3600001633167
27%  iou=0.7670007158196135  [9/10]
Running episode …
│  map 9  steps=20  dist=[272.3122778878169, 213.10335449624267, 260.6667228958203, 310.7072540477328]  rmse=0.11400514770924576  cov=5.95999993383884
4%  iou=0.7185244587008821  [10/10]
└─ done

Traceback (most recent call last):
  File "/mnt/sdb/Alejandro_C/uncertainty-multiasv/scenario/run_experiments.py", line 402, in <module>
    main()
  File "/mnt/sdb/Alejandro_C/uncertainty-multiasv/scenario/run_experiments.py", line 375, in main
    df = logger.to_dataframe()
  File "/mnt/sdb/Alejandro_C/uncertainty-multiasv/scenario/experiment_logger.py", line 177, in to_dataframe
    return pd.DataFrame(self._records)[self._COLUMNS]
  File "/home/azken/.local/lib/python3.10/site-packages/pandas/core/frame.py", line 4108, in __getitem__
    indexer = self.columns._get_indexer_strict(key, "columns")[1]
  File "/home/azken/.local/lib/python3.10/site-packages/pandas/core/indexes/base.py", line 6200, in _get_indexer_strict
    self._raise_if_missing(keyarr, indexer, axis_name)
  File "/home/azken/.local/lib/python3.10/site-packages/pandas/core/indexes/base.py", line 6252, in _raise_if_missing
    raise KeyError(f"{not_found} not in index")
KeyError: "['pos_x', 'pos_y'] not in index"
(alec) azken@azken-W45:/mnt/sdb/Alejandro_C/uncertainty-multiasv$ clear
(alec) azken@azken-W45:/mnt/sdb/Alejandro_C/uncertainty-multiasv$ python3 scenario/run_experiments.py
Loading EnsembleModel from /mnt/sdb/Alejandro_C/uncertainty-multiasv/scenario/../Weights/dataset_POINTWISE_Ensemble.pt …

Policies : ['myopic_greedy']
Models   : ['ensemble']
Maps     : 0 … 9  (10 total)
Output   : /mnt/sdb/Alejandro_C/uncertainty-multiasv/scenario/results/experiments.csv

┌─ model=ensemble  policy=myopic_greedy
Running episode …
│  map 0  steps=15  dist=[318.8571533845285, 128.57700879156982, 316.29219683965084, 161.63023962824016]  rmse=0.07442848160984983  cov=7.490000128746
033%  iou=0.6709613478691774  [1/10]
Running episode …
│  map 1  steps=26  dist=[239.2501185659152, 301.52274275129344, 275.74312550091213, 305.0860572617859]  rmse=0.09779684436600755  cov=6.1299998313188
55%  iou=0.6444849589790337  [2/10]
Running episode …
│  map 2  steps=25  dist=[231.90750866171038, 273.256943133838, 287.291572925287, 302.038266569329]  rmse=0.09658189605765143  cov=6.469999998807907%
 iou=0.6355543566226058  [3/10]
Running episode …
│  map 3  steps=19  dist=[252.296251893034, 282.58970521217594, 238.10403527098407, 303.79045085643986]  rmse=0.04808886958726624  cov=5.2600000053644
18%  iou=0.5135479757730316  [4/10]
Running episode …
│  map 4  steps=30  dist=[220.78131175735174, 304.3518278205232, 265.40784830456323, 268.52223454873274]  rmse=0.0760559122440529  cov=6.1999998986721
04%  iou=0.7042640990371389  [5/10]
Running episode …
│  map 5  steps=14  dist=[286.28927657110046, 318.813460507579, 288.45594680747996, 289.45917998162054]  rmse=0.07876446503574179  cov=8.5100002586841
58%  iou=0.8608458390177354  [6/10]
Running episode …
│  map 6  steps=13  dist=[88.09592581943409, 310.5216406528895, 105.43811738045, 288.9026831516191]  rmse=0.07000387860094275  cov=6.390000134706497%
 iou=0.76007326007326  [7/10]
Running episode …
│  map 7  steps=20  dist=[209.5624923887543, 292.5695996097713, 266.7602360907711, 309.91164620571277]  rmse=0.044282709426762615  cov=6.3600003719329
83%  iou=0.36991150442477877  [8/10]
Running episode …
│  map 8  steps=20  dist=[286.67776553285086, 234.15805168936294, 315.90320249381733, 301.04564533773953]  rmse=0.06454952934193829  cov=6.48000016808
5098%  iou=0.7722953216374269  [9/10]
Running episode …
│  map 9  steps=27  dist=[223.734506693036, 249.1590963493518, 272.37561096764495, 300.81021410454673]  rmse=0.07655455976300951  cov=6.17999993264675
1%  iou=0.6826676438255771  [10/10]
└─ done

────────────────────────────────────────────────────────────
Total rows recorded : 209
Results saved to    : /mnt/sdb/Alejandro_C/uncertainty-multiasv/scenario/results/experiments.csv
────────────────────────────────────────────────────────────

Per-(model, policy) summary (mean over episodes):
model_name        policy  episodes  mean_rmse  final_rmse  mean_coverage  mean_iou
  ensemble myopic_greedy        10    0.08364    0.072711          6.547  0.551227
(alec) azken@azken-W45:/mnt/sdb/Alejandro_C/uncertainty-multiasv$ python3 scenario/run_experiments.py
Loading GaussianProcessModel …
Loading EnsembleModel from /mnt/sdb/Alejandro_C/uncertainty-multiasv/scenario/../Weights/dataset_POINTWISE_Ensemble.pt …

Policies : ['myopic_greedy']
Models   : ['gaussian_process', 'ensemble']
Maps     : 0 … 9  (10 total)
Output   : /mnt/sdb/Alejandro_C/uncertainty-multiasv/scenario/results/experiments.csv

┌─ model=gaussian_process  policy=myopic_greedy
│  map 0  steps=15  dist=[158.8014616126419, 224.25869502411473, 196.9394254698759, 302.1794955894867]  rmse=0.18314676454900583  cov=6.40000030398368
8%  iou=0.07916666666666666  [1/20]
│  map 1  steps=24  dist=[255.08835457363622, 227.50815460688924, 241.14349438364192, 304.0291236018757]  rmse=0.12857702869611273  cov=6.889999657869
339%  iou=0.2524758110415481  [2/20]
│  map 2  steps=33  dist=[252.08543670383057, 269.2559612041111, 264.8140497594632, 308.4096334012921]  rmse=0.22259701392594958  cov=7.54999965429306
%  iou=0.25697518789251517  [3/20]
│  map 3  steps=27  dist=[274.7792643670052, 277.76975873892354, 287.3010643747046, 306.5577601025677]  rmse=0.1500315404554248  cov=7.069999724626541
%  iou=0.17280839895013123  [4/20]
│  map 4  steps=25  dist=[233.1480340614964, 263.9110848204337, 328.60962915324353, 285.88894034877563]  rmse=0.30955413872378673  cov=7.6300002634525
3%  iou=0.22451070806435086  [5/20]
│  map 5  steps=15  dist=[178.74975297199282, 241.32244318844351, 312.6419454833107, 310.7249412272955]  rmse=0.0770803555539536  cov=6.27999976277351
4%  iou=0.07829004597986827  [6/20]
│  map 6  steps=15  dist=[277.7303883865817, 299.7575601152725, 262.55546271793236, 321.7024124605315]  rmse=0.12930472514359584  cov=9.009999781847%
 iou=0.1127239440303387  [7/20]
│  map 7  steps=13  dist=[308.35617995335076, 274.3286275382826, 270.167350922053, 255.1181124445646]  rmse=0.04313274942573796  cov=9.290000051259995
%  iou=0.1295483061480552  [8/20]
│  map 8  steps=23  dist=[197.62977186336974, 284.1838109800279, 254.88674599896683, 305.35824940042284]  rmse=0.09670248148234517  cov=7.299999892711
639%  iou=0.25201354032917006  [9/20]
│  map 9  steps=26  dist=[274.7151002491917, 306.6578700915953, 296.7222907159405, 273.93904635607976]  rmse=0.2346133450716213  cov=8.169999718666077
%  iou=0.20970350404312668  [10/20]
└─ done

┌─ model=ensemble  policy=myopic_greedy
│  map 0  steps=15  dist=[318.8571533845285, 128.57700879156982, 316.29219683965084, 161.63023962824016]  rmse=0.0741766666010169  cov=7.4900001287460
33%  iou=0.6763236763236763  [11/20]
│  map 1  steps=24  dist=[255.29654454357177, 276.3559600003873, 298.98513253081114, 312.3339823225106]  rmse=0.09514958027858843  cov=6.1400000005960
464%  iou=0.6292167791141097  [12/20]
│  map 2  steps=23  dist=[245.45500206913732, 284.48586648526066, 303.9833480832303, 216.8640331136805]  rmse=0.09084545320765135  cov=5.8600001037120
82%  iou=0.7162485065710872  [13/20]
│  map 3  steps=19  dist=[226.97309793283128, 215.82640256490984, 305.43257268108, 284.18819813359084]  rmse=0.0564701025060137  cov=6.830000132322311
%  iou=0.7216783216783217  [14/20]
│  map 4  steps=20  dist=[199.0004532534076, 251.7003281254839, 305.9249452077847, 276.84421164235954]  rmse=0.10313350396783835  cov=6.46999999880790
7%  iou=0.6404561824729892  [15/20]
│  map 5  steps=15  dist=[258.3355414710905, 288.20441414190225, 323.8019907111046, 277.2538934567103]  rmse=0.05206297933705869  cov=8.88999998569488
5%  iou=0.8019257221458047  [16/20]
│  map 6  steps=28  dist=[251.04366645960798, 297.58604111042797, 309.8967197681987, 251.93037727449936]  rmse=0.08667748646565417  cov=5.400000140070
915%  iou=0.2646427476234284  [17/20]
│  map 7  steps=19  dist=[214.45543651161736, 145.8915743603636, 281.37784572244647, 300.92107036203134]  rmse=0.04335494185243608  cov=6.700000166893
005%  iou=0.4101068999028183  [18/20]
│  map 8  steps=24  dist=[303.66396072070523, 283.40412195685053, 293.6517253821276, 247.2896063838957]  rmse=0.07512127030039305  cov=7.0500001311302
185%  iou=0.6525071862024913  [19/20]
│  map 9  steps=29  dist=[220.97576023213855, 260.8860944086838, 277.6173724842706, 300.81919469634346]  rmse=0.08060251640494118  cov=5.6699998676776
89%  iou=0.6276077885952712  [20/20]
└─ done

────────────────────────────────────────────────────────────
Total rows recorded : 432
Results saved to    : /mnt/sdb/Alejandro_C/uncertainty-multiasv/scenario/results/experiments.csv
────────────────────────────────────────────────────────────

Per-(model, policy) summary (mean over episodes):
      model_name        policy  episodes  mean_rmse  final_rmse  mean_coverage  mean_iou
        ensemble myopic_greedy        10   0.084089    0.075759          6.650  0.515296
gaussian_process myopic_greedy        10   0.177745    0.157474          7.559  0.151732
(alec) azken@azken-W45:/mnt/sdb/Alejandro_C/uncertainty-multiasv$ python3 scenario/run_experiments.py
[ERROR] Unknown models: {'edl', 'mcdropout'}
(alec) azken@azken-W45:/mnt/sdb/Alejandro_C/uncertainty-multiasv$ python3 scenario/run_experiments.py
Loading GaussianProcessModel …
Loading EnsembleModel from /mnt/sdb/Alejandro_C/uncertainty-multiasv/scenario/../Weights/dataset_POINTWISE_Ensemble.pt …
Loading MyopicModel …
Loading EDLModel …
Traceback (most recent call last):
  File "/mnt/sdb/Alejandro_C/uncertainty-multiasv/scenario/run_experiments.py", line 400, in <module>
    main()
  File "/mnt/sdb/Alejandro_C/uncertainty-multiasv/scenario/run_experiments.py", line 297, in main
    model_instances["edl"] = _make_edl(args.weights)
  File "/mnt/sdb/Alejandro_C/uncertainty-multiasv/scenario/run_experiments.py", line 117, in _make_edl
    model.load_weights(weights_path)
  File "/mnt/sdb/Alejandro_C/uncertainty-multiasv/scenario/models/EDL_model.py", line 368, in load_weights
    state = torch.load(path, map_location=self.device)
  File "/home/azken/.local/lib/python3.10/site-packages/torch/serialization.py", line 998, in load
    with _open_file_like(f, 'rb') as opened_file:
  File "/home/azken/.local/lib/python3.10/site-packages/torch/serialization.py", line 445, in _open_file_like
    return _open_file(name_or_buffer, mode)
  File "/home/azken/.local/lib/python3.10/site-packages/torch/serialization.py", line 426, in __init__
    super().__init__(open(name, mode))
IsADirectoryError: [Errno 21] Is a directory: '/mnt/sdb/Alejandro_C/uncertainty-multiasv/scenario/../Weights'
(alec) azken@azken-W45:/mnt/sdb/Alejandro_C/uncertainty-multiasv$ python3 scenario/run_experiments.py
Loading GaussianProcessModel …
Loading EnsembleModel from /mnt/sdb/Alejandro_C/uncertainty-multiasv/scenario/../Weights/dataset_POINTWISE_Ensemble.pt …
Loading MyopicModel …
Loading EDLModel …
Traceback (most recent call last):
  File "/mnt/sdb/Alejandro_C/uncertainty-multiasv/scenario/run_experiments.py", line 400, in <module>
    main()
  File "/mnt/sdb/Alejandro_C/uncertainty-multiasv/scenario/run_experiments.py", line 297, in main
    model_instances["edl"] = _make_edl(args.weights/'dataset_POINTWISE_EDL.pt')
  File "/mnt/sdb/Alejandro_C/uncertainty-multiasv/scenario/run_experiments.py", line 117, in _make_edl
    model.load_weights(weights_path)
  File "/mnt/sdb/Alejandro_C/uncertainty-multiasv/scenario/models/EDL_model.py", line 369, in load_weights
    self.net.load_state_dict(state)
  File "/home/azken/.local/lib/python3.10/site-packages/torch/nn/modules/module.py", line 2153, in load_state_dict
    raise RuntimeError('Error(s) in loading state_dict for {}:\n\t{}'.format(
RuntimeError: Error(s) in loading state_dict for EDLNet:
        Unexpected key(s) in state_dict: "backbone.encoders.3.conv.block.0.weight", "backbone.encoders.3.conv.block.1.weight", "backbone.encoders.3.co
nv.block.1.bias", "backbone.encoders.3.conv.block.1.running_mean", "backbone.encoders.3.conv.block.1.running_var", "backbone.encoders.3.conv.block.1.n
um_batches_tracked", "backbone.encoders.3.conv.block.3.weight", "backbone.encoders.3.conv.block.4.weight", "backbone.encoders.3.conv.block.4.bias", "b
ackbone.encoders.3.conv.block.4.running_mean", "backbone.encoders.3.conv.block.4.running_var", "backbone.encoders.3.conv.block.4.num_batches_tracked",
 "backbone.decoders.3.upsample.weight", "backbone.decoders.3.upsample.bias", "backbone.decoders.3.conv.block.0.weight", "backbone.decoders.3.conv.bloc
k.1.weight", "backbone.decoders.3.conv.block.1.bias", "backbone.decoders.3.conv.block.1.running_mean", "backbone.decoders.3.conv.block.1.running_var",
 "backbone.decoders.3.conv.block.1.num_batches_tracked", "backbone.decoders.3.conv.block.3.weight", "backbone.decoders.3.conv.block.4.weight", "backbo
ne.decoders.3.conv.block.4.bias", "backbone.decoders.3.conv.block.4.running_mean", "backbone.decoders.3.conv.block.4.running_var", "backbone.decoders.
3.conv.block.4.num_batches_tracked".
        size mismatch for backbone.encoders.0.conv.block.0.weight: copying a param with shape torch.Size([32, 2, 3, 3]) from checkpoint, the shape in
current model is torch.Size([16, 2, 3, 3]).
        size mismatch for backbone.encoders.0.conv.block.1.weight: copying a param with shape torch.Size([32]) from checkpoint, the shape in current m
odel is torch.Size([16]).
        size mismatch for backbone.encoders.0.conv.block.1.bias: copying a param with shape torch.Size([32]) from checkpoint, the shape in current mod
el is torch.Size([16]).
        size mismatch for backbone.encoders.0.conv.block.1.running_mean: copying a param with shape torch.Size([32]) from checkpoint, the shape in cur
rent model is torch.Size([16]).
        size mismatch for backbone.encoders.0.conv.block.1.running_var: copying a param with shape torch.Size([32]) from checkpoint, the shape in curr
ent model is torch.Size([16]).
        size mismatch for backbone.encoders.0.conv.block.3.weight: copying a param with shape torch.Size([32, 32, 3, 3]) from checkpoint, the shape in
 current model is torch.Size([16, 16, 3, 3]).
        size mismatch for backbone.encoders.0.conv.block.4.weight: copying a param with shape torch.Size([32]) from checkpoint, the shape in current m
odel is torch.Size([16]).
        size mismatch for backbone.encoders.0.conv.block.4.bias: copying a param with shape torch.Size([32]) from checkpoint, the shape in current mod
el is torch.Size([16]).
        size mismatch for backbone.encoders.0.conv.block.4.running_mean: copying a param with shape torch.Size([32]) from checkpoint, the shape in cur
rent model is torch.Size([16]).
        size mismatch for backbone.encoders.0.conv.block.4.running_var: copying a param with shape torch.Size([32]) from checkpoint, the shape in curr
ent model is torch.Size([16]).
        size mismatch for backbone.encoders.1.conv.block.0.weight: copying a param with shape torch.Size([64, 32, 3, 3]) from checkpoint, the shape in
 current model is torch.Size([32, 16, 3, 3]).
        size mismatch for backbone.encoders.1.conv.block.1.weight: copying a param with shape torch.Size([64]) from checkpoint, the shape in current m
odel is torch.Size([32]).
        size mismatch for backbone.encoders.1.conv.block.1.bias: copying a param with shape torch.Size([64]) from checkpoint, the shape in current mod
el is torch.Size([32]).
        size mismatch for backbone.encoders.1.conv.block.1.running_mean: copying a param with shape torch.Size([64]) from checkpoint, the shape in cur
rent model is torch.Size([32]).
        size mismatch for backbone.encoders.1.conv.block.1.running_var: copying a param with shape torch.Size([64]) from checkpoint, the shape in curr
ent model is torch.Size([32]).
        size mismatch for backbone.encoders.1.conv.block.3.weight: copying a param with shape torch.Size([64, 64, 3, 3]) from checkpoint, the shape in
 current model is torch.Size([32, 32, 3, 3]).
        size mismatch for backbone.encoders.1.conv.block.4.weight: copying a param with shape torch.Size([64]) from checkpoint, the shape in current m
odel is torch.Size([32]).
        size mismatch for backbone.encoders.1.conv.block.4.bias: copying a param with shape torch.Size([64]) from checkpoint, the shape in current mod
el is torch.Size([32]).
        size mismatch for backbone.encoders.1.conv.block.4.running_mean: copying a param with shape torch.Size([64]) from checkpoint, the shape in cur
rent model is torch.Size([32]).
        size mismatch for backbone.encoders.1.conv.block.4.running_var: copying a param with shape torch.Size([64]) from checkpoint, the shape in curr
ent model is torch.Size([32]).
        size mismatch for backbone.encoders.2.conv.block.0.weight: copying a param with shape torch.Size([128, 64, 3, 3]) from checkpoint, the shape i
n current model is torch.Size([64, 32, 3, 3]).
        size mismatch for backbone.encoders.2.conv.block.1.weight: copying a param with shape torch.Size([128]) from checkpoint, the shape in current
model is torch.Size([64]).
        size mismatch for backbone.encoders.2.conv.block.1.bias: copying a param with shape torch.Size([128]) from checkpoint, the shape in current mo
del is torch.Size([64]).
        size mismatch for backbone.encoders.2.conv.block.1.running_mean: copying a param with shape torch.Size([128]) from checkpoint, the shape in cu
rrent model is torch.Size([64]).
        size mismatch for backbone.encoders.2.conv.block.1.running_var: copying a param with shape torch.Size([128]) from checkpoint, the shape in cur
rent model is torch.Size([64]).
        size mismatch for backbone.encoders.2.conv.block.3.weight: copying a param with shape torch.Size([128, 128, 3, 3]) from checkpoint, the shape
in current model is torch.Size([64, 64, 3, 3]).
        size mismatch for backbone.encoders.2.conv.block.4.weight: copying a param with shape torch.Size([128]) from checkpoint, the shape in current
model is torch.Size([64]).
        size mismatch for backbone.encoders.2.conv.block.4.bias: copying a param with shape torch.Size([128]) from checkpoint, the shape in current mo
del is torch.Size([64]).
        size mismatch for backbone.encoders.2.conv.block.4.running_mean: copying a param with shape torch.Size([128]) from checkpoint, the shape in cu
rrent model is torch.Size([64]).
        size mismatch for backbone.encoders.2.conv.block.4.running_var: copying a param with shape torch.Size([128]) from checkpoint, the shape in cur
rent model is torch.Size([64]).
        size mismatch for backbone.bottleneck.block.0.weight: copying a param with shape torch.Size([512, 256, 3, 3]) from checkpoint, the shape in cu
rrent model is torch.Size([128, 64, 3, 3]).
        size mismatch for backbone.bottleneck.block.1.weight: copying a param with shape torch.Size([512]) from checkpoint, the shape in current model
 is torch.Size([128]).
        size mismatch for backbone.bottleneck.block.1.bias: copying a param with shape torch.Size([512]) from checkpoint, the shape in current model i
s torch.Size([128]).
        size mismatch for backbone.bottleneck.block.1.running_mean: copying a param with shape torch.Size([512]) from checkpoint, the shape in current
 model is torch.Size([128]).
        size mismatch for backbone.bottleneck.block.1.running_var: copying a param with shape torch.Size([512]) from checkpoint, the shape in current
model is torch.Size([128]).
        size mismatch for backbone.bottleneck.block.3.weight: copying a param with shape torch.Size([512, 512, 3, 3]) from checkpoint, the shape in cu
rrent model is torch.Size([128, 128, 3, 3]).
        size mismatch for backbone.bottleneck.block.4.weight: copying a param with shape torch.Size([512]) from checkpoint, the shape in current model
 is torch.Size([128]).
        size mismatch for backbone.bottleneck.block.4.bias: copying a param with shape torch.Size([512]) from checkpoint, the shape in current model i
s torch.Size([128]).
        size mismatch for backbone.bottleneck.block.4.running_mean: copying a param with shape torch.Size([512]) from checkpoint, the shape in current
 model is torch.Size([128]).
        size mismatch for backbone.bottleneck.block.4.running_var: copying a param with shape torch.Size([512]) from checkpoint, the shape in current
model is torch.Size([128]).
        size mismatch for backbone.decoders.0.upsample.weight: copying a param with shape torch.Size([512, 256, 2, 2]) from checkpoint, the shape in c
urrent model is torch.Size([128, 64, 2, 2]).
        size mismatch for backbone.decoders.0.upsample.bias: copying a param with shape torch.Size([256]) from checkpoint, the shape in current model
is torch.Size([64]).
        size mismatch for backbone.decoders.0.conv.block.0.weight: copying a param with shape torch.Size([256, 512, 3, 3]) from checkpoint, the shape
in current model is torch.Size([64, 128, 3, 3]).
        size mismatch for backbone.decoders.0.conv.block.1.weight: copying a param with shape torch.Size([256]) from checkpoint, the shape in current
model is torch.Size([64]).
        size mismatch for backbone.decoders.0.conv.block.1.bias: copying a param with shape torch.Size([256]) from checkpoint, the shape in current mo
del is torch.Size([64]).
        size mismatch for backbone.decoders.0.conv.block.1.running_mean: copying a param with shape torch.Size([256]) from checkpoint, the shape in cu
rrent model is torch.Size([64]).
        size mismatch for backbone.decoders.0.conv.block.1.running_var: copying a param with shape torch.Size([256]) from checkpoint, the shape in cur
rent model is torch.Size([64]).
        size mismatch for backbone.decoders.0.conv.block.3.weight: copying a param with shape torch.Size([256, 256, 3, 3]) from checkpoint, the shape
in current model is torch.Size([64, 64, 3, 3]).
        size mismatch for backbone.decoders.0.conv.block.4.weight: copying a param with shape torch.Size([256]) from checkpoint, the shape in current
model is torch.Size([64]).
        size mismatch for backbone.decoders.0.conv.block.4.bias: copying a param with shape torch.Size([256]) from checkpoint, the shape in current mo
del is torch.Size([64]).
        size mismatch for backbone.decoders.0.conv.block.4.running_mean: copying a param with shape torch.Size([256]) from checkpoint, the shape in cu
rrent model is torch.Size([64]).
        size mismatch for backbone.decoders.0.conv.block.4.running_var: copying a param with shape torch.Size([256]) from checkpoint, the shape in cur
rent model is torch.Size([64]).
        size mismatch for backbone.decoders.1.upsample.weight: copying a param with shape torch.Size([256, 128, 2, 2]) from checkpoint, the shape in c
urrent model is torch.Size([64, 32, 2, 2]).
        size mismatch for backbone.decoders.1.upsample.bias: copying a param with shape torch.Size([128]) from checkpoint, the shape in current model
is torch.Size([32]).
        size mismatch for backbone.decoders.1.conv.block.0.weight: copying a param with shape torch.Size([128, 256, 3, 3]) from checkpoint, the shape
in current model is torch.Size([32, 64, 3, 3]).
        size mismatch for backbone.decoders.1.conv.block.1.weight: copying a param with shape torch.Size([128]) from checkpoint, the shape in current
model is torch.Size([32]).
        size mismatch for backbone.decoders.1.conv.block.1.bias: copying a param with shape torch.Size([128]) from checkpoint, the shape in current mo
del is torch.Size([32]).
        size mismatch for backbone.decoders.1.conv.block.1.running_mean: copying a param with shape torch.Size([128]) from checkpoint, the shape in cu
rrent model is torch.Size([32]).
        size mismatch for backbone.decoders.1.conv.block.1.running_var: copying a param with shape torch.Size([128]) from checkpoint, the shape in cur
rent model is torch.Size([32]).
        size mismatch for backbone.decoders.1.conv.block.3.weight: copying a param with shape torch.Size([128, 128, 3, 3]) from checkpoint, the shape
in current model is torch.Size([32, 32, 3, 3]).
        size mismatch for backbone.decoders.1.conv.block.4.weight: copying a param with shape torch.Size([128]) from checkpoint, the shape in current
model is torch.Size([32]).
        size mismatch for backbone.decoders.1.conv.block.4.bias: copying a param with shape torch.Size([128]) from checkpoint, the shape in current mo
del is torch.Size([32]).
        size mismatch for backbone.decoders.1.conv.block.4.running_mean: copying a param with shape torch.Size([128]) from checkpoint, the shape in cu
rrent model is torch.Size([32]).
        size mismatch for backbone.decoders.1.conv.block.4.running_var: copying a param with shape torch.Size([128]) from checkpoint, the shape in cur
rent model is torch.Size([32]).
        size mismatch for backbone.decoders.2.upsample.weight: copying a param with shape torch.Size([128, 64, 2, 2]) from checkpoint, the shape in cu
rrent model is torch.Size([32, 16, 2, 2]).
        size mismatch for backbone.decoders.2.upsample.bias: copying a param with shape torch.Size([64]) from checkpoint, the shape in current model i
s torch.Size([16]).
        size mismatch for backbone.decoders.2.conv.block.0.weight: copying a param with shape torch.Size([64, 128, 3, 3]) from checkpoint, the shape i
n current model is torch.Size([16, 32, 3, 3]).
        size mismatch for backbone.decoders.2.conv.block.1.weight: copying a param with shape torch.Size([64]) from checkpoint, the shape in current m
odel is torch.Size([16]).
        size mismatch for backbone.decoders.2.conv.block.1.bias: copying a param with shape torch.Size([64]) from checkpoint, the shape in current mod
el is torch.Size([16]).
        size mismatch for backbone.decoders.2.conv.block.1.running_mean: copying a param with shape torch.Size([64]) from checkpoint, the shape in cur
rent model is torch.Size([16]).
        size mismatch for backbone.decoders.2.conv.block.1.running_var: copying a param with shape torch.Size([64]) from checkpoint, the shape in curr
ent model is torch.Size([16]).
        size mismatch for backbone.decoders.2.conv.block.3.weight: copying a param with shape torch.Size([64, 64, 3, 3]) from checkpoint, the shape in
 current model is torch.Size([16, 16, 3, 3]).
        size mismatch for backbone.decoders.2.conv.block.4.weight: copying a param with shape torch.Size([64]) from checkpoint, the shape in current m
odel is torch.Size([16]).
        size mismatch for backbone.decoders.2.conv.block.4.bias: copying a param with shape torch.Size([64]) from checkpoint, the shape in current mod
el is torch.Size([16]).
        size mismatch for backbone.decoders.2.conv.block.4.running_mean: copying a param with shape torch.Size([64]) from checkpoint, the shape in cur
rent model is torch.Size([16]).
        size mismatch for backbone.decoders.2.conv.block.4.running_var: copying a param with shape torch.Size([64]) from checkpoint, the shape in curr
ent model is torch.Size([16]).
        size mismatch for backbone.head_mean.weight: copying a param with shape torch.Size([1, 32, 1, 1]) from checkpoint, the shape in current model
is torch.Size([1, 16, 1, 1]).
        size mismatch for backbone.head_std.weight: copying a param with shape torch.Size([1, 32, 1, 1]) from checkpoint, the shape in current model i
s torch.Size([1, 16, 1, 1]).
        size mismatch for head_gamma.weight: copying a param with shape torch.Size([1, 32, 1, 1]) from checkpoint, the shape in current model is torch
.Size([1, 16, 1, 1]).
        size mismatch for head_nu.weight: copying a param with shape torch.Size([1, 32, 1, 1]) from checkpoint, the shape in current model is torch.Si
ze([1, 16, 1, 1]).
        size mismatch for head_alpha.weight: copying a param with shape torch.Size([1, 32, 1, 1]) from checkpoint, the shape in current model is torch
.Size([1, 16, 1, 1]).
        size mismatch for head_beta.weight: copying a param with shape torch.Size([1, 32, 1, 1]) from checkpoint, the shape in current model is torch.
Size([1, 16, 1, 1]).
(alec) azken@azken-W45:/mnt/sdb/Alejandro_C/uncertainty-multiasv$ clear

(alec) azken@azken-W45:/mnt/sdb/Alejandro_C/uncertainty-multiasv$ python3 scenario/run_experiments.py
Loading GaussianProcessModel …
Loading EnsembleModel from /mnt/sdb/Alejandro_C/uncertainty-multiasv/scenario/../Weights/dataset_POINTWISE_Ensemble.pt …
Loading MyopicModel …
Loading EDLModel …
Traceback (most recent call last):
  File "/mnt/sdb/Alejandro_C/uncertainty-multiasv/scenario/run_experiments.py", line 400, in <module>
    main()
  File "/mnt/sdb/Alejandro_C/uncertainty-multiasv/scenario/run_experiments.py", line 297, in main
    model_instances["edl"] = _make_edl(args.weights/'dataset_POINTWISE_EDL.pt')
  File "/mnt/sdb/Alejandro_C/uncertainty-multiasv/scenario/run_experiments.py", line 117, in _make_edl
    model.load_weights(weights_path)
  File "/mnt/sdb/Alejandro_C/uncertainty-multiasv/scenario/models/EDL_model.py", line 369, in load_weights
    self.net.load_state_dict(state)
  File "/home/azken/.local/lib/python3.10/site-packages/torch/nn/modules/module.py", line 2153, in load_state_dict
    raise RuntimeError('Error(s) in loading state_dict for {}:\n\t{}'.format(
RuntimeError: Error(s) in loading state_dict for EDLNet:
        Unexpected key(s) in state_dict: "backbone.encoders.3.conv.block.0.weight", "backbone.encoders.3.conv.block.1.weight", "backbone.encoders.3.co
nv.block.1.bias", "backbone.encoders.3.conv.block.1.running_mean", "backbone.encoders.3.conv.block.1.running_var", "backbone.encoders.3.conv.block.1.n
um_batches_tracked", "backbone.encoders.3.conv.block.3.weight", "backbone.encoders.3.conv.block.4.weight", "backbone.encoders.3.conv.block.4.bias", "b
ackbone.encoders.3.conv.block.4.running_mean", "backbone.encoders.3.conv.block.4.running_var", "backbone.encoders.3.conv.block.4.num_batches_tracked",
 "backbone.decoders.3.upsample.weight", "backbone.decoders.3.upsample.bias", "backbone.decoders.3.conv.block.0.weight", "backbone.decoders.3.conv.bloc
k.1.weight", "backbone.decoders.3.conv.block.1.bias", "backbone.decoders.3.conv.block.1.running_mean", "backbone.decoders.3.conv.block.1.running_var",
 "backbone.decoders.3.conv.block.1.num_batches_tracked", "backbone.decoders.3.conv.block.3.weight", "backbone.decoders.3.conv.block.4.weight", "backbo
ne.decoders.3.conv.block.4.bias", "backbone.decoders.3.conv.block.4.running_mean", "backbone.decoders.3.conv.block.4.running_var", "backbone.decoders.
3.conv.block.4.num_batches_tracked".
        size mismatch for backbone.encoders.0.conv.block.0.weight: copying a param with shape torch.Size([32, 2, 3, 3]) from checkpoint, the shape in
current model is torch.Size([16, 2, 3, 3]).
        size mismatch for backbone.encoders.0.conv.block.1.weight: copying a param with shape torch.Size([32]) from checkpoint, the shape in current m
odel is torch.Size([16]).
        size mismatch for backbone.encoders.0.conv.block.1.bias: copying a param with shape torch.Size([32]) from checkpoint, the shape in current mod
el is torch.Size([16]).
        size mismatch for backbone.encoders.0.conv.block.1.running_mean: copying a param with shape torch.Size([32]) from checkpoint, the shape in cur
rent model is torch.Size([16]).
        size mismatch for backbone.encoders.0.conv.block.1.running_var: copying a param with shape torch.Size([32]) from checkpoint, the shape in curr
ent model is torch.Size([16]).
        size mismatch for backbone.encoders.0.conv.block.3.weight: copying a param with shape torch.Size([32, 32, 3, 3]) from checkpoint, the shape in
 current model is torch.Size([16, 16, 3, 3]).
        size mismatch for backbone.encoders.0.conv.block.4.weight: copying a param with shape torch.Size([32]) from checkpoint, the shape in current m
odel is torch.Size([16]).
        size mismatch for backbone.encoders.0.conv.block.4.bias: copying a param with shape torch.Size([32]) from checkpoint, the shape in current mod
el is torch.Size([16]).
        size mismatch for backbone.encoders.0.conv.block.4.running_mean: copying a param with shape torch.Size([32]) from checkpoint, the shape in cur
rent model is torch.Size([16]).
        size mismatch for backbone.encoders.0.conv.block.4.running_var: copying a param with shape torch.Size([32]) from checkpoint, the shape in curr
ent model is torch.Size([16]).
        size mismatch for backbone.encoders.1.conv.block.0.weight: copying a param with shape torch.Size([64, 32, 3, 3]) from checkpoint, the shape in
 current model is torch.Size([32, 16, 3, 3]).
        size mismatch for backbone.encoders.1.conv.block.1.weight: copying a param with shape torch.Size([64]) from checkpoint, the shape in current m
odel is torch.Size([32]).
        size mismatch for backbone.encoders.1.conv.block.1.bias: copying a param with shape torch.Size([64]) from checkpoint, the shape in current mod
el is torch.Size([32]).
        size mismatch for backbone.encoders.1.conv.block.1.running_mean: copying a param with shape torch.Size([64]) from checkpoint, the shape in cur
rent model is torch.Size([32]).
        size mismatch for backbone.encoders.1.conv.block.1.running_var: copying a param with shape torch.Size([64]) from checkpoint, the shape in curr
ent model is torch.Size([32]).
        size mismatch for backbone.encoders.1.conv.block.3.weight: copying a param with shape torch.Size([64, 64, 3, 3]) from checkpoint, the shape in
 current model is torch.Size([32, 32, 3, 3]).
        size mismatch for backbone.encoders.1.conv.block.4.weight: copying a param with shape torch.Size([64]) from checkpoint, the shape in current m
odel is torch.Size([32]).
        size mismatch for backbone.encoders.1.conv.block.4.bias: copying a param with shape torch.Size([64]) from checkpoint, the shape in current mod
el is torch.Size([32]).
        size mismatch for backbone.encoders.1.conv.block.4.running_mean: copying a param with shape torch.Size([64]) from checkpoint, the shape in cur
rent model is torch.Size([32]).
        size mismatch for backbone.encoders.1.conv.block.4.running_var: copying a param with shape torch.Size([64]) from checkpoint, the shape in curr
ent model is torch.Size([32]).
        size mismatch for backbone.encoders.2.conv.block.0.weight: copying a param with shape torch.Size([128, 64, 3, 3]) from checkpoint, the shape i
n current model is torch.Size([64, 32, 3, 3]).
        size mismatch for backbone.encoders.2.conv.block.1.weight: copying a param with shape torch.Size([128]) from checkpoint, the shape in current
model is torch.Size([64]).
        size mismatch for backbone.encoders.2.conv.block.1.bias: copying a param with shape torch.Size([128]) from checkpoint, the shape in current mo
del is torch.Size([64]).
        size mismatch for backbone.encoders.2.conv.block.1.running_mean: copying a param with shape torch.Size([128]) from checkpoint, the shape in cu
rrent model is torch.Size([64]).
        size mismatch for backbone.encoders.2.conv.block.1.running_var: copying a param with shape torch.Size([128]) from checkpoint, the shape in cur
rent model is torch.Size([64]).
        size mismatch for backbone.encoders.2.conv.block.3.weight: copying a param with shape torch.Size([128, 128, 3, 3]) from checkpoint, the shape
in current model is torch.Size([64, 64, 3, 3]).
        size mismatch for backbone.encoders.2.conv.block.4.weight: copying a param with shape torch.Size([128]) from checkpoint, the shape in current
model is torch.Size([64]).
        size mismatch for backbone.encoders.2.conv.block.4.bias: copying a param with shape torch.Size([128]) from checkpoint, the shape in current mo
del is torch.Size([64]).
        size mismatch for backbone.encoders.2.conv.block.4.running_mean: copying a param with shape torch.Size([128]) from checkpoint, the shape in cu
rrent model is torch.Size([64]).
        size mismatch for backbone.encoders.2.conv.block.4.running_var: copying a param with shape torch.Size([128]) from checkpoint, the shape in cur
rent model is torch.Size([64]).
        size mismatch for backbone.bottleneck.block.0.weight: copying a param with shape torch.Size([512, 256, 3, 3]) from checkpoint, the shape in cu
rrent model is torch.Size([128, 64, 3, 3]).
        size mismatch for backbone.bottleneck.block.1.weight: copying a param with shape torch.Size([512]) from checkpoint, the shape in current model
 is torch.Size([128]).
        size mismatch for backbone.bottleneck.block.1.bias: copying a param with shape torch.Size([512]) from checkpoint, the shape in current model i
s torch.Size([128]).
        size mismatch for backbone.bottleneck.block.1.running_mean: copying a param with shape torch.Size([512]) from checkpoint, the shape in current
 model is torch.Size([128]).
        size mismatch for backbone.bottleneck.block.1.running_var: copying a param with shape torch.Size([512]) from checkpoint, the shape in current
model is torch.Size([128]).
        size mismatch for backbone.bottleneck.block.3.weight: copying a param with shape torch.Size([512, 512, 3, 3]) from checkpoint, the shape in cu
rrent model is torch.Size([128, 128, 3, 3]).
        size mismatch for backbone.bottleneck.block.4.weight: copying a param with shape torch.Size([512]) from checkpoint, the shape in current model
 is torch.Size([128]).
        size mismatch for backbone.bottleneck.block.4.bias: copying a param with shape torch.Size([512]) from checkpoint, the shape in current model i
s torch.Size([128]).
        size mismatch for backbone.bottleneck.block.4.running_mean: copying a param with shape torch.Size([512]) from checkpoint, the shape in current
 model is torch.Size([128]).
        size mismatch for backbone.bottleneck.block.4.running_var: copying a param with shape torch.Size([512]) from checkpoint, the shape in current
model is torch.Size([128]).
        size mismatch for backbone.decoders.0.upsample.weight: copying a param with shape torch.Size([512, 256, 2, 2]) from checkpoint, the shape in c
urrent model is torch.Size([128, 64, 2, 2]).
        size mismatch for backbone.decoders.0.upsample.bias: copying a param with shape torch.Size([256]) from checkpoint, the shape in current model
is torch.Size([64]).
        size mismatch for backbone.decoders.0.conv.block.0.weight: copying a param with shape torch.Size([256, 512, 3, 3]) from checkpoint, the shape
in current model is torch.Size([64, 128, 3, 3]).
        size mismatch for backbone.decoders.0.conv.block.1.weight: copying a param with shape torch.Size([256]) from checkpoint, the shape in current
model is torch.Size([64]).
        size mismatch for backbone.decoders.0.conv.block.1.bias: copying a param with shape torch.Size([256]) from checkpoint, the shape in current mo
del is torch.Size([64]).
        size mismatch for backbone.decoders.0.conv.block.1.running_mean: copying a param with shape torch.Size([256]) from checkpoint, the shape in cu
rrent model is torch.Size([64]).
        size mismatch for backbone.decoders.0.conv.block.1.running_var: copying a param with shape torch.Size([256]) from checkpoint, the shape in cur
rent model is torch.Size([64]).
        size mismatch for backbone.decoders.0.conv.block.3.weight: copying a param with shape torch.Size([256, 256, 3, 3]) from checkpoint, the shape
in current model is torch.Size([64, 64, 3, 3]).
        size mismatch for backbone.decoders.0.conv.block.4.weight: copying a param with shape torch.Size([256]) from checkpoint, the shape in current
model is torch.Size([64]).
        size mismatch for backbone.decoders.0.conv.block.4.bias: copying a param with shape torch.Size([256]) from checkpoint, the shape in current mo
del is torch.Size([64]).
        size mismatch for backbone.decoders.0.conv.block.4.running_mean: copying a param with shape torch.Size([256]) from checkpoint, the shape in cu
rrent model is torch.Size([64]).
        size mismatch for backbone.decoders.0.conv.block.4.running_var: copying a param with shape torch.Size([256]) from checkpoint, the shape in cur
rent model is torch.Size([64]).
        size mismatch for backbone.decoders.1.upsample.weight: copying a param with shape torch.Size([256, 128, 2, 2]) from checkpoint, the shape in c
urrent model is torch.Size([64, 32, 2, 2]).
        size mismatch for backbone.decoders.1.upsample.bias: copying a param with shape torch.Size([128]) from checkpoint, the shape in current model
is torch.Size([32]).
        size mismatch for backbone.decoders.1.conv.block.0.weight: copying a param with shape torch.Size([128, 256, 3, 3]) from checkpoint, the shape
in current model is torch.Size([32, 64, 3, 3]).
        size mismatch for backbone.decoders.1.conv.block.1.weight: copying a param with shape torch.Size([128]) from checkpoint, the shape in current
model is torch.Size([32]).
        size mismatch for backbone.decoders.1.conv.block.1.bias: copying a param with shape torch.Size([128]) from checkpoint, the shape in current mo
del is torch.Size([32]).
        size mismatch for backbone.decoders.1.conv.block.1.running_mean: copying a param with shape torch.Size([128]) from checkpoint, the shape in cu
rrent model is torch.Size([32]).
        size mismatch for backbone.decoders.1.conv.block.1.running_var: copying a param with shape torch.Size([128]) from checkpoint, the shape in cur
rent model is torch.Size([32]).
        size mismatch for backbone.decoders.1.conv.block.3.weight: copying a param with shape torch.Size([128, 128, 3, 3]) from checkpoint, the shape
in current model is torch.Size([32, 32, 3, 3]).
        size mismatch for backbone.decoders.1.conv.block.4.weight: copying a param with shape torch.Size([128]) from checkpoint, the shape in current
model is torch.Size([32]).
        size mismatch for backbone.decoders.1.conv.block.4.bias: copying a param with shape torch.Size([128]) from checkpoint, the shape in current mo
del is torch.Size([32]).
        size mismatch for backbone.decoders.1.conv.block.4.running_mean: copying a param with shape torch.Size([128]) from checkpoint, the shape in cu
rrent model is torch.Size([32]).
        size mismatch for backbone.decoders.1.conv.block.4.running_var: copying a param with shape torch.Size([128]) from checkpoint, the shape in cur
rent model is torch.Size([32]).
        size mismatch for backbone.decoders.2.upsample.weight: copying a param with shape torch.Size([128, 64, 2, 2]) from checkpoint, the shape in cu
rrent model is torch.Size([32, 16, 2, 2]).
        size mismatch for backbone.decoders.2.upsample.bias: copying a param with shape torch.Size([64]) from checkpoint, the shape in current model i
s torch.Size([16]).
        size mismatch for backbone.decoders.2.conv.block.0.weight: copying a param with shape torch.Size([64, 128, 3, 3]) from checkpoint, the shape i
n current model is torch.Size([16, 32, 3, 3]).
        size mismatch for backbone.decoders.2.conv.block.1.weight: copying a param with shape torch.Size([64]) from checkpoint, the shape in current m
odel is torch.Size([16]).
        size mismatch for backbone.decoders.2.conv.block.1.bias: copying a param with shape torch.Size([64]) from checkpoint, the shape in current mod
el is torch.Size([16]).
        size mismatch for backbone.decoders.2.conv.block.1.running_mean: copying a param with shape torch.Size([64]) from checkpoint, the shape in cur
rent model is torch.Size([16]).
        size mismatch for backbone.decoders.2.conv.block.1.running_var: copying a param with shape torch.Size([64]) from checkpoint, the shape in curr
ent model is torch.Size([16]).
        size mismatch for backbone.decoders.2.conv.block.3.weight: copying a param with shape torch.Size([64, 64, 3, 3]) from checkpoint, the shape in
 current model is torch.Size([16, 16, 3, 3]).
        size mismatch for backbone.decoders.2.conv.block.4.weight: copying a param with shape torch.Size([64]) from checkpoint, the shape in current m
odel is torch.Size([16]).
        size mismatch for backbone.decoders.2.conv.block.4.bias: copying a param with shape torch.Size([64]) from checkpoint, the shape in current mod
el is torch.Size([16]).
        size mismatch for backbone.decoders.2.conv.block.4.running_mean: copying a param with shape torch.Size([64]) from checkpoint, the shape in cur
rent model is torch.Size([16]).
        size mismatch for backbone.decoders.2.conv.block.4.running_var: copying a param with shape torch.Size([64]) from checkpoint, the shape in curr
ent model is torch.Size([16]).
        size mismatch for backbone.head_mean.weight: copying a param with shape torch.Size([1, 32, 1, 1]) from checkpoint, the shape in current model
is torch.Size([1, 16, 1, 1]).
        size mismatch for backbone.head_std.weight: copying a param with shape torch.Size([1, 32, 1, 1]) from checkpoint, the shape in current model i
s torch.Size([1, 16, 1, 1]).
        size mismatch for head_gamma.weight: copying a param with shape torch.Size([1, 32, 1, 1]) from checkpoint, the shape in current model is torch
.Size([1, 16, 1, 1]).
        size mismatch for head_nu.weight: copying a param with shape torch.Size([1, 32, 1, 1]) from checkpoint, the shape in current model is torch.Si
ze([1, 16, 1, 1]).
        size mismatch for head_alpha.weight: copying a param with shape torch.Size([1, 32, 1, 1]) from checkpoint, the shape in current model is torch
.Size([1, 16, 1, 1]).
        size mismatch for head_beta.weight: copying a param with shape torch.Size([1, 32, 1, 1]) from checkpoint, the shape in current model is torch.
Size([1, 16, 1, 1]).
(alec) azken@azken-W45:/mnt/sdb/Alejandro_C/uncertainty-multiasv$ python3 scenario/run_experiments.py
Loading GaussianProcessModel …
Loading EnsembleModel from /mnt/sdb/Alejandro_C/uncertainty-multiasv/scenario/../Weights/dataset_POINTWISE_Ensemble.pt …
Loading MyopicModel …
Loading EDLModel …
Loading MCDropoutModel …

Policies : ['myopic_greedy']
Models   : ['gaussian_process', 'ensemble', 'myopic', 'edl', 'mcdropout']
Maps     : 0 … 9  (10 total)
Output   : /mnt/sdb/Alejandro_C/uncertainty-multiasv/scenario/results/experiments.csv

┌─ model=gaussian_process  policy=myopic_greedy
│  map 0  steps=18  dist=[256.8422282066999, 249.1110113444784, 290.1674724198927, 303.1345708925437]  rmse=0.16172262385238959  cov=7.639999687671661
%  iou=0.08162045889101338  [1/50]
│  map 1  steps=32  dist=[213.33718182960737, 283.6733031021095, 303.82672390844743, 291.13755041814596]  rmse=0.1893941649883545  cov=7.8900001943111
42%  iou=0.24140940329442565  [2/50]
│  map 2  steps=20  dist=[276.28138981845865, 302.9666063240565, 160.03234095755212, 295.37985446270505]  rmse=0.18044486279953273  cov=7.129999995231
628%  iou=0.2629414865577227  [3/50]
│  map 3  steps=20  dist=[313.2589682972928, 291.2652072326313, 184.84647820970116, 249.1289451144028]  rmse=0.11306238818677115  cov=7.78999999165535
%  iou=0.18412237606074142  [4/50]
│  map 4  steps=26  dist=[254.75652508123255, 254.76550522489515, 317.8097386761471, 281.3485496511772]  rmse=0.27142462312992466  cov=7.5900003314018
25%  iou=0.22835712053338889  [5/50]
│  map 5  steps=17  dist=[309.22774841922006, 324.6894436852267, 310.1459036637782, 273.4814231245106]  rmse=0.09824486249159986  cov=9.43000018596649
2%  iou=0.09943626683369872  [6/50]
│  map 6  steps=16  dist=[230.70691739612317, 228.54999609468803, 301.0635543115002, 238.52093969424797]  rmse=0.1755023757462669  cov=7.4199996888637
54%  iou=0.1025397578922383  [7/50]
│  map 7  steps=16  dist=[310.35738229845583, 290.8019652735337, 311.1941474033886, 299.1499967289044]  rmse=0.07371498412672323  cov=8.70999991893768
3%  iou=0.06273234200743494  [8/50]
│  map 8  steps=20  dist=[232.5463498532294, 269.9822675480201, 291.2123965361132, 312.2027029242066]  rmse=0.11849997591896658  cov=6.750000268220901
5%  iou=0.0  [9/50]
│  map 9  steps=23  dist=[302.9576824991837, 312.0551169040897, 287.86403673473103, 297.32216482031873]  rmse=0.24624650997506167  cov=8.6099997162818
9%  iou=0.20473186119873818  [10/50]
└─ done

┌─ model=ensemble  policy=myopic_greedy
│  map 0  steps=15  dist=[318.8571533845285, 128.57700879156982, 316.29219683965084, 161.63023962824016]  rmse=0.07411470461060517  cov=7.490000128746
033%  iou=0.6683119447186574  [11/50]
│  map 1  steps=20  dist=[226.6527093168338, 241.18632055508905, 242.09684467090744, 300.03329429330967]  rmse=0.09467979141684177  cov=5.189999938011
169%  iou=0.6171445120185346  [12/50]
│  map 2  steps=23  dist=[193.36046564875156, 281.4689417236513, 310.77153523827417, 280.88654923889544]  rmse=0.08866676324234689  cov=5.860000103712
082%  iou=0.7347062386432465  [13/50]
│  map 3  steps=21  dist=[191.95462804742021, 304.07750302763725, 253.4443499456659, 270.3115052549704]  rmse=0.04610266296238197  cov=6.9600000977516
17%  iou=0.683920237590157  [14/50]
│  map 4  steps=25  dist=[173.23962095607453, 278.2451975729939, 280.8487347778824, 302.98107094026886]  rmse=0.09350080451549088  cov=6.9099999964237
21%  iou=0.7203389830508474  [15/50]
│  map 5  steps=15  dist=[104.69152936568751, 126.39598293507596, 138.97821819899013, 304.24135623814504]  rmse=0.07125578390976485  cov=5.00000007450
5806%  iou=0.6400797607178464  [16/50]
│  map 6  steps=23  dist=[258.42085771685913, 277.7176713239285, 251.19864344109297, 304.2054833903405]  rmse=0.10211186200931532  cov=5.6299999356269
84%  iou=0.21480189384500373  [17/50]
│  map 7  steps=12  dist=[302.5264353425557, 288.02937132097765, 299.99499114737455, 295.94553061535805]  rmse=0.07221847039605606  cov=8.160000294446
945%  iou=0.40749414519906324  [18/50]
│  map 8  steps=22  dist=[256.64077007398123, 297.0366867735481, 301.64588948033884, 310.5579976239141]  rmse=0.06904936724397202  cov=7.2800002992153
17%  iou=0.6699591280653951  [19/50]
│  map 9  steps=24  dist=[190.8754787478094, 214.7062754471145, 264.03955483349216, 302.17289673210416]  rmse=0.07152326208829594  cov=5.4499998688697
815%  iou=0.702621722846442  [20/50]
└─ done

┌─ model=myopic  policy=myopic_greedy
│  map 0  steps=12  dist=[241.8423925002878, 251.5510450259472, 304.90773896413845, 322.4780942887725]  rmse=0.029638941872009546  cov=8.6699999868869
78%  iou=0.7151898734177216  [21/50]
│  map 1  steps=11  dist=[306.29678649832, 297.27804644627014, 258.1512771458133, 261.5945775706513]  rmse=0.046107664978049634  cov=8.860000222921371
%  iou=0.7825454545454545  [22/50]
│  map 2  steps=12  dist=[280.19763760581316, 294.94881539381134, 277.98174817215784, 301.3460232842187]  rmse=0.055188863182431554  cov=9.66000035405
159%  iou=0.8711985688729875  [23/50]
│  map 3  steps=15  dist=[306.6187105426989, 326.084337776638, 285.2736783893685, 307.1933322124554]  rmse=0.03317088427099588  cov=8.560000360012054%
  iou=0.577825929938606  [24/50]
│  map 4  steps=13  dist=[257.829577835275, 260.30240376046794, 304.0665637763024, 305.3285579031288]  rmse=0.03722111292816277  cov=9.139999747276306
%  iou=0.776173285198556  [25/50]
│  map 5  steps=13  dist=[256.21225219531493, 306.273612403982, 304.9604012762347, 238.4499546410729]  rmse=0.02150159113511088  cov=9.57999974489212%
  iou=0.8331108144192256  [26/50]
│  map 6  steps=12  dist=[250.03846570421186, 277.44538740783673, 309.00942297419965, 267.8611219047733]  rmse=0.017643264768125833  cov=8.07999968528
7476%  iou=0.8914405010438413  [27/50]
│  map 7  steps=15  dist=[298.27256762844297, 317.9419970039691, 305.45623989362133, 292.6983465557946]  rmse=0.011595460551577345  cov=8.470000326633
453%  iou=0.9166666666666666  [28/50]
│  map 8  steps=13  dist=[300.2555521664085, 325.8653827075036, 315.136538123321, 313.98557839755404]  rmse=0.03471219069804909  cov=9.570000320672989
%  iou=0.7306079664570231  [29/50]
│  map 9  steps=12  dist=[304.87493616215784, 298.31380260539885, 288.4273010973307, 311.06818037941696]  rmse=0.03603423370689756  cov=9.279999881982
803%  iou=0.8124725516029864  [30/50]
└─ done

┌─ model=edl  policy=myopic_greedy
Traceback (most recent call last):
  File "/mnt/sdb/Alejandro_C/uncertainty-multiasv/scenario/models/EDL_model.py", line 302, in predict
    X_t = X.detach().float()
AttributeError: 'dict' object has no attribute 'detach'

During handling of the above exception, another exception occurred:

Traceback (most recent call last):
  File "/mnt/sdb/Alejandro_C/uncertainty-multiasv/scenario/run_experiments.py", line 400, in <module>
    main()
  File "/mnt/sdb/Alejandro_C/uncertainty-multiasv/scenario/run_experiments.py", line 349, in main
    summary = run_episode(
  File "/mnt/sdb/Alejandro_C/uncertainty-multiasv/scenario/run_experiments.py", line 215, in run_episode
    obs, done, info = env.step(action)
  File "/mnt/sdb/Alejandro_C/uncertainty-multiasv/scenario/extended_scenario.py", line 134, in step
    output = self.model.predict({"obs_map": obs_map, "obs_mask": obs_mask})
  File "/mnt/sdb/Alejandro_C/uncertainty-multiasv/scenario/models/EDL_model.py", line 304, in predict
    X_t = torch.tensor(np.asarray(X), dtype=torch.float32)
TypeError: can't convert np.ndarray of type numpy.object_. The only supported types are: float64, float32, float16, complex64, complex128, int64, int3
2, int16, int8, uint8, and bool.
(alec) azken@azken-W45:/mnt/sdb/Alejandro_C/uncertainty-multiasv$ clear
(alec) azken@azken-W45:/mnt/sdb/Alejandro_C/uncertainty-multiasv$ python3
Python 3.10.12 (main, Jul  5 2023, 18:54:27) [GCC 11.2.0] on linux
Type "help", "copyright", "credits" or "license" for more information.
>>> a={}
>>> a[2]
Traceback (most recent call last):
  File "<stdin>", line 1, in <module>
KeyError: 2
>>> a['2']
Traceback (most recent call last):
  File "<stdin>", line 1, in <module>
KeyError: '2'
>>> a={}

>>> a[1]=2
>>> a[1]
2
>>> a={}

>>> a[1]==None
Traceback (most recent call last):
  File "<stdin>", line 1, in <module>
KeyError: 1
>>> len(None)
Traceback (most recent call last):
  File "<stdin>", line 1, in <module>
TypeError: object of type 'NoneType' has no len()
>>> from collections import defaultdict
>>> a =defaultdict(lambda: [])
>>> a[2]
[]
>>> clear
Traceback (most recent call last):
  File "<stdin>", line 1, in <module>
NameError: name 'clear' is not defined
>>>
[1]+  Stopped                 python3
(alec) azken@azken-W45:/mnt/sdb/Alejandro_C/uncertainty-multiasv$ clear
(alec) azken@azken-W45:/mnt/sdb/Alejandro_C/uncertainty-multiasv$ python3 scenario/run_experiments.py

Loading GaussianProcessModel …
Loading EnsembleModel from /mnt/sdb/Alejandro_C/uncertainty-multiasv/scenario/../Weights/dataset_POINTWISE_Ensemble.pt …
Loading MyopicModel …
Loading EDLModel …
Loading MCDropoutModel …

Policies : ['epsilon_greedy', 'myopic_greedy', 'uncertainty_greedy', 'orienteering']
Models   : ['gaussian_process', 'ensemble', 'myopic', 'edl', 'mcdropout']
Maps     : 0 … 9  (10 total)
Output   : /mnt/sdb/Alejandro_C/uncertainty-multiasv/scenario/results/experiments.csv

┌─ model=gaussian_process  policy=epsilon_greedy
│  map 0  steps=15  dist=[305.2749655353789, 256.51639154148654, 294.57729225394047, 288.85041578163316]  rmse=0.053028871626647135  cov=9.64000001549
7208%  iou=0.1577367205542725  [1/200]
│  map 1  steps=14  dist=[225.35024599044866, 290.287188365894, 317.9505880945864, 247.99348446281473]  rmse=0.1781925959907069  cov=9.059999883174896
%  iou=0.3251636474349216  [2/200]
^CTraceback (most recent call last):
  File "/mnt/sdb/Alejandro_C/uncertainty-multiasv/scenario/run_experiments.py", line 400, in <module>
    main()
  File "/mnt/sdb/Alejandro_C/uncertainty-multiasv/scenario/run_experiments.py", line 349, in main
    summary = run_episode(
  File "/mnt/sdb/Alejandro_C/uncertainty-multiasv/scenario/run_experiments.py", line 215, in run_episode
    obs, done, info = env.step(action)
  File "/mnt/sdb/Alejandro_C/uncertainty-multiasv/scenario/extended_scenario.py", line 134, in step
    output = self.model.predict({"obs_map": obs_map, "obs_mask": obs_mask})
  File "/mnt/sdb/Alejandro_C/uncertainty-multiasv/scenario/models/gaussian_process_model.py", line 250, in predict
    m, e, a  = self._predict_single(gps, obs_map, obs_mask)
  File "/mnt/sdb/Alejandro_C/uncertainty-multiasv/scenario/models/gaussian_process_model.py", line 164, in _predict_single
    gp.fit(X_obs, y_obs)
  File "/home/azken/.local/lib/python3.10/site-packages/sklearn/base.py", line 1473, in wrapper
    return fit_method(estimator, *args, **kwargs)
  File "/home/azken/.local/lib/python3.10/site-packages/sklearn/gaussian_process/_gpr.py", line 307, in fit
    self._constrained_optimization(
  File "/home/azken/.local/lib/python3.10/site-packages/sklearn/gaussian_process/_gpr.py", line 652, in _constrained_optimization
    opt_res = scipy.optimize.minimize(
  File "/home/azken/.local/lib/python3.10/site-packages/scipy/optimize/_minimize.py", line 713, in minimize
    res = _minimize_lbfgsb(fun, x0, args, jac, bounds,
  File "/home/azken/.local/lib/python3.10/site-packages/scipy/optimize/_lbfgsb_py.py", line 407, in _minimize_lbfgsb
    f, g = func_and_grad(x)
  File "/home/azken/.local/lib/python3.10/site-packages/scipy/optimize/_differentiable_functions.py", line 296, in fun_and_grad
    self._update_fun()
  File "/home/azken/.local/lib/python3.10/site-packages/scipy/optimize/_differentiable_functions.py", line 262, in _update_fun
    self._update_fun_impl()
  File "/home/azken/.local/lib/python3.10/site-packages/scipy/optimize/_differentiable_functions.py", line 163, in update_fun
    self.f = fun_wrapped(self.x)
  File "/home/azken/.local/lib/python3.10/site-packages/scipy/optimize/_differentiable_functions.py", line 145, in fun_wrapped
    fx = fun(np.copy(x), *args)
  File "/home/azken/.local/lib/python3.10/site-packages/scipy/optimize/_optimize.py", line 79, in __call__
    self._compute_if_needed(x, *args)
  File "/home/azken/.local/lib/python3.10/site-packages/scipy/optimize/_optimize.py", line 73, in _compute_if_needed
    fg = self.fun(x, *args)
  File "/home/azken/.local/lib/python3.10/site-packages/sklearn/gaussian_process/_gpr.py", line 297, in obj_func
    lml, grad = self.log_marginal_likelihood(
  File "/home/azken/.local/lib/python3.10/site-packages/sklearn/gaussian_process/_gpr.py", line 576, in log_marginal_likelihood
    K, K_gradient = kernel(self.X_train_, eval_gradient=True)
  File "/home/azken/.local/lib/python3.10/site-packages/sklearn/gaussian_process/kernels.py", line 869, in __call__
    return K1 + K2, np.dstack((K1_gradient, K2_gradient))
  File "/home/azken/.local/lib/python3.10/site-packages/numpy/lib/shape_base.py", line 715, in dstack
    return _nx.concatenate(arrs, 2)
KeyboardInterrupt
^C
(alec) azken@azken-W45:/mnt/sdb/Alejandro_C/uncertainty-multiasv$ ^C
(alec) azken@azken-W45:/mnt/sdb/Alejandro_C/uncertainty-multiasv$ clear
(alec) azken@azken-W45:/mnt/sdb/Alejandro_C/uncertainty-multiasv$ python3 scenario/run_experiments.py
Loading GaussianProcessModel …
Loading EnsembleModel from /mnt/sdb/Alejandro_C/uncertainty-multiasv/scenario/../Weights/dataset_POINTWISE_Ensemble.pt …
Loading MyopicModel …
Loading EDLModel …
Loading MCDropoutModel …

Policies : ['myopic_greedy', 'uncertainty_greedy', 'epsilon_greedy', 'orienteering']
Models   : ['gaussian_process', 'ensemble', 'myopic', 'edl', 'mcdropout']
Maps     : 0 … 9  (10 total)
Output   : /mnt/sdb/Alejandro_C/uncertainty-multiasv/scenario/results/experiments.csv

┌─ model=gaussian_process  policy=myopic_greedy
│  map 0  steps=17  dist=[210.197849945684, 220.51026373923452, 308.0915110180066, 285.4732067918541]  rmse=0.1576170603433732  cov=7.2599999606609344
%  iou=0.08452615992102665  [1/200]
│  map 1  steps=22  dist=[254.30247917322916, 279.1459086822697, 297.533997719695, 327.60692140565703]  rmse=0.15192259749088022  cov=6.39000013470649
7%  iou=0.06687197536295644  [2/200]
│  map 2  steps=42  dist=[266.36672354645947, 298.03258569727376, 306.4799148480546, 312.73672924964404]  rmse=0.21431391145892742  cov=8.259999752044
678%  iou=0.2648120620089191  [3/200]
│  map 3  steps=17  dist=[242.64454159441888, 322.32164353256417, 325.351248489233, 260.64102331647234]  rmse=0.10025918070126286  cov=8.8799998164176
94%  iou=0.20500257864878804  [4/200]
│  map 4  steps=21  dist=[266.9789559456158, 269.1931018273584, 279.54036106256837, 302.86735383219866]  rmse=0.2778283439083148  cov=8.00999999046325
7%  iou=0.22481977342945417  [5/200]
│  map 5  steps=16  dist=[256.6188834100638, 267.92313934429785, 312.66719102150927, 297.7962909418279]  rmse=0.11249065343787198  cov=6.9200001657009
125%  iou=0.0  [6/200]
│  map 6  steps=21  dist=[326.20514244716964, 274.631677542217, 295.9046644743161, 271.52327167919475]  rmse=0.10084939914717288  cov=7.50999972224235
5%  iou=0.1043730369654506  [7/200]
│  map 7  steps=18  dist=[299.83072632549676, 315.172952942243, 308.33940017729384, 313.80434017101993]  rmse=0.07455273507995597  cov=7.9599998891353
61%  iou=0.055848546315077754  [8/200]
│  map 8  steps=38  dist=[226.85677989087452, 280.83606522612956, 270.8261050498541, 307.0968676322075]  rmse=0.13872431717125558  cov=7.4100002646446
23%  iou=0.23548668703622871  [9/200]
│  map 9  steps=19  dist=[280.4025637408103, 207.67938711636899, 306.87237085499874, 276.1767516057313]  rmse=0.1891882608201173  cov=8.15000012516975
4%  iou=0.216507442790491  [10/200]
└─ done

┌─ model=gaussian_process  policy=uncertainty_greedy
│  map 0  steps=14  dist=[289.0329427605018, 270.3656625359902, 293.17585638403136, 315.8509204187616]  rmse=0.07812246676152634  cov=8.47000032663345
3%  iou=0.7958656330749354  [11/200]
│  map 1  steps=21  dist=[250.40748851312665, 251.40748851312665, 305.59820430572466, 298.53159033954984]  rmse=0.14925145045570867  cov=5.16000017523
7656%  iou=0.0  [12/200]
│  map 2  steps=24  dist=[294.45584201547865, 292.01784598508306, 300.0613932909427, 289.47829007912986]  rmse=0.1408987493487768  cov=3.5300001502037
05%  iou=0.0  [13/200]
│  map 3  steps=21  dist=[305.607105645432, 296.9342999923059, 288.801773087805, 260.88860254579464]  rmse=0.09469064051075093  cov=3.8499999791383743
%  iou=0.0  [14/200]
│  map 4  steps=22  dist=[251.47775746296315, 249.6198930866941, 249.6198930866941, 301.5114492504533]  rmse=0.1577328119583114  cov=3.900000080466270
4%  iou=0.0  [15/200]
│  map 5  steps=20  dist=[256.04185627216526, 256.04185627216526, 308.0257730797221, 296.0013400425152]  rmse=1.281247627442187  cov=4.450000077486038
%  iou=0.4379310344827586  [16/200]
│  map 6  steps=14  dist=[290.12075530519564, 299.2135160702883, 302.33929451132013, 297.9834558763071]  rmse=0.08821402760692201  cov=8.5500001907348
63%  iou=0.12733904218204883  [17/200]
│  map 7  steps=19  dist=[242.41016218123457, 264.39160653505434, 315.79837735671913, 305.43590162189923]  rmse=0.07949683248459603  cov=5.64999990165
2336%  iou=0.0  [18/200]
│  map 8  steps=25  dist=[310.5277362130192, 278.48405681965784, 278.48405681965784, 313.9904481762825]  rmse=0.11681896115717091  cov=4.3499998748302
46%  iou=0.0  [19/200]
│  map 9  steps=20  dist=[302.929878469053, 261.84199617424895, 258.62716620422356, 273.42665675596635]  rmse=0.13558382635470462  cov=5.3199999034404
755%  iou=0.21165134566397165  [20/200]
└─ done

┌─ model=gaussian_process  policy=epsilon_greedy
│  map 0  steps=15  dist=[295.12350307591555, 285.8932386379218, 286.59984675817805, 301.1221540290536]  rmse=0.1337271289455752  cov=8.43999981880188
%  iou=0.08627648839556004  [21/200]
│  map 1  steps=14  dist=[294.19403932879965, 307.7781085879422, 235.6033005721409, 303.6520542773569]  rmse=0.08850650638536184  cov=9.87000018358230
6%  iou=0.33220495460840127  [22/200]
│  map 2  steps=14  dist=[260.3679066538562, 303.01449596183323, 241.66921314409754, 245.4796378222786]  rmse=0.09247823730644719  cov=8.8699996471405
03%  iou=0.32036082474226807  [23/200]
│  map 3  steps=12  dist=[257.4869597557426, 213.68249157850394, 237.42999775049265, 300.2549318615262]  rmse=0.07715630491196049  cov=8.2699999213218
69%  iou=0.4497473329590118  [24/200]
│  map 4  steps=14  dist=[270.92885812040583, 241.25741073708917, 262.92528057321067, 310.870305895035]  rmse=0.10989686664514339  cov=8.7200000882148
74%  iou=0.283182302771855  [25/200]
│  map 5  steps=15  dist=[244.27181724226932, 309.83087434670585, 271.4544731232917, 296.46957826551426]  rmse=0.04997723040463169  cov=9.539999812841
415%  iou=0.6823144104803494  [26/200]
│  map 6  steps=15  dist=[325.494917594279, 271.5063093670019, 266.1079546061481, 321.06242766613883]  rmse=0.05692447659693629  cov=10.13000011444091
8%  iou=0.1925925925925926  [27/200]
│  map 7  steps=16  dist=[306.58260972482384, 315.2658168320681, 294.1476861953431, 228.1840601398579]  rmse=0.04798369265778912  cov=9.51000005006790
2%  iou=0.7848837209302325  [28/200]
│  map 8  steps=10  dist=[158.69622825227592, 187.80711862486754, 308.5776085273718, 220.24424862627188]  rmse=0.12485439418085291  cov=7.190000265836
716%  iou=0.3717948717948718  [29/200]
│  map 9  steps=11  dist=[225.90886313902908, 304.84786176543224, 291.2214205430432, 218.21486458137076]  rmse=0.08143450610420615  cov=8.720000088214
874%  iou=0.31368631368631367  [30/200]
└─ done

┌─ model=gaussian_process  policy=orienteering
│  map 0  steps=106  dist=[279.12033466970365, 251.36799188262376, 270.255958466395, 301.7134472588733]  rmse=0.06209648713866672  cov=10.149999707937
24%  iou=0.6537585421412301  [31/200]
│  map 1  steps=115  dist=[270.3925477373498, 261.3513413280783, 283.83043073108695, 300.85955853722726]  rmse=0.07947914053956916  cov=10.58000028133
3923%  iou=0.7012241775057383  [32/200]
│  map 2  steps=92  dist=[208.93007008507956, 240.65551521903478, 301.53092724188633, 251.89868646159508]  rmse=0.0757429659136021  cov=9.539999812841
415%  iou=0.5452670181068072  [33/200]
│  map 3  steps=134  dist=[287.75410860457447, 271.30056307974576, 300.00031985580983, 281.20362858047343]  rmse=0.06410793504648164  cov=11.289999634
027481%  iou=0.816561242093157  [34/200]
│  map 4  steps=117  dist=[283.64637750139565, 282.18800729355166, 285.52340943524047, 301.2856247049554]  rmse=0.07025174323987111  cov=10.9800003468
99033%  iou=0.564773980154355  [35/200]
│  map 5  steps=111  dist=[300.6392039587515, 282.24757312696977, 298.1002428820342, 303.57982043737275]  rmse=0.049938888288656974  cov=11.2700000405
31158%  iou=0.6858695652173913  [36/200]
│  map 6  steps=94  dist=[254.85141317710205, 305.9543891984141, 243.93560400844174, 224.5453548689789]  rmse=0.06326057661532423  cov=9.8300002515316
01%  iou=0.6220264317180617  [37/200]
│  map 7  steps=123  dist=[300.64805423499297, 263.12124659567314, 278.98412144148307, 278.3269041356693]  rmse=0.05466912803974388  cov=10.9700001776
21841%  iou=0.6865671641791045  [38/200]
│  map 8  steps=105  dist=[294.82744286939885, 282.31424491241813, 301.40756464998753, 269.76209712799545]  rmse=0.07228795879221885  cov=10.980000346
899033%  iou=0.722999641191245  [39/200]
│  map 9  steps=110  dist=[247.90200909504705, 253.70378232499374, 238.62003644547218, 301.4444929386372]  rmse=0.0990956513397775  cov=10.11999994516
3727%  iou=0.5692457737321196  [40/200]
└─ done

┌─ model=ensemble  policy=myopic_greedy
│  map 0  steps=15  dist=[318.8571533845285, 128.57700879156982, 316.29219683965084, 161.63023962824016]  rmse=0.07406420679580328  cov=7.490000128746
033%  iou=0.6726190476190477  [41/200]
│  map 1  steps=24  dist=[233.64074814792238, 318.27888657908534, 314.7543709179652, 274.1678611537951]  rmse=0.094785740644413  cov=6.060000136494636
5%  iou=0.6272674078408426  [42/200]
│  map 2  steps=22  dist=[210.20818425442604, 227.15266078493227, 263.1681163461096, 301.831230741328]  rmse=0.09151577521408386  cov=5.71000017225742
3%  iou=0.6788238620299689  [43/200]
│  map 3  steps=21  dist=[288.749507854129, 285.8289145677345, 314.93431132765863, 292.27271554963943]  rmse=0.05395269820198897  cov=6.93000033497810
4%  iou=0.5528399311531842  [44/200]
│  map 4  steps=23  dist=[286.9235692203014, 255.94600727635455, 303.7687246908075, 287.639229425719]  rmse=0.09845834352435655  cov=6.849999725818634
%  iou=0.6946564885496184  [45/200]
│  map 5  steps=15  dist=[243.03061895181537, 265.47819025906267, 248.78055188907257, 308.5754897351947]  rmse=0.07558007390051125  cov=8.739999681711
197%  iou=0.6310975609756098  [46/200]
│  map 6  steps=24  dist=[267.1978843645768, 297.3666474519711, 307.4802085154593, 298.35497135633193]  rmse=0.07945433296421882  cov=4.80999983847141
3%  iou=0.21046198973356148  [47/200]
│  map 7  steps=19  dist=[133.95924074382665, 270.2361516389893, 308.6329879777244, 242.97242824074294]  rmse=0.04361075232323558  cov=5.9599999338388
44%  iou=0.38095238095238093  [48/200]
│  map 8  steps=23  dist=[287.2004260189649, 205.30071492960533, 254.06724693881614, 304.50299470240907]  rmse=0.07565930807491117  cov=6.140000000596
0464%  iou=0.6340956340956341  [49/200]
│  map 9  steps=26  dist=[243.21633173009982, 266.55572329025654, 312.9548470061369, 307.60936010287264]  rmse=0.08668949819488231  cov=6.840000301599
503%  iou=0.7131086142322097  [50/200]
└─ done

┌─ model=ensemble  policy=uncertainty_greedy
│  map 0  steps=13  dist=[302.4720494123884, 300.4317341238753, 244.05443926163008, 273.2728830197838]  rmse=0.055775119604240454  cov=8.3200000226497
65%  iou=0.8588390501319261  [51/200]
│  map 1  steps=21  dist=[268.51220315877333, 288.52159354477544, 301.07073536590445, 297.1430214812435]  rmse=0.07655761931880606  cov=7.769999653100
967%  iou=0.7112110504336653  [52/200]
│  map 2  steps=20  dist=[206.93103939433027, 246.4586477203654, 234.02123635449342, 303.808637376135]  rmse=0.0652011788301973  cov=7.039999961853027
%  iou=0.8500517063081696  [53/200]
│  map 3  steps=20  dist=[216.80416572537072, 272.66458270888324, 322.0879193691117, 262.53029173586225]  rmse=0.05213475172785579  cov=7.949999719858
1696%  iou=0.84  [54/200]
│  map 4  steps=25  dist=[266.47174272620356, 262.88905145467567, 287.584017053127, 309.41291081126707]  rmse=0.10388063459228418  cov=6.2100000679492
95%  iou=0.6331343283582089  [55/200]
│  map 5  steps=26  dist=[208.03341869552767, 250.30734302685894, 314.51228241240267, 316.7690315750938]  rmse=0.07015637774232819  cov=5.739999935030
937%  iou=0.2042231326820044  [56/200]
│  map 6  steps=24  dist=[304.8340031713443, 267.29667287770644, 314.256891958601, 307.2234179339355]  rmse=0.1031906722581631  cov=5.990000069141388%
  iou=0.22085889570552147  [57/200]
│  map 7  steps=22  dist=[266.3227346828493, 279.0964943049174, 304.0246215605189, 267.1965744259323]  rmse=0.02954746207526988  cov=7.169999927282333
%  iou=0.5017835909631391  [58/200]
│  map 8  steps=22  dist=[254.30101158331195, 257.2890478543721, 294.9425154176746, 326.74872832523795]  rmse=0.058106696893230704  cov=6.740000098943
71%  iou=0.7351792687255946  [59/200]
│  map 9  steps=25  dist=[204.78117332619334, 290.43940253479707, 300.61019553397324, 262.2979646380753]  rmse=0.074989858701639  cov=5.62000013887882
2%  iou=0.6032818532818532  [60/200]
└─ done

┌─ model=ensemble  policy=epsilon_greedy
│  map 0  steps=14  dist=[292.31198608482487, 254.40251860957588, 273.7223834721986, 310.6670121927451]  rmse=0.055367663611949586  cov=9.600000083446
503%  iou=0.7183098591549296  [61/200]
│  map 1  steps=17  dist=[300.32738263779913, 274.9525921988128, 285.7226194461959, 306.8024664131317]  rmse=0.06864775388630588  cov=9.57999974489212
%  iou=0.8050171037628279  [62/200]
│  map 2  steps=16  dist=[305.5936371931034, 278.2184250935186, 281.09540304561824, 319.84351773785755]  rmse=0.08248454825239852  cov=9.2799998819828
03%  iou=0.8425223983459683  [63/200]
│  map 3  steps=15  dist=[272.61876229901696, 285.9017194841736, 301.3490072535299, 280.77214045981526]  rmse=0.038610173019743926  cov=9.549999982118
607%  iou=0.869226488592098  [64/200]
│  map 4  steps=15  dist=[300.404457814575, 273.2364709675618, 292.834650447407, 298.2172125860216]  rmse=0.057872231981128223  cov=10.000000149011612
%  iou=0.8476420798065296  [65/200]
│  map 5  steps=13  dist=[231.46421898988157, 276.2969875951573, 275.64026085836656, 309.7376108952876]  rmse=0.07420533460539055  cov=9.2699997127056
12%  iou=0.5235294117647059  [66/200]
│  map 6  steps=14  dist=[270.58290875433363, 256.67974576399075, 276.3577332918546, 303.5482394222263]  rmse=0.060877590884237026  cov=9.229999780654
907%  iou=0.5063829787234042  [67/200]
│  map 7  steps=14  dist=[256.8146070178583, 306.5592209635086, 264.6018883777973, 317.7262149567429]  rmse=0.03367665907933962  cov=9.480000287294388
%  iou=0.8565488565488566  [68/200]
│  map 8  steps=16  dist=[316.0660901436, 262.80760941687714, 309.4790647697785, 308.05201525106224]  rmse=0.05550191082811675  cov=10.06999984383583%
  iou=0.91219723183391  [69/200]
│  map 9  steps=14  dist=[302.6184510199848, 284.33780150826516, 300.96214821668497, 299.694186246332]  rmse=0.05443359082088182  cov=10.1099997758865
36%  iou=0.8033228558599013  [70/200]
└─ done

┌─ model=ensemble  policy=orienteering
│  map 0  steps=74  dist=[301.18689400750264, 216.69027334874744, 237.392949107535, 297.49838338433676]  rmse=0.08336289416717055  cov=9.5499999821186
07%  iou=0.7494481236203091  [71/200]
│  map 1  steps=63  dist=[300.445571910724, 226.63424783651038, 239.3106326999002, 227.60889463257402]  rmse=0.0975484395971761  cov=8.60999971628189%
  iou=0.7031000319590923  [72/200]
│  map 2  steps=61  dist=[232.03810043892435, 265.2321017025945, 305.1253912888738, 252.82941708215222]  rmse=0.08383889683701164  cov=9.2900000512599
95%  iou=0.8442622950819673  [73/200]
│  map 3  steps=67  dist=[252.65713345397535, 300.28432949319307, 244.7810375740025, 235.86838114709457]  rmse=0.050387014492564934  cov=9.20000001788
1393%  iou=0.7627037392138063  [74/200]
│  map 4  steps=68  dist=[267.3988227667096, 217.49507178990996, 264.7572232498546, 301.17309903807177]  rmse=0.09615719375605918  cov=9.3400001525878
9%  iou=0.7473976405274115  [75/200]
│  map 5  steps=60  dist=[164.94321550431857, 272.11040382177816, 302.10340072782606, 285.188080106365]  rmse=0.08062323386730819  cov=8.5699997842311
86%  iou=0.7146092865232163  [76/200]
│  map 6  steps=64  dist=[272.91255772193495, 295.5635930589432, 304.1834711100524, 223.6638488790264]  rmse=0.111806206883517  cov=9.009999781847%  i
ou=0.7054455445544554  [77/200]
│  map 7  steps=68  dist=[226.52830307312666, 259.81885158773076, 303.0675517243146, 277.6123904975266]  rmse=0.04600127346897384  cov=9.1200001537799
84%  iou=0.6864686468646864  [78/200]
│  map 8  steps=84  dist=[302.78084597444376, 296.1036189445966, 259.51503218895357, 259.2158497069738]  rmse=0.06353973399738155  cov=10.069999843835
83%  iou=0.8618581907090465  [79/200]
│  map 9  steps=65  dist=[287.7072684527733, 303.4238700562003, 234.46723633077676, 273.47944028447455]  rmse=0.10605187719706803  cov=9.6000000834465
03%  iou=0.7042513863216266  [80/200]
└─ done

┌─ model=myopic  policy=myopic_greedy
│  map 0  steps=14  dist=[243.72728402149647, 299.1773826357024, 273.39250424976893, 309.7727914580619]  rmse=0.015331920373570384  cov=8.449999988079
071%  iou=0.8271604938271605  [81/200]
│  map 1  steps=12  dist=[306.3792311077877, 243.39943576711306, 290.63524073905273, 304.6090912414167]  rmse=0.03746512667797998  cov=9.0400002896785
74%  iou=0.8158871566443949  [82/200]
│  map 2  steps=11  dist=[225.9542508974107, 300.4686171803624, 259.780396061162, 288.6039138076907]  rmse=0.05091159396547819  cov=8.51999968290329%
 iou=0.8167125171939478  [83/200]
│  map 3  steps=13  dist=[282.1685677138281, 292.9825166447974, 272.51323169114295, 321.8975680514157]  rmse=0.03938323016759647  cov=8.48999992012977
6%  iou=0.8225063938618926  [84/200]
│  map 4  steps=11  dist=[287.0688623947515, 299.61948258943664, 283.84069220554534, 306.893528901728]  rmse=0.03857002507120646  cov=9.38000008463859
6%  iou=0.8741830065359477  [85/200]
│  map 5  steps=15  dist=[291.2398010100019, 280.5755404565414, 326.31082054555475, 244.6514452208511]  rmse=0.01638990706525156  cov=7.44000002741813
7%  iou=0.8527851458885941  [86/200]
│  map 6  steps=14  dist=[252.23864117541598, 222.32529554100742, 313.51257646512136, 286.0666742142089]  rmse=0.019909237962823574  cov=6.96000009775
1617%  iou=0.8741044012282497  [87/200]
│  map 7  steps=15  dist=[302.5087063087624, 249.2237605995526, 300.03973303242395, 322.35528256634717]  rmse=0.012245073644839163  cov=7.689999788999
5575%  iou=0.875268817204301  [88/200]
│  map 8  steps=14  dist=[279.0512036192263, 307.33403429873977, 322.7416319380124, 288.515500467307]  rmse=0.04026591334509866  cov=9.960000216960907
%  iou=0.7744018230155716  [89/200]
│  map 9  steps=13  dist=[301.73774333472755, 291.505013843741, 311.3518890051673, 287.9132931122615]  rmse=0.039612069151179305  cov=9.14999991655349
7%  iou=0.7695740365111562  [90/200]
└─ done

┌─ model=myopic  policy=uncertainty_greedy
│  map 0  steps=11  dist=[315.87237114464125, 293.9391784104708, 50.453856162463026, 56.487253143189164]  rmse=0.09848131688105966  cov=6.499999761581
421%  iou=0.5573440643863179  [91/200]
│  map 1  steps=11  dist=[311.3889243686132, 292.6022211240126, 231.30754154096172, 228.19082792039603]  rmse=0.07772644124686373  cov=9.1099999845027
92%  iou=0.6846961501749921  [92/200]
│  map 2  steps=11  dist=[319.3970071715913, 303.86333127134156, 171.39035486457053, 166.56665329523133]  rmse=0.08919405298077993  cov=7.900000363588
333%  iou=0.7457010582010583  [93/200]
│  map 3  steps=11  dist=[323.6462606264578, 305.007677147954, 295.7366225155482, 288.3736453095469]  rmse=0.12760332571128832  cov=9.709999710321426%
  iou=0.5366492146596858  [94/200]
│  map 4  steps=11  dist=[318.42001414271084, 304.9675485724983, 293.746224250708, 282.4911405908965]  rmse=0.06561127062073858  cov=9.25000011920929%
  iou=0.7295052365474901  [95/200]
│  map 5  steps=10  dist=[277.62737282817875, 254.89194053539762, 254.65292276682607, 310.6403595452222]  rmse=0.05446707418583683  cov=9.059999883174
896%  iou=0.6501272264631043  [96/200]
│  map 6  steps=12  dist=[326.63940152171546, 296.01200783926504, 273.89368911136444, 265.83755805174553]  rmse=0.14431342257761967  cov=9.52999964356
4224%  iou=0.0011574074074074073  [97/200]
│  map 7  steps=11  dist=[311.0968898856246, 282.0379487051232, 301.00814375125674, 287.7588801325634]  rmse=0.0782559787005665  cov=9.809999912977219
%  iou=0.38533834586466165  [98/200]
│  map 8  steps=11  dist=[321.32103483433485, 295.85315147835155, 303.57017587994824, 316.7226148636929]  rmse=0.11047480039875268  cov=10.23000031709
671%  iou=0.6532081377151799  [99/200]
│  map 9  steps=11  dist=[329.0763160894293, 296.7052685791622, 300.2835233653119, 286.66277385588023]  rmse=0.09750894403851729  cov=9.17000025510788
%  iou=0.5248780487804878  [100/200]
└─ done

┌─ model=myopic  policy=epsilon_greedy
│  map 0  steps=14  dist=[259.88283104719824, 255.5096898790468, 237.62157659029236, 300.13623697421343]  rmse=0.15996997747157127  cov=8.420000225305
557%  iou=0.5430016863406408  [101/200]
│  map 1  steps=13  dist=[258.8533494940195, 225.09834620459088, 257.5335066639935, 312.8436250004941]  rmse=0.05809995881570983  cov=9.14999991655349
7%  iou=0.7665341525117456  [102/200]
│  map 2  steps=15  dist=[252.28147831641814, 307.7912502691594, 310.9025940003227, 284.51989228674904]  rmse=0.06998575638286891  cov=9.2299997806549
07%  iou=0.7213842058562555  [103/200]
│  map 3  steps=16  dist=[312.36914252098563, 291.8316422323621, 284.5356551331381, 313.01946588101123]  rmse=0.07733998181093625  cov=10.010000318288
803%  iou=0.5166349809885932  [104/200]
│  map 4  steps=12  dist=[253.4608460711005, 219.57287931374998, 322.20725600340745, 236.72764122504557]  rmse=0.06478973833635723  cov=8.749999850988
388%  iou=0.7510980966325037  [105/200]
│  map 5  steps=14  dist=[256.03577590175155, 304.21526022013325, 239.46357218581326, 286.4337143926773]  rmse=0.06320146959303592  cov=8.680000156164
17%  iou=0.7036599763872491  [106/200]
│  map 6  steps=15  dist=[302.8407761900676, 235.63608540745014, 276.31222190632195, 303.08623650130244]  rmse=0.03508406752311216  cov=9.359999746084
213%  iou=0.7031382527565734  [107/200]
│  map 7  steps=14  dist=[272.2350597407872, 229.94485085735027, 277.68939072868375, 306.8857044768662]  rmse=0.047893778026641805  cov=9.170000255107
88%  iou=0.6901172529313233  [108/200]
│  map 8  steps=14  dist=[288.93458034039077, 276.07624507643146, 303.9815556242493, 217.12860075268074]  rmse=0.0875715424133681  cov=8.9500002562999
73%  iou=0.5696374110471026  [109/200]
│  map 9  steps=14  dist=[310.11023039894786, 273.85680771802464, 295.9228738459233, 294.47026632636016]  rmse=0.060503619262987016  cov=9.58999991416
9312%  iou=0.7087006515906478  [110/200]
└─ done

┌─ model=myopic  policy=orienteering
│  map 0  steps=95  dist=[260.99709624717144, 295.7148375282394, 301.8515170054864, 252.11244157087563]  rmse=0.04777101383861026  cov=10.320000350475
311%  iou=0.7587412587412588  [111/200]
│  map 1  steps=89  dist=[300.50615461523324, 236.8239725149862, 281.78039602275845, 285.9967056243051]  rmse=0.06948387120357835  cov=10.199999809265
137%  iou=0.8442947702060222  [112/200]
│  map 2  steps=95  dist=[283.66556765433927, 302.61601595713415, 293.8339397804844, 284.4187313271493]  rmse=0.07859276272758466  cov=10.700000077486
038%  iou=0.6895748398369249  [113/200]
│  map 3  steps=91  dist=[301.3783357177136, 290.2718893715734, 301.18497689383184, 245.09217941740545]  rmse=0.05319962747003557  cov=10.409999638795
853%  iou=0.7646426652337452  [114/200]
│  map 4  steps=90  dist=[300.9229455827366, 231.40990644838624, 246.85065877990132, 266.40503217734533]  rmse=0.06996642483651011  cov=9.700000286102
295%  iou=0.867577958137548  [115/200]
│  map 5  steps=95  dist=[274.1764127312441, 253.63899694889835, 297.497023851883, 304.2629456978742]  rmse=0.10017361433869167  cov=10.49999967217445
4%  iou=0.5229885057471264  [116/200]
│  map 6  steps=101  dist=[283.06951322085945, 265.80789919666785, 271.12798401625685, 302.9273941062999]  rmse=0.03590586633161869  cov=10.6700003147
12524%  iou=0.8439425051334702  [117/200]
│  map 7  steps=96  dist=[270.4933220348702, 220.43934369990913, 308.1736094873897, 271.99188634794103]  rmse=0.028761341046963512  cov=9.979999810457
23%  iou=0.7790476190476191  [118/200]
│  map 8  steps=88  dist=[230.57068271973347, 300.4891281267758, 256.80202160068706, 211.116121440551]  rmse=0.05993547846549405  cov=9.35000032186508
2%  iou=0.7831372549019607  [119/200]
│  map 9  steps=99  dist=[262.83345544161705, 219.11846323894972, 257.95087271211395, 302.6397315424271]  rmse=0.05820826045364606  cov=9.880000352859
497%  iou=0.8290559120073328  [120/200]
└─ done

┌─ model=edl  policy=myopic_greedy
│  map 0  steps=18  dist=[231.02408324744155, 205.79226224494784, 301.9794369410455, 249.46690424461005]  rmse=0.01167675717439081  cov=7.349999994039
5355%  iou=0.9239130434782609  [121/200]
│  map 1  steps=20  dist=[254.894888703676, 310.7226603851853, 275.50169737834096, 321.3125514672705]  rmse=0.015985952124138263  cov=7.88000002503395
1%  iou=0.9090909090909091  [122/200]
│  map 2  steps=21  dist=[246.09042042818783, 208.0855821706213, 302.16156211192117, 244.29724839927692]  rmse=0.01791258763857246  cov=6.509999930858
612%  iou=0.9087437953417334  [123/200]
│  map 3  steps=21  dist=[279.19669496445306, 314.48438899050035, 292.66470748854937, 254.7160029009048]  rmse=0.010842030335279144  cov=7.95999988913
5361%  iou=0.9103064066852368  [124/200]
│  map 4  steps=17  dist=[239.16654488875636, 323.45957615794725, 307.5247214319365, 292.4621180150059]  rmse=0.019227895196327713  cov=7.029999792575
836%  iou=0.8740899357601714  [125/200]
│  map 5  steps=19  dist=[223.54113343202073, 284.51997685299784, 302.8196218909446, 256.47919903179314]  rmse=0.010578679286069453  cov=6.37999996542
9306%  iou=0.8443465491923642  [126/200]
│  map 6  steps=24  dist=[282.16191402218067, 213.9995286140012, 309.6023792695131, 285.9857729650906]  rmse=0.013112384711305693  cov=6.6399998962879
18%  iou=0.9177001127395716  [127/200]
│  map 7  steps=18  dist=[279.28752802911816, 305.2007099850853, 266.88431143065793, 163.11946584673979]  rmse=0.009051130361279885  cov=6.17999993264
6751%  iou=0.9068736141906873  [128/200]
│  map 8  steps=19  dist=[323.0293753093467, 279.81404426190755, 262.24407154579615, 237.16085137461943]  rmse=0.013214220350489721  cov=7.40000009536
7432%  iou=0.9426895306859205  [129/200]
│  map 9  steps=18  dist=[261.13875262506326, 273.4482945495008, 295.4872867633625, 306.93002499834006]  rmse=0.014757326348716099  cov=7.949999719858
1696%  iou=0.8846153846153846  [130/200]
└─ done

┌─ model=edl  policy=uncertainty_greedy
│  map 0  steps=20  dist=[302.2885705210106, 259.25188934017984, 266.41726182204786, 311.4675452533505]  rmse=0.009090907411750209  cov=6.440000236034
393%  iou=0.8791666666666667  [131/200]
│  map 1  steps=18  dist=[309.83948326425866, 283.19941153572427, 275.1170198698413, 219.89312699956315]  rmse=0.01843992697802191  cov=8.200000226497
65%  iou=0.8951261966927764  [132/200]
│  map 2  steps=20  dist=[291.5653296544211, 273.9010398279676, 314.55371625244084, 313.3831507286363]  rmse=0.01707684584607107  cov=7.81000033020973
2%  iou=0.9225957779515246  [133/200]
│  map 3  steps=21  dist=[296.4014107375148, 291.909596365535, 300.5663264148399, 283.9373126459405]  rmse=0.009167061607580157  cov=8.089999854564667
%  iou=0.926205694363742  [134/200]
│  map 4  steps=20  dist=[304.7046019294053, 267.77887094269204, 237.49998449505082, 305.89367259171365]  rmse=0.020330547089417176  cov=7.51999989151
95465%  iou=0.8589909443725744  [135/200]
│  map 5  steps=18  dist=[277.76206805362625, 240.02414114651012, 239.37243973632815, 300.6077103056698]  rmse=0.008627855225561783  cov=6.74000009894
371%  iou=0.871301775147929  [136/200]
│  map 6  steps=21  dist=[238.56079819915036, 279.9964979072152, 300.5013210692763, 281.0786720675199]  rmse=0.012002912060922757  cov=6.5499998629093
17%  iou=0.8779956427015251  [137/200]
│  map 7  steps=21  dist=[284.19184276160894, 247.02199479619054, 315.68854448331905, 197.81769922235327]  rmse=0.0056475452848325025  cov=6.230000033
9746475%  iou=0.8830275229357798  [138/200]
│  map 8  steps=22  dist=[313.27268154484904, 295.9688393621713, 306.79846296710434, 275.2733645500857]  rmse=0.012743645257384037  cov=7.900000363588
333%  iou=0.9381121994657168  [139/200]
│  map 9  steps=14  dist=[208.86520500797226, 260.91447073651096, 311.6513575041543, 296.0048115921091]  rmse=0.016667704096682872  cov=7.349999994039
5355%  iou=0.8799608035276825  [140/200]
└─ done

┌─ model=edl  policy=epsilon_greedy
│  map 0  steps=15  dist=[302.68556025122865, 288.1628014341406, 302.05493345777614, 283.0254366340151]  rmse=0.025727953016086127  cov=9.799999743700
027%  iou=0.7035830618892508  [141/200]
│  map 1  steps=14  dist=[263.99770646524615, 277.5304674461916, 286.48534846590064, 308.6856615626207]  rmse=0.019378836323112703  cov=9.520000219345
093%  iou=0.9254385964912281  [142/200]
│  map 2  steps=15  dist=[270.7886802171545, 318.6357610149551, 245.05649535366967, 266.99127798811134]  rmse=0.019057430375884452  cov=9.009999781847
%  iou=0.9328125  [143/200]
│  map 3  steps=14  dist=[307.43997425776683, 273.07308325577907, 256.90198991486335, 255.9271098339358]  rmse=0.01572961634685624  cov=9.520000219345
093%  iou=0.9346704871060172  [144/200]
│  map 4  steps=14  dist=[322.4494198642992, 280.15758293298217, 272.3109579526464, 276.0275064427267]  rmse=0.01956401327040879  cov=9.74999964237213
1%  iou=0.9127780200610554  [145/200]
│  map 5  steps=14  dist=[296.6682081579959, 284.34879153000685, 308.9395255042916, 262.6905039477573]  rmse=0.020779860188324326  cov=9.7599998116493
23%  iou=0.9188034188034188  [146/200]
│  map 6  steps=14  dist=[257.8400731582692, 302.88145561006155, 293.4339954416293, 294.310546047697]  rmse=0.019007488509271288  cov=9.64000001549720
8%  iou=0.9472502805836139  [147/200]
│  map 7  steps=12  dist=[241.84024919159557, 265.6599832693523, 263.73109121618626, 312.9419483174341]  rmse=0.012976844312580763  cov=9.250000119209
29%  iou=0.9433106575963719  [148/200]
│  map 8  steps=15  dist=[326.84255918436924, 325.7652855803554, 319.1944162780172, 315.2048920553053]  rmse=0.015930061595697518  cov=10.849999636411
667%  iou=0.9449664429530201  [149/200]
│  map 9  steps=16  dist=[293.7702572435145, 304.39107578808415, 281.4500033153611, 278.34741826769067]  rmse=0.021202581563916984  cov=10.04000008106
2317%  iou=0.8814117647058823  [150/200]
└─ done

┌─ model=edl  policy=orienteering
│  map 0  steps=68  dist=[299.60477280239184, 289.20135059028996, 304.01208227717484, 270.15300302146403]  rmse=0.01203344786179478  cov=10.0100003182
88803%  iou=0.9165526675786594  [151/200]
│  map 1  steps=72  dist=[304.50809719181007, 287.4071807547406, 303.7719850802424, 279.78071929886227]  rmse=0.014842729705955945  cov=9.969999641180
038%  iou=0.9264577893820714  [152/200]
│  map 2  steps=64  dist=[251.30835029025374, 301.3846657229713, 219.36338081625567, 286.4309680320839]  rmse=0.01450615315915394  cov=9.2500001192092
9%  iou=0.9253322908522283  [153/200]
│  map 3  steps=72  dist=[271.0385729685234, 240.594624742879, 254.79563486965571, 303.2881894850684]  rmse=0.0119171142578125  cov=9.560000151395798%
  iou=0.8980821917808219  [154/200]
│  map 4  steps=74  dist=[300.8167062281011, 293.04986638500804, 281.2167985408375, 291.4622686417786]  rmse=0.013655924646353117  cov=10.379999876022
339%  iou=0.922975352112676  [155/200]
│  map 5  steps=65  dist=[300.21026943950267, 224.41734800442867, 281.8857700293937, 276.3822587321209]  rmse=0.012017885738803833  cov=9.369999915361
404%  iou=0.8796680497925311  [156/200]
│  map 6  steps=56  dist=[216.9591628704834, 311.01585576440397, 244.99129185887807, 238.83508853093673]  rmse=0.013562099682259129  cov=8.86000022292
1371%  iou=0.9270718232044199  [157/200]
│  map 7  steps=67  dist=[308.2146532018058, 249.08619852323838, 287.6155542136347, 288.53529139464916]  rmse=0.009716808975633918  cov=9.690000116825
104%  iou=0.8858350951374208  [158/200]
│  map 8  steps=70  dist=[252.71770752463053, 305.3746667255067, 247.63185582066626, 245.8586595976705]  rmse=0.011342106660793789  cov=9.459999948740
005%  iou=0.9444693237796686  [159/200]
│  map 9  steps=75  dist=[301.6647884109657, 282.41429704386155, 235.28867923641602, 294.71597582941655]  rmse=0.013719173554861332  cov=9.62999984622
0016%  iou=0.9242125984251969  [160/200]
└─ done

┌─ model=mcdropout  policy=myopic_greedy
│  map 0  steps=19  dist=[303.8797898628357, 255.79828213827625, 295.0403135972249, 306.0440488372299]  rmse=0.09465156122579778  cov=6.87000006437301
6%  iou=0.18329466357308585  [161/200]
│  map 1  steps=27  dist=[250.31239757136984, 237.5952852699563, 271.65417833625924, 308.3113139662846]  rmse=0.07516669682564169  cov=6.1000000685453
415%  iou=0.4964478545041205  [162/200]
│  map 2  steps=27  dist=[262.04395439486433, 269.4454914827511, 299.2743800734274, 309.77330154244896]  rmse=0.09206066883030926  cov=6.5099999308586
12%  iou=0.6146400483968542  [163/200]
│  map 3  steps=16  dist=[306.7818494347588, 205.72370378775574, 201.42297102700647, 267.48326187059365]  rmse=0.05024267895187848  cov=5.460000038146
973%  iou=0.5196564255037991  [164/200]
│  map 4  steps=24  dist=[264.69272340455575, 300.80309962234827, 278.2041203646581, 251.22020520034332]  rmse=0.0844254830563902  cov=6.5999999642372
13%  iou=0.5033991583036581  [165/200]
│  map 5  steps=17  dist=[301.0248498126604, 160.16580570333406, 267.7611809072619, 125.79374875329754]  rmse=0.06120540715937535  cov=6.3100002706050
87%  iou=0.2549019607843137  [166/200]
│  map 6  steps=19  dist=[209.38231814860683, 154.57516601571248, 306.76662343925216, 139.90227567735857]  rmse=0.05199673899626425  cov=6.14000000059
60464%  iou=0.3184666420936233  [167/200]
│  map 7  steps=18  dist=[304.9503036112143, 254.7277847113724, 298.9329903232149, 247.8243024658603]  rmse=0.05022210851277016  cov=7.310000061988831
%  iou=0.18185745140388768  [168/200]
│  map 8  steps=25  dist=[282.0117814426928, 312.29364800355586, 274.36078781996025, 297.58797945553846]  rmse=0.05200457902107951  cov=7.919999957084
656%  iou=0.7565763643502159  [169/200]
│  map 9  steps=29  dist=[260.7333862779536, 304.5979609829349, 272.7294882823118, 271.7838501625434]  rmse=0.05745831909541432  cov=6.679999828338623
%  iou=0.5933676754668383  [170/200]
└─ done

┌─ model=mcdropout  policy=uncertainty_greedy
│  map 0  steps=19  dist=[296.6696052951263, 272.7896085335155, 320.5419673483206, 310.3839597343264]  rmse=0.097616965021534  cov=7.400000095367432%
 iou=0.2195210449927431  [171/200]
│  map 1  steps=19  dist=[312.2588998865494, 318.45618136526997, 227.9569306699752, 289.0563197122747]  rmse=0.08283851131807211  cov=7.98999965190887
45%  iou=0.6178920680912713  [172/200]
│  map 2  steps=17  dist=[301.33069761381654, 300.7081345726351, 298.65085570057664, 304.1284928659931]  rmse=0.08452960393505189  cov=8.7399996817111
97%  iou=0.8006535947712419  [173/200]
│  map 3  steps=23  dist=[268.9688514813079, 301.80014139466465, 308.79766720870606, 263.96884594309864]  rmse=0.04892618108726872  cov=7.259999960660
9344%  iou=0.5948601662887377  [174/200]
│  map 4  steps=20  dist=[255.46166423967483, 292.91871464078287, 280.00811606648364, 309.6515364561106]  rmse=0.08885709998758694  cov=6.740000098943
71%  iou=0.45570723206505953  [175/200]
│  map 5  steps=19  dist=[182.8345497308327, 279.1150260361233, 251.0290199401089, 308.26821963305093]  rmse=0.06876135212200722  cov=6.48000016808509
8%  iou=0.26572847682119205  [176/200]
│  map 6  steps=19  dist=[268.9848147719117, 310.43503969082496, 305.22482841732494, 256.65013517492156]  rmse=0.055807295359947974  cov=7.22000002861
02295%  iou=0.41518500720807305  [177/200]
│  map 7  steps=20  dist=[233.21923222055216, 311.3368186972863, 236.0704961269281, 294.0674564726884]  rmse=0.05516380627408805  cov=7.19999969005584
7%  iou=0.13987404706662246  [178/200]
│  map 8  steps=19  dist=[260.0625112429183, 310.1672556694502, 251.53925852788592, 281.7876742517327]  rmse=0.06317443103181207  cov=5.55000007152557
4%  iou=0.6963428149242704  [179/200]
│  map 9  steps=19  dist=[306.01494210526056, 286.58741369791494, 224.18581590446206, 252.69504535385622]  rmse=0.08613045120462604  cov=5.77000007033
3481%  iou=0.5700106345267636  [180/200]
└─ done

┌─ model=mcdropout  policy=epsilon_greedy
│  map 0  steps=16  dist=[287.5736660305252, 315.1822546435894, 293.110541020709, 249.02790193697996]  rmse=0.08497123546234107  cov=9.529999643564224
%  iou=0.28955223880597014  [181/200]
│  map 1  steps=13  dist=[321.3083859380738, 285.0134303258171, 291.24307651031427, 276.62370409326473]  rmse=0.06526585250629448  cov=9.5399998128414
15%  iou=0.6557324840764331  [182/200]
│  map 2  steps=15  dist=[299.3722383401085, 314.75316334856325, 284.5860078871182, 273.477220309301]  rmse=0.05978157151724525  cov=10.01000031828880
3%  iou=0.7376712328767123  [183/200]
│  map 3  steps=16  dist=[275.36373965151114, 234.92546491814863, 303.90043695341126, 278.81159649049977]  rmse=0.05609038915700402  cov=8.91000032424
9268%  iou=0.684634974533107  [184/200]
│  map 4  steps=14  dist=[288.01690085363816, 310.6899140259573, 291.6302806143812, 263.7024210845719]  rmse=0.06803022911903003  cov=9.82000008225441
%  iou=0.696149843912591  [185/200]
│  map 5  steps=14  dist=[291.4687671903852, 297.8335813193439, 302.20698329226616, 292.54795042303465]  rmse=0.07673420336717143  cov=9.8300002515316
01%  iou=0.22967403521918323  [186/200]
│  map 6  steps=15  dist=[258.8494146645876, 304.5768011893333, 283.83186198169466, 300.3302950825257]  rmse=0.08733308434835749  cov=9.64000001549720
8%  iou=0.2627526467757459  [187/200]
│  map 7  steps=13  dist=[262.17168304576956, 247.68623927986528, 302.248820541287, 281.9822662842286]  rmse=0.07457614790423497  cov=9.36999991536140
4%  iou=0.1728799672265465  [188/200]
│  map 8  steps=15  dist=[314.69772311535587, 270.44317018190054, 289.6141517203927, 298.1039360032028]  rmse=0.04916171324548617  cov=9.8600000143051
15%  iou=0.7076923076923077  [189/200]
│  map 9  steps=16  dist=[298.7641948405241, 313.20777283535034, 310.7809240994469, 327.58270398292547]  rmse=0.08091796696373092  cov=10.279999673366
547%  iou=0.6619513964454117  [190/200]
└─ done

┌─ model=mcdropout  policy=orienteering
│  map 0  steps=71  dist=[283.90683381194435, 300.15259812113754, 209.79732270574468, 246.93927889914147]  rmse=0.06006657927233241  cov=9.36999991536
1404%  iou=0.3215962441314554  [191/200]
│  map 1  steps=77  dist=[269.58165463709383, 277.2606992975716, 271.02101772070597, 301.5661283045024]  rmse=0.04866985180218014  cov=10.149999707937
24%  iou=0.7159831353008815  [192/200]
│  map 2  steps=76  dist=[302.90860197327487, 272.1613209843401, 299.75103025630494, 254.1359766582961]  rmse=0.04263111511484424  cov=9.9100001156330
1%  iou=0.7941712204007286  [193/200]
│  map 3  steps=53  dist=[218.33023633523987, 300.08532036165565, 177.21571759403184, 176.47312635617155]  rmse=0.03787734146629191  cov=7.81999975442
88635%  iou=0.7720953326713009  [194/200]
│  map 4  steps=75  dist=[279.85568074231855, 319.61933226571693, 269.2711230704089, 250.8261313146884]  rmse=0.054253023092742075  cov=9.740000218153
%  iou=0.6857355126300149  [195/200]
│  map 5  steps=76  dist=[233.04387508041373, 249.49091172793027, 303.6922491712164, 282.7050697079359]  rmse=0.0843021844653688  cov=8.85000005364418
%  iou=0.24235645041014167  [196/200]
│  map 6  steps=79  dist=[285.4233316719434, 302.1635654451992, 263.6843551866858, 279.36063657448614]  rmse=0.06822174386179664  cov=10.0100003182888
03%  iou=0.39596700274977087  [197/200]
│  map 7  steps=71  dist=[300.3738322111706, 255.53452585066023, 279.12499026269853, 258.69325535945154]  rmse=0.051863317649933696  cov=9.20000001788
1393%  iou=0.19830827067669174  [198/200]
│  map 8  steps=66  dist=[270.4939721837177, 307.59354773205456, 200.75983027080437, 238.9036015330399]  rmse=0.04093691534023437  cov=8.8200002908706
67%  iou=0.6783831282952548  [199/200]
│  map 9  steps=83  dist=[300.95872758621994, 266.6395060115278, 274.68180573437405, 293.15424447484327]  rmse=0.054326425802407804  cov=10.3000000119
20929%  iou=0.6575292397660819  [200/200]
└─ done

────────────────────────────────────────────────────────────
Total rows recorded : 6753
Results saved to    : /mnt/sdb/Alejandro_C/uncertainty-multiasv/scenario/results/experiments.csv
────────────────────────────────────────────────────────────

Per-(model, policy) summary (mean over episodes):
      model_name             policy  episodes  mean_rmse  final_rmse  mean_coverage  mean_iou
             edl     epsilon_greedy        10   0.028560    0.018935          9.714  0.872976
             edl      myopic_greedy        10   0.021637    0.013636          7.128  0.872551
             edl       orienteering        10   0.019786    0.012731          9.618  0.891161
             edl uncertainty_greedy        10   0.021493    0.012979          7.283  0.863697
        ensemble     epsilon_greedy        10   0.063083    0.058168          9.617  0.658271
        ensemble      myopic_greedy        10   0.083058    0.077377          6.553  0.527904
        ensemble       orienteering        10   0.075210    0.081932          9.236  0.609447
        ensemble uncertainty_greedy        10   0.081621    0.068954          6.855  0.473334
gaussian_process     epsilon_greedy        10   0.117532    0.086294          8.926  0.237070
gaussian_process      myopic_greedy        10   0.159005    0.151775          7.675  0.133429
gaussian_process       orienteering        10   0.093893    0.069093         10.571  0.349786
gaussian_process uncertainty_greedy        10   0.129351    0.232206          5.323  0.044676
       mcdropout     epsilon_greedy        10   0.082157    0.070286          9.679  0.460199
       mcdropout      myopic_greedy        10   0.089910    0.066943          6.590  0.417989
       mcdropout       orienteering        10   0.081334    0.054315          9.417  0.457342
       mcdropout uncertainty_greedy        10   0.087460    0.073181          7.035  0.404768
          myopic     epsilon_greedy        10   0.098474    0.072444          9.131  0.467504
          myopic      myopic_greedy        10   0.069417    0.031008          8.508  0.570000
          myopic       orienteering        10   0.098073    0.060200         10.171  0.554255
          myopic uncertainty_greedy        10   0.115983    0.094364          9.027  0.399383
(alec) azken@azken-W45:/mnt/sdb/Alejandro_C/uncertainty-multiasv$ git checkout
FETCH_HEAD    HEAD          main          ORIG_HEAD     origin/HEAD   origin/main
(alec) azken@azken-W45:/mnt/sdb/Alejandro_C/uncertainty-multiasv$ git checkout
FETCH_HEAD    HEAD          main          ORIG_HEAD     origin/HEAD   origin/main
(alec) azken@azken-W45:/mnt/sdb/Alejandro_C/uncertainty-multiasv$ git checkout ./scenario/policies/
algorithms/             epsilon_greedy.py       mamcts_policy.py        myopic_greedy.py        __pycache__/
base.py                 __init__.py             mcts_policy.py          orienteering_policy.py  uncertainty_greedy.py
(alec) azken@azken-W45:/mnt/sdb/Alejandro_C/uncertainty-multiasv$ git checkout ./scenario/policies/
algorithms/             epsilon_greedy.py       mamcts_policy.py        myopic_greedy.py        __pycache__/
base.py                 __init__.py             mcts_policy.py          orienteering_policy.py  uncertainty_greedy.py
(alec) azken@azken-W45:/mnt/sdb/Alejandro_C/uncertainty-multiasv$ git checkout ./scenario/policies/mcts_policy.py
Updated 1 path from the index
(alec) azken@azken-W45:/mnt/sdb/Alejandro_C/uncertainty-multiasv$ git status
On branch main
Your branch is up to date with 'origin/main'.

Changes not staged for commit:
  (use "git add <file>..." to update what will be committed)
  (use "git restore <file>..." to discard changes in working directory)
        modified:   scenario/experiment_logger.py
        modified:   scenario/extended_scenario.py
        modified:   scenario/models/EDL_model.py
        modified:   scenario/models/MC_dropout_model.py
        modified:   scenario/policies/epsilon_greedy.py
        modified:   scenario/policies/orienteering_policy.py
        modified:   scenario/policies/uncertainty_greedy.py
        modified:   scenario/run_experiments.py

Untracked files:
  (use "git add <file>..." to include in what will be committed)
        Results/eval_CONIC.pkl.gz
        Results/eval_NADIR.pkl.gz
        Results/eval_POINTWISE.pkl.gz
        scenario/policies/algorithms/multiagent_mcts.py
        scenario/policies/mamcts_policy.py
        scenario/results/experiments.csv

no changes added to commit (use "git add" and/or "git commit -a")
(alec) azken@azken-W45:/mnt/sdb/Alejandro_C/uncertainty-multiasv$ git status
On branch main
Your branch is up to date with 'origin/main'.

Changes not staged for commit:
  (use "git add <file>..." to update what will be committed)
  (use "git restore <file>..." to discard changes in working directory)
        modified:   .gitignore
        modified:   scenario/experiment_logger.py
        modified:   scenario/extended_scenario.py
        modified:   scenario/models/EDL_model.py
        modified:   scenario/models/MC_dropout_model.py
        modified:   scenario/policies/epsilon_greedy.py
        modified:   scenario/policies/orienteering_policy.py
        modified:   scenario/policies/uncertainty_greedy.py
        modified:   scenario/run_experiments.py

Untracked files:
  (use "git add <file>..." to include in what will be committed)
        scenario/policies/algorithms/multiagent_mcts.py
        scenario/policies/mamcts_policy.py

no changes added to commit (use "git add" and/or "git commit -a")
(alec) azken@azken-W45:/mnt/sdb/Alejandro_C/uncertainty-multiasv$ git add .
(alec) azken@azken-W45:/mnt/sdb/Alejandro_C/uncertainty-multiasv$ git status
On branch main
Your branch is up to date with 'origin/main'.

Changes to be committed:
  (use "git restore --staged <file>..." to unstage)
        modified:   .gitignore
        modified:   scenario/experiment_logger.py
        modified:   scenario/extended_scenario.py
        modified:   scenario/models/EDL_model.py
        modified:   scenario/models/MC_dropout_model.py
        new file:   scenario/policies/algorithms/multiagent_mcts.py
        modified:   scenario/policies/epsilon_greedy.py
        new file:   scenario/policies/mamcts_policy.py
        modified:   scenario/policies/orienteering_policy.py
        modified:   scenario/policies/uncertainty_greedy.py
        modified:   scenario/run_experiments.py

(alec) azken@azken-W45:/mnt/sdb/Alejandro_C/uncertainty-multiasv$ git commit -m "working models and obtaining results"

[main 41c2e92] working models and obtaining results
 11 files changed, 833 insertions(+), 128 deletions(-)
 create mode 100644 scenario/policies/algorithms/multiagent_mcts.py
 create mode 100644 scenario/policies/mamcts_policy.py
(alec) azken@azken-W45:/mnt/sdb/Alejandro_C/uncertainty-multiasv$ python3 scenario/run_experiments.py

Loading GaussianProcessModel …
Loading EnsembleModel from /mnt/sdb/Alejandro_C/uncertainty-multiasv/scenario/../Weights/dataset_POINTWISE_Ensemble.pt …
Loading MyopicModel …
Loading EDLModel …
Loading MCDropoutModel …

Policies : ['mcts']
Models   : ['gaussian_process', 'ensemble', 'myopic', 'edl', 'mcdropout']
Maps     : 0 … 9  (10 total)
Output   : /mnt/sdb/Alejandro_C/uncertainty-multiasv/scenario/results/experimentstest.csv

┌─ model=gaussian_process  policy=mcts
Selected action: [(54, 46), (64, 54), (46, 56), (56, 56)]
 from position [[50, 50], [60, 50], [50, 60], [60, 60]]
 with remaining budget [294.34314575050763, 294.34314575050763, 294.34314575050763, 294.34314575050763]
  ------------------------------------------------------
Selected action: [(55, 45), (65, 55), (45, 55), (52, 52)]
 from position [(54, 46), (64, 54), (46, 56), (56, 56)]
 with remaining budget [292.9289321881345, 292.9289321881345, 292.9289321881345, 288.68629150101526]
  ------------------------------------------------------
Selected action: [(56, 48), (51, 41), (66, 56), (41, 59)]
 from position [(55, 45), (65, 55), (45, 55), (52, 52)]
 with remaining budget [289.5147186257614, 273.1299423149112, 271.5147186257614, 274.7867965644036]
  ------------------------------------------------------
Selected action: [(67, 57), (52, 40), (42, 58), (60, 52)]
 from position [(56, 48), (51, 41), (66, 56), (41, 59)]
 with remaining budget [274.7867965644036, 271.7157287525381, 246.68629150101523, 252.8873016277919]
  ------------------------------------------------------
Selected action: [(41, 57), (53, 39), (61, 53), (68, 58)]
 from position [(67, 57), (52, 40), (42, 58), (60, 52)]
 with remaining budget [263.5147186257614, 271.7157287525381, 250.44365081389594, 264.301515190165]
  ------------------------------------------------------
Selected action: [(62, 52), (40, 58), (67, 57), (54, 40)]
 from position [(41, 57), (53, 39), (61, 53), (68, 58)]
 with remaining budget [240.44365081389594, 247.33095244168786, 242.78679656440357, 240.50252531694167]
  ------------------------------------------------------
Selected action: [(63, 51), (55, 39), (66, 56), (39, 59)]
 from position [(62, 52), (40, 58), (67, 57), (54, 40)]
 with remaining budget [239.02943725152284, 222.11774900609143, 241.37258300203047, 215.28932188134524]
  ------------------------------------------------------
Selected action: [(64, 52), (38, 60), (67, 55), (54, 38)]
 from position [(63, 51), (55, 39), (66, 56), (39, 59)]
 with remaining budget [239.02943725152284, 219.28932188134524, 241.37258300203047, 213.28932188134524]
  ------------------------------------------------------
Selected action: [(55, 37), (37, 61), (65, 51), (68, 56)]
 from position [(64, 52), (38, 60), (67, 55), (54, 38)]
 with remaining budget [220.301515190165, 217.87510831897214, 236.54415587728428, 189.49033200812192]
  ------------------------------------------------------
^CTraceback (most recent call last):
  File "/mnt/sdb/Alejandro_C/uncertainty-multiasv/scenario/run_experiments.py", line 401, in <module>

  File "/mnt/sdb/Alejandro_C/uncertainty-multiasv/scenario/run_experiments.py", line 350, in main
    print(f"┌─ model={model_name}  policy={policy_name}")
  File "/mnt/sdb/Alejandro_C/uncertainty-multiasv/scenario/run_experiments.py", line 236, in run_episode

  File "/mnt/sdb/Alejandro_C/uncertainty-multiasv/scenario/policies/mamcts_policy.py", line 169, in act
    action, _ = self._mcts.select_action(state)  # type: ignore[union-attr]
  File "/mnt/sdb/Alejandro_C/uncertainty-multiasv/scenario/policies/algorithms/multiagent_mcts.py", line 253, in select_action
    self._simulate(root, self.depth)
  File "/mnt/sdb/Alejandro_C/uncertainty-multiasv/scenario/policies/algorithms/multiagent_mcts.py", line 343, in _simulate
    future = self._simulate(child, depth - 1)
  File "/mnt/sdb/Alejandro_C/uncertainty-multiasv/scenario/policies/algorithms/multiagent_mcts.py", line 343, in _simulate
    future = self._simulate(child, depth - 1)
  File "/mnt/sdb/Alejandro_C/uncertainty-multiasv/scenario/policies/algorithms/multiagent_mcts.py", line 343, in _simulate
    future = self._simulate(child, depth - 1)
  [Previous line repeated 47 more times]
  File "/mnt/sdb/Alejandro_C/uncertainty-multiasv/scenario/policies/algorithms/multiagent_mcts.py", line 319, in _simulate
    return self.problem.utility(state)
  File "/mnt/sdb/Alejandro_C/uncertainty-multiasv/scenario/multiagent_max_informative_path_waypoints.py", line 424, in utility
    if 0 <= nx < self.N and 0 <= ny < self.N:
KeyboardInterrupt

(alec) azken@azken-W45:/mnt/sdb/Alejandro_C/uncertainty-multiasv$ ^C
(alec) azken@azken-W45:/mnt/sdb/Alejandro_C/uncertainty-multiasv$ clear
(alec) azken@azken-W45:/mnt/sdb/Alejandro_C/uncertainty-multiasv$ python3 scenario/run_experiments.py
Loading GaussianProcessModel …
Loading EnsembleModel from /mnt/sdb/Alejandro_C/uncertainty-multiasv/scenario/../Weights/dataset_POINTWISE_Ensemble.pt …
Loading MyopicModel …
Loading EDLModel …
Loading MCDropoutModel …

Policies : ['mcts']
Models   : ['gaussian_process', 'ensemble', 'myopic', 'edl', 'mcdropout']
Maps     : 0 … 9  (10 total)
Output   : /mnt/sdb/Alejandro_C/uncertainty-multiasv/scenario/results/experimentstest.csv

┌─ model=gaussian_process  policy=mcts
Selected action: [(54, 46), (64, 46), (46, 64), (56, 64)]
 from position [[50, 50], [60, 50], [50, 60], [60, 60]]
 with remaining budget [294.34314575050763, 294.34314575050763, 294.34314575050763, 294.34314575050763]
 time taken: 72.2517740726471 seconds
  ------------------------------------------------------
Selected action: [(55, 45), (68, 50), (50, 68), (57, 63)]
 from position [(54, 46), (64, 46), (46, 64), (56, 64)]
 with remaining budget [292.9289321881345, 288.68629150101526, 288.68629150101526, 292.9289321881345]
 time taken: 68.82008409500122 seconds
  ------------------------------------------------------
Selected action: [(64, 54), (46, 72), (56, 44), (56, 62)]
 from position [(55, 45), (68, 50), (50, 68), (57, 63)]
 with remaining budget [280.2010101267767, 257.57359312880715, 262.2010101267767, 291.5147186257614]
 time taken: 67.42203307151794 seconds
  ------------------------------------------------------
Selected action: [(45, 73), (57, 45), (68, 58), (60, 66)]
 from position [(64, 54), (46, 72), (56, 44), (56, 62)]
 with remaining budget [253.33095244168788, 226.0172439427031, 243.23044737829954, 285.85786437626905]
 time taken: 61.26761603355408 seconds
  ------------------------------------------------------
Selected action: [(56, 44), (69, 57), (46, 72), (59, 65)]
 from position [(45, 73), (57, 45), (68, 58), (60, 66)]
 with remaining budget [219.77460325558383, 209.04668119422595, 215.43145750507622, 284.44365081389594]
 time taken: 53.6527578830719 seconds
  ------------------------------------------------------
Selected action: [(70, 56), (47, 73), (57, 45), (63, 69)]
 from position [(56, 44), (69, 57), (46, 72), (59, 65)]
 with remaining budget [200.8040405071067, 180.41926419625642, 183.87510831897217, 278.7867965644036]
 time taken: 43.75851798057556 seconds
  ------------------------------------------------------
Selected action: [(48, 72), (58, 46), (69, 57), (64, 70)]
 from position [(70, 56), (47, 73), (57, 45), (63, 69)]
 with remaining budget [172.17662350913716, 148.86291501015236, 166.90454557049503, 277.37258300203047]
 time taken: 38.78807306289673 seconds
  ------------------------------------------------------
Selected action: [(59, 45), (70, 58), (49, 71), (65, 71)]
 from position [(48, 72), (58, 46), (69, 57), (64, 70)]
 with remaining budget [140.6202743230331, 131.89235226167523, 141.1055556972717, 275.95836943965736]
 time taken: 32.36311101913452 seconds
  ------------------------------------------------------
Selected action: [(69, 59), (60, 46), (50, 72), (64, 72)]
 from position [(59, 45), (70, 58), (49, 71), (65, 71)]
 with remaining budget [122.47813869930215, 115.75021663794428, 139.6913421348986, 274.54415587728425]
 time taken: 26.762465000152588 seconds
  ------------------------------------------------------
Selected action: [(59, 45), (70, 58), (49, 71), (65, 71)]
 from position [(69, 59), (60, 46), (50, 72), (64, 72)]
 with remaining budget [122.47813869930215, 115.75021663794428, 139.6913421348986, 274.54415587728425]
 time taken: 26.523319005966187 seconds
  ------------------------------------------------------
Selected action: [(71, 57), (60, 46), (50, 72), (64, 72)]
 from position [(59, 45), (70, 58), (49, 71), (65, 71)]
 with remaining budget [105.50757595082501, 99.60808101421333, 138.2771285725255, 273.12994231491115]
 time taken: 26.177387952804565 seconds
  ------------------------------------------------------
Selected action: [(59, 45), (72, 58), (51, 73), (65, 71)]
 from position [(71, 57), (60, 46), (50, 72), (64, 72)]
 with remaining budget [88.53701320234788, 82.63751826573619, 136.8629150101524, 271.71572875253804]
 time taken: 26.01962900161743 seconds
  ------------------------------------------------------
Selected action: [(73, 59), (58, 46), (50, 74), (66, 72)]
 from position [(59, 45), (72, 58), (51, 73), (65, 71)]
 with remaining budget [68.73802332912454, 63.66695551725905, 135.44870144777929, 270.30151519016493]
 time taken: 25.72226905822754 seconds
  ------------------------------------------------------
Selected action: [(59, 45), (74, 58), (49, 75), (65, 73)]
 from position [(73, 59), (58, 46), (50, 74), (66, 72)]
 with remaining budget [48.93903345590121, 42.696392768781905, 134.03448788540618, 268.8873016277918]
 time taken: 25.682690858840942 seconds
  ------------------------------------------------------
Selected action: [(73, 57), (58, 46), (48, 76), (66, 74)]
 from position [(59, 45), (74, 58), (49, 75), (65, 73)]
 with remaining budget [29.968470707424068, 21.725830020304763, 132.62027432303307, 267.4730880654187]
 time taken: 25.50886106491089 seconds
  ------------------------------------------------------
Selected action: [(57, 45), (74, 56), (47, 75), (65, 75)]
 from position [(73, 57), (58, 46), (48, 76), (66, 74)]
 with remaining budget [8.997907958946925, 1.5836943965738115, 131.20606076065997, 266.0588745030456]
 time taken: 24.763143062591553 seconds
  ------------------------------------------------------
│  map 0  steps=16  dist=[298.8694570292942, 303.019104316687, 162.420382741243, 35.35533905932738]  rmse=0.11957258338852976  cov=2.7000000700354576%
  iou=0.0  [1/50]
Selected action: [(56, 44), (73, 57), (46, 76), (66, 76)]
 from position [(57, 45), (74, 56), (47, 75), (65, 75)]
 with remaining budget [298.5857864376269, 298.5857864376269, 298.5857864376269, 298.5857864376269]
 time taken: 71.23563694953918 seconds
  ------------------------------------------------------
Selected action: [(55, 45), (76, 54), (48, 78), (65, 75)]
 from position [(56, 44), (73, 57), (46, 76), (66, 76)]
 with remaining budget [297.1715728752538, 294.34314575050763, 295.7573593128807, 297.1715728752538]
 time taken: 69.13973498344421 seconds
  ------------------------------------------------------
Selected action: [(75, 55), (49, 77), (56, 44), (66, 74)]
 from position [(55, 45), (76, 54), (48, 78), (65, 75)]
 with remaining budget [273.02943725152284, 257.81623381592647, 258.44365081389594, 295.7573593128807]
 time taken: 69.87891697883606 seconds
  ------------------------------------------------------
Selected action: [(47, 79), (57, 43), (78, 58), (65, 73)]
 from position [(75, 55), (49, 77), (56, 44), (66, 74)]
 with remaining budget [235.08831175456856, 220.5025253169417, 230.64466094067262, 294.3431457505076]
 time taken: 59.169121980667114 seconds
  ------------------------------------------------------
Selected action: [(56, 44), (80, 60), (46, 78), (66, 74)]
 from position [(47, 79), (57, 43), (78, 58), (65, 73)]
 with remaining budget [196.36038969321072, 190.4608947565991, 190.36038969321072, 292.92893218813447]
 time taken: 48.582616090774536 seconds
  ------------------------------------------------------
Selected action: [(45, 79), (81, 59), (57, 45), (68, 76)]
 from position [(56, 44), (80, 60), (46, 78), (66, 74)]
 with remaining budget [156.80404050710666, 189.04668119422598, 152.80404050710666, 290.10050506338825]
 time taken: 37.270776987075806 seconds
  ------------------------------------------------------
Selected action: [(56, 44), (44, 78), (80, 58), (69, 77)]
 from position [(45, 79), (81, 59), (57, 45), (68, 76)]
 with remaining budget [117.24769132100262, 144.1766235091372, 124.41926419625642, 288.68629150101515]
 time taken: 35.27498698234558 seconds
  ------------------------------------------------------
Selected action: [(55, 43), (81, 59), (45, 77), (70, 78)]
 from position [(56, 44), (44, 78), (80, 58), (69, 77)]
 with remaining budget [115.83347775862953, 99.30656582404838, 81.54920651116761, 287.27207793864204]
 time taken: 27.077847957611084 seconds
  ------------------------------------------------------
Selected action: [(46, 76), (82, 58), (56, 42), (71, 77)]
 from position [(55, 43), (81, 59), (45, 77), (70, 78)]
 with remaining budget [79.10555569727167, 97.89235226167528, 41.99285732506357, 285.85786437626894]
 time taken: 22.48270893096924 seconds
  ------------------------------------------------------
Selected action: [(57, 43), (45, 75), (83, 59), (70, 78)]
 from position [(46, 76), (82, 58), (56, 42), (71, 77)]
 with remaining budget [41.549206511167625, 53.85072170133267, 7.95122676472095, 284.44365081389583]
 time taken: 20.139518976211548 seconds
  ------------------------------------------------------
Selected action: [(82, 60), (56, 42), (45, 76), (71, 77)]
 from position [(57, 43), (45, 75), (83, 59), (70, 78)]
 with remaining budget [9.507575950825007, 16.294372515228623, 0.0, 283.0294372515227]
 time taken: 8.840881109237671 seconds
  ------------------------------------------------------
│  map 1  steps=11  dist=[272.21861553233884, 266.17291253866966, 314.23653413765317, 16.970562748477143]  rmse=0.15381371020329637  cov=3.51000018417
83524%  iou=0.23334043006174154  [2/50]
Selected action: [(83, 61), (55, 43), (44, 75), (70, 76)]
 from position [(82, 60), (56, 42), (45, 76), (71, 77)]
 with remaining budget [298.5857864376269, 298.5857864376269, 298.5857864376269, 298.5857864376269]
 time taken: 70.78038907051086 seconds
  ------------------------------------------------------
Selected action: [(84, 60), (56, 42), (43, 76), (69, 75)]
 from position [(83, 61), (55, 43), (44, 75), (70, 76)]
 with remaining budget [297.1715728752538, 297.1715728752538, 297.1715728752538, 297.1715728752538]
 time taken: 70.44349193572998 seconds
  ------------------------------------------------------
Selected action: [(86, 62), (58, 44), (42, 75), (66, 72)]
 from position [(84, 60), (56, 42), (43, 76), (69, 75)]
 with remaining budget [294.3431457505076, 294.3431457505076, 295.7573593128807, 292.9289321881345]
 time taken: 68.45677399635315 seconds
  ------------------------------------------------------
Selected action: [(63, 69), (88, 60), (56, 42), (44, 77)]
 from position [(86, 62), (58, 44), (42, 75), (66, 72)]
 with remaining budget [268.4436508138959, 257.71572875253804, 256.95836943965736, 268.85786437626905]
 time taken: 64.84090995788574 seconds
  ------------------------------------------------------
Selected action: [(57, 41), (87, 59), (61, 67), (43, 76)]
 from position [(63, 69), (88, 60), (56, 42), (44, 77)]
 with remaining budget [237.9583694396573, 256.30151519016493, 229.88730162779189, 267.44365081389594]
 time taken: 58.00456118583679 seconds
  ------------------------------------------------------
Selected action: [(59, 69), (58, 42), (86, 58), (44, 77)]
 from position [(57, 41), (87, 59), (61, 67), (43, 76)]
 with remaining budget [209.12994231491112, 220.25988462982232, 201.15937956643404, 266.02943725152284]
 time taken: 55.77966809272766 seconds
  ------------------------------------------------------
Selected action: [(85, 59), (57, 67), (57, 41), (43, 78)]
 from position [(59, 69), (58, 42), (86, 58), (44, 77)]
 with remaining budget [178.98780669118017, 194.84567106744922, 165.11774900609143, 264.61522368914973]
 time taken: 44.15962100028992 seconds
  ------------------------------------------------------
Selected action: [(56, 42), (84, 60), (55, 69), (44, 77)]
 from position [(85, 59), (57, 67), (57, 41), (43, 78)]
 with remaining budget [142.94617613083756, 164.94617613083756, 136.28932188134524, 263.2010101267766]
 time taken: 34.56612014770508 seconds
  ------------------------------------------------------
Selected action: [(57, 67), (57, 41), (85, 59), (45, 78)]
 from position [(56, 42), (84, 60), (55, 69), (44, 77)]
 with remaining budget [117.53196256846446, 130.07611844574876, 102.1471862576143, 261.7867965644035]
 time taken: 31.411309957504272 seconds
  ------------------------------------------------------
Selected action: [(84, 58), (58, 66), (56, 40), (46, 79)]
 from position [(57, 67), (57, 41), (85, 59), (45, 78)]
 with remaining budget [86.8040405071066, 104.66190488337567, 65.27712857252548, 260.3725830020304]
 time taken: 24.95721197128296 seconds
  ------------------------------------------------------
Selected action: [(57, 41), (83, 59), (56, 68), (47, 80)]
 from position [(84, 58), (58, 66), (56, 40), (46, 79)]
 with remaining budget [52.76240994676399, 76.762409946764, 37.277128572525484, 258.9583694396573]
 time taken: 19.556539058685303 seconds
  ------------------------------------------------------
Selected action: [(57, 69), (56, 40), (84, 60), (46, 81)]
 from position [(57, 41), (83, 59), (56, 68), (47, 80)]
 with remaining budget [24.762409946763988, 41.892352261675185, 5.963420073540725, 257.5441558772842]
 time taken: 10.449240922927856 seconds
  ------------------------------------------------------
Selected action: [(83, 61), (55, 67), (55, 39), (47, 80)]
 from position [(57, 69), (56, 40), (84, 60), (46, 81)]
 with remaining budget [0.0, 14.47813869930209, 0.0, 256.1299423149111]
 time taken: 2.8502981662750244 seconds
  ------------------------------------------------------
│  map 2  steps=13  dist=[288.4672580464031, 271.6294940351423, 313.06022113276714, 42.360018218580265]  rmse=0.15554130888156972  cov=4.1000001132488
25%  iou=0.2635947642864744  [3/50]
Selected action: [(82, 60), (54, 66), (56, 38), (46, 79)]
 from position [(83, 61), (55, 67), (55, 39), (47, 80)]
 with remaining budget [298.5857864376269, 298.5857864376269, 298.5857864376269, 298.5857864376269]
 time taken: 70.90948486328125 seconds
  ------------------------------------------------------
Selected action: [(80, 62), (55, 65), (55, 37), (47, 78)]
 from position [(82, 60), (54, 66), (56, 38), (46, 79)]
 with remaining budget [295.7573593128807, 297.1715728752538, 297.1715728752538, 297.1715728752538]
 time taken: 69.99454593658447 seconds
  ------------------------------------------------------
Selected action: [(78, 64), (53, 67), (56, 36), (48, 77)]
 from position [(80, 62), (55, 65), (55, 37), (47, 78)]
 with remaining budget [292.92893218813447, 294.3431457505076, 295.7573593128807, 295.7573593128807]
 time taken: 66.2067620754242 seconds
  ------------------------------------------------------
Selected action: [(77, 65), (52, 68), (57, 35), (49, 78)]
 from position [(78, 64), (53, 67), (56, 36), (48, 77)]
 with remaining budget [291.51471862576136, 292.92893218813447, 294.3431457505076, 294.3431457505076]
 time taken: 69.00101494789124 seconds
  ------------------------------------------------------
Selected action: [(78, 66), (53, 67), (58, 34), (48, 77)]
 from position [(77, 65), (52, 68), (57, 35), (49, 78)]
 with remaining budget [290.10050506338825, 291.51471862576136, 292.92893218813447, 292.92893218813447]
 time taken: 68.9125189781189 seconds
  ------------------------------------------------------
Selected action: [(80, 68), (51, 69), (59, 33), (46, 79)]
 from position [(78, 66), (53, 67), (58, 34), (48, 77)]
 with remaining budget [287.27207793864204, 288.68629150101515, 291.51471862576136, 290.10050506338825]
 time taken: 66.83045482635498 seconds
  ------------------------------------------------------
Selected action: [(81, 69), (50, 70), (45, 80), (58, 34)]
 from position [(80, 68), (51, 69), (59, 33), (46, 79)]
 with remaining budget [285.85786437626894, 287.27207793864204, 238.71572875253804, 240.12994231491112]
 time taken: 67.13754796981812 seconds
  ------------------------------------------------------
Selected action: [(43, 78), (56, 36), (83, 67), (48, 68)]
 from position [(81, 69), (50, 70), (45, 80), (58, 34)]
 with remaining budget [244.1299423149111, 250.78679656440346, 195.3309524416878, 201.98780669118017]
 time taken: 58.995763063430786 seconds
  ------------------------------------------------------
Selected action: [(85, 69), (49, 69), (42, 79), (55, 35)]
 from position [(43, 78), (56, 36), (83, 67), (48, 68)]
 with remaining budget [198.40202025355325, 214.8873016277918, 149.36038969321066, 166.0883117545685]
 time taken: 50.92654490470886 seconds
  ------------------------------------------------------
Selected action: [(43, 80), (56, 36), (86, 70), (48, 70)]
 from position [(85, 69), (49, 69), (42, 79), (55, 35)]
 with remaining budget [151.8456710674492, 178.98780669118014, 101.6324676318528, 128.18881681795685]
 time taken: 39.42387795448303 seconds
  ------------------------------------------------------
Selected action: [(87, 69), (47, 69), (44, 81), (55, 37)]
 from position [(43, 80), (56, 36), (86, 70), (48, 70)]
 with remaining budget [103.28932188134515, 142.2598846298223, 55.07611844574876, 92.28932188134519]
 time taken: 28.577202081680298 seconds
  ------------------------------------------------------
Selected action: [(43, 82), (54, 38), (88, 68), (46, 70)]
 from position [(87, 69), (47, 69), (44, 81), (55, 37)]
 with remaining budget [53.9045455704949, 108.36038969321064, 5.69134213489852, 55.56139981998733]
 time taken: 21.12960410118103 seconds
  ------------------------------------------------------
Selected action: [(87, 67), (43, 81), (47, 71), (55, 38)]
 from position [(43, 82), (54, 38), (88, 68), (46, 70)]
 with remaining budget [3.691342134898477, 60.80404050710659, 0.0, 19.83347775862947]
 time taken: 11.48938798904419 seconds
  ------------------------------------------------------
│  map 3  steps=13  dist=[277.2844319515681, 225.09222819781382, 315.7257691057924, 262.5205601177754]  rmse=0.08620720503090058  cov=4.14999984204769
1%  iou=0.3002296211251435  [4/50]
Selected action: [(88, 66), (42, 82), (48, 72), (54, 37)]
 from position [(87, 67), (43, 81), (47, 71), (55, 38)]
 with remaining budget [298.5857864376269, 298.5857864376269, 298.5857864376269, 298.5857864376269]
 time taken: 71.24337792396545 seconds
  ------------------------------------------------------
Selected action: [(89, 67), (41, 81), (49, 71), (53, 36)]
 from position [(88, 66), (42, 82), (48, 72), (54, 37)]
 with remaining budget [297.1715728752538, 297.1715728752538, 297.1715728752538, 297.1715728752538]
 time taken: 70.54699802398682 seconds
  ------------------------------------------------------
Selected action: [(88, 66), (40, 80), (48, 70), (54, 37)]
 from position [(89, 67), (41, 81), (49, 71), (53, 36)]
 with remaining budget [295.7573593128807, 295.7573593128807, 295.7573593128807, 295.7573593128807]
 time taken: 69.41808199882507 seconds
  ------------------------------------------------------
Selected action: [(87, 67), (41, 81), (47, 71), (53, 38)]
 from position [(88, 66), (40, 80), (48, 70), (54, 37)]
 with remaining budget [294.3431457505076, 294.3431457505076, 294.3431457505076, 294.3431457505076]
 time taken: 69.1731960773468 seconds
  ------------------------------------------------------
Selected action: [(86, 68), (40, 80), (48, 72), (54, 37)]
 from position [(87, 67), (41, 81), (47, 71), (53, 38)]
 with remaining budget [292.92893218813447, 292.92893218813447, 292.92893218813447, 292.92893218813447]
 time taken: 69.18470096588135 seconds
  ------------------------------------------------------
Selected action: [(85, 69), (41, 81), (49, 73), (55, 38)]
 from position [(86, 68), (40, 80), (48, 72), (54, 37)]
 with remaining budget [291.51471862576136, 291.51471862576136, 291.51471862576136, 291.51471862576136]
 time taken: 68.08682703971863 seconds
  ------------------------------------------------------
Selected action: [(84, 68), (42, 80), (50, 74), (54, 37)]
 from position [(85, 69), (41, 81), (49, 73), (55, 38)]
 with remaining budget [290.10050506338825, 290.10050506338825, 290.10050506338825, 290.10050506338825]
 time taken: 67.76993703842163 seconds
  ------------------------------------------------------
Selected action: [(85, 69), (41, 81), (49, 75), (53, 38)]
 from position [(84, 68), (42, 80), (50, 74), (54, 37)]
 with remaining budget [288.68629150101515, 288.68629150101515, 288.68629150101515, 288.68629150101515]
 time taken: 67.27815890312195 seconds
  ------------------------------------------------------
Selected action: [(86, 68), (42, 80), (48, 74), (52, 37)]
 from position [(85, 69), (41, 81), (49, 75), (53, 38)]
 with remaining budget [287.27207793864204, 287.27207793864204, 287.27207793864204, 287.27207793864204]
 time taken: 66.49432301521301 seconds
  ------------------------------------------------------
Selected action: [(85, 69), (43, 79), (49, 73), (53, 36)]
 from position [(86, 68), (42, 80), (48, 74), (52, 37)]
 with remaining budget [285.85786437626894, 285.85786437626894, 285.85786437626894, 285.85786437626894]
 time taken: 65.80727005004883 seconds
  ------------------------------------------------------
Selected action: [(86, 70), (42, 78), (50, 74), (52, 37)]
 from position [(85, 69), (43, 79), (49, 73), (53, 36)]
 with remaining budget [284.44365081389583, 284.44365081389583, 284.44365081389583, 284.44365081389583]
 time taken: 65.57654404640198 seconds
  ------------------------------------------------------
Selected action: [(87, 71), (41, 77), (51, 73), (51, 36)]
 from position [(86, 70), (42, 78), (50, 74), (52, 37)]
 with remaining budget [283.0294372515227, 283.0294372515227, 283.0294372515227, 283.0294372515227]
 time taken: 64.89574313163757 seconds
  ------------------------------------------------------
Selected action: [(86, 70), (42, 78), (50, 74), (50, 35)]
 from position [(87, 71), (41, 77), (51, 73), (51, 36)]
 with remaining budget [281.6152236891496, 281.6152236891496, 281.6152236891496, 281.6152236891496]
 time taken: 64.7096037864685 seconds
  ------------------------------------------------------
Selected action: [(85, 69), (41, 79), (49, 75), (51, 34)]
 from position [(86, 70), (42, 78), (50, 74), (50, 35)]
 with remaining budget [280.2010101267765, 280.2010101267765, 280.2010101267765, 280.2010101267765]
 time taken: 64.19190502166748 seconds
  ------------------------------------------------------
Selected action: [(86, 70), (40, 80), (50, 76), (52, 35)]
 from position [(85, 69), (41, 79), (49, 75), (51, 34)]
 with remaining budget [278.7867965644034, 278.7867965644034, 278.7867965644034, 278.7867965644034]
 time taken: 63.98363995552063 seconds
  ------------------------------------------------------
Selected action: [(87, 69), (39, 79), (49, 77), (51, 34)]
 from position [(86, 70), (40, 80), (50, 76), (52, 35)]
 with remaining budget [277.3725830020303, 277.3725830020303, 277.3725830020303, 277.3725830020303]
 time taken: 62.60858416557312 seconds
  ------------------------------------------------------
Selected action: [(86, 68), (38, 78), (48, 76), (50, 35)]
 from position [(87, 69), (39, 79), (49, 77), (51, 34)]
 with remaining budget [275.9583694396572, 275.9583694396572, 275.9583694396572, 275.9583694396572]
 time taken: 61.87870717048645 seconds
  ------------------------------------------------------
Selected action: [(87, 67), (37, 77), (49, 75), (51, 34)]
 from position [(86, 68), (38, 78), (48, 76), (50, 35)]
 with remaining budget [274.5441558772841, 274.5441558772841, 274.5441558772841, 274.5441558772841]
 time taken: 61.46055722236633 seconds
  ------------------------------------------------------
Selected action: [(86, 66), (38, 78), (48, 76), (52, 33)]
 from position [(87, 67), (37, 77), (49, 75), (51, 34)]
 with remaining budget [273.129942314911, 273.129942314911, 273.129942314911, 273.129942314911]
 time taken: 61.00050687789917 seconds
  ------------------------------------------------------
Selected action: [(85, 65), (37, 77), (47, 75), (53, 32)]
 from position [(86, 66), (38, 78), (48, 76), (52, 33)]
 with remaining budget [271.71572875253787, 271.71572875253787, 271.71572875253787, 271.71572875253787]
 time taken: 60.96647310256958 seconds
  ------------------------------------------------------
Selected action: [(86, 66), (38, 78), (48, 76), (52, 33)]
 from position [(85, 65), (37, 77), (47, 75), (53, 32)]
 with remaining budget [270.30151519016476, 270.30151519016476, 270.30151519016476, 270.30151519016476]
 time taken: 60.30888891220093 seconds
  ------------------------------------------------------
Selected action: [(85, 67), (37, 79), (49, 75), (51, 32)]
 from position [(86, 66), (38, 78), (48, 76), (52, 33)]
 with remaining budget [268.88730162779166, 268.88730162779166, 268.88730162779166, 268.88730162779166]
 time taken: 59.910062074661255 seconds
  ------------------------------------------------------
Selected action: [(86, 66), (36, 80), (48, 74), (50, 31)]
 from position [(85, 67), (37, 79), (49, 75), (51, 32)]
 with remaining budget [267.47308806541855, 267.47308806541855, 267.47308806541855, 267.47308806541855]
 time taken: 59.28592491149902 seconds
  ------------------------------------------------------
Selected action: [(85, 67), (37, 81), (47, 73), (51, 30)]
 from position [(86, 66), (36, 80), (48, 74), (50, 31)]
 with remaining budget [266.05887450304544, 266.05887450304544, 266.05887450304544, 266.05887450304544]
 time taken: 59.13277983665466 seconds
  ------------------------------------------------------
Selected action: [(86, 66), (36, 80), (46, 74), (50, 31)]
 from position [(85, 67), (37, 81), (47, 73), (51, 30)]
 with remaining budget [264.64466094067234, 264.64466094067234, 264.64466094067234, 264.64466094067234]
 time taken: 58.61271810531616 seconds
  ------------------------------------------------------
Selected action: [(87, 67), (35, 81), (47, 75), (51, 32)]
 from position [(86, 66), (36, 80), (46, 74), (50, 31)]
 with remaining budget [263.23044737829923, 263.23044737829923, 263.23044737829923, 263.23044737829923]
 time taken: 58.33314085006714 seconds
  ------------------------------------------------------
Selected action: [(88, 66), (34, 82), (48, 74), (50, 31)]
 from position [(87, 67), (35, 81), (47, 75), (51, 32)]
 with remaining budget [261.8162338159261, 261.8162338159261, 261.8162338159261, 261.8162338159261]
 time taken: 57.78933000564575 seconds
  ------------------------------------------------------
Selected action: [(87, 67), (35, 81), (47, 73), (49, 32)]
 from position [(88, 66), (34, 82), (48, 74), (50, 31)]
 with remaining budget [260.402020253553, 260.402020253553, 260.402020253553, 260.402020253553]
 time taken: 56.88763999938965 seconds
  ------------------------------------------------------
Selected action: [(88, 66), (34, 80), (46, 74), (48, 33)]
 from position [(87, 67), (35, 81), (47, 73), (49, 32)]
 with remaining budget [258.9878066911799, 258.9878066911799, 258.9878066911799, 258.9878066911799]
 time taken: 56.30426502227783 seconds
  ------------------------------------------------------
Selected action: [(89, 65), (35, 79), (45, 75), (47, 34)]
 from position [(88, 66), (34, 80), (46, 74), (48, 33)]
 with remaining budget [257.5735931288068, 257.5735931288068, 257.5735931288068, 257.5735931288068]
 time taken: 56.21709895133972 seconds
  ------------------------------------------------------
Selected action: [(90, 64), (34, 80), (44, 76), (46, 33)]
 from position [(89, 65), (35, 79), (45, 75), (47, 34)]
 with remaining budget [256.1593795664337, 256.1593795664337, 256.1593795664337, 256.1593795664337]
 time taken: 55.594462156295776 seconds
  ------------------------------------------------------
Selected action: [(91, 65), (33, 79), (43, 75), (47, 34)]
 from position [(90, 64), (34, 80), (44, 76), (46, 33)]
 with remaining budget [254.7451660040606, 254.7451660040606, 254.7451660040606, 254.7451660040606]
 time taken: 55.89537692070007 seconds
  ------------------------------------------------------
Selected action: [(90, 66), (32, 78), (42, 76), (48, 33)]
 from position [(91, 65), (33, 79), (43, 75), (47, 34)]
 with remaining budget [253.3309524416875, 253.3309524416875, 253.3309524416875, 253.3309524416875]
 time taken: 54.35161304473877 seconds
  ------------------------------------------------------
Selected action: [(89, 67), (33, 79), (41, 75), (49, 32)]
 from position [(90, 66), (32, 78), (42, 76), (48, 33)]
 with remaining budget [251.91673887931438, 251.91673887931438, 251.91673887931438, 251.91673887931438]
 time taken: 53.81079602241516 seconds
  ------------------------------------------------------
Selected action: [(88, 68), (32, 78), (40, 74), (48, 31)]
 from position [(89, 67), (33, 79), (41, 75), (49, 32)]
 with remaining budget [250.50252531694127, 250.50252531694127, 250.50252531694127, 250.50252531694127]
 time taken: 53.40712285041809 seconds
  ------------------------------------------------------
Selected action: [(87, 69), (33, 79), (39, 75), (47, 30)]
 from position [(88, 68), (32, 78), (40, 74), (48, 31)]
 with remaining budget [249.08831175456817, 249.08831175456817, 249.08831175456817, 249.08831175456817]
 time taken: 52.79020690917969 seconds
  ------------------------------------------------------
Selected action: [(86, 70), (34, 80), (38, 76), (46, 29)]
 from position [(87, 69), (33, 79), (39, 75), (47, 30)]
 with remaining budget [247.67409819219506, 247.67409819219506, 247.67409819219506, 247.67409819219506]
 time taken: 52.76622295379639 seconds
  ------------------------------------------------------
Selected action: [(87, 69), (33, 79), (39, 75), (45, 28)]
 from position [(86, 70), (34, 80), (38, 76), (46, 29)]
 with remaining budget [246.25988462982195, 246.25988462982195, 246.25988462982195, 246.25988462982195]
 time taken: 52.2889940738678 seconds
  ------------------------------------------------------
Selected action: [(86, 70), (32, 78), (38, 74), (46, 29)]
 from position [(87, 69), (33, 79), (39, 75), (45, 28)]
 with remaining budget [244.84567106744885, 244.84567106744885, 244.84567106744885, 244.84567106744885]
 time taken: 51.494696855545044 seconds
  ------------------------------------------------------
Selected action: [(85, 71), (31, 79), (37, 75), (45, 30)]
 from position [(86, 70), (32, 78), (38, 74), (46, 29)]
 with remaining budget [243.43145750507574, 243.43145750507574, 243.43145750507574, 243.43145750507574]
 time taken: 50.81780791282654 seconds
  ------------------------------------------------------
Selected action: [(84, 72), (30, 78), (38, 76), (46, 31)]
 from position [(85, 71), (31, 79), (37, 75), (45, 30)]
 with remaining budget [242.01724394270263, 242.01724394270263, 242.01724394270263, 242.01724394270263]
 time taken: 50.82427406311035 seconds
  ------------------------------------------------------
Selected action: [(83, 71), (29, 79), (39, 75), (47, 32)]
 from position [(84, 72), (30, 78), (38, 76), (46, 31)]
 with remaining budget [240.60303038032953, 240.60303038032953, 240.60303038032953, 240.60303038032953]
 time taken: 50.44876503944397 seconds
  ------------------------------------------------------
Selected action: [(84, 70), (30, 80), (38, 74), (46, 33)]
 from position [(83, 71), (29, 79), (39, 75), (47, 32)]
 with remaining budget [239.18881681795642, 239.18881681795642, 239.18881681795642, 239.18881681795642]
 time taken: 50.08954095840454 seconds
  ------------------------------------------------------
Selected action: [(85, 71), (31, 81), (39, 73), (45, 32)]
 from position [(84, 70), (30, 80), (38, 74), (46, 33)]
 with remaining budget [237.77460325558332, 237.77460325558332, 237.77460325558332, 237.77460325558332]
 time taken: 49.46605706214905 seconds
  ------------------------------------------------------
Selected action: [(86, 72), (32, 82), (40, 74), (46, 33)]
 from position [(85, 71), (31, 81), (39, 73), (45, 32)]
 with remaining budget [236.3603896932102, 236.3603896932102, 236.3603896932102, 236.3603896932102]
 time taken: 49.048521995544434 seconds
  ------------------------------------------------------
Selected action: [(87, 71), (33, 81), (41, 73), (45, 34)]
 from position [(86, 72), (32, 82), (40, 74), (46, 33)]
 with remaining budget [234.9461761308371, 234.9461761308371, 234.9461761308371, 234.9461761308371]
 time taken: 48.629156827926636 seconds
  ------------------------------------------------------
Selected action: [(86, 70), (34, 82), (42, 74), (46, 35)]
 from position [(87, 71), (33, 81), (41, 73), (45, 34)]
 with remaining budget [233.531962568464, 233.531962568464, 233.531962568464, 233.531962568464]
 time taken: 48.1852331161499 seconds
  ------------------------------------------------------
Selected action: [(87, 71), (35, 83), (43, 73), (45, 36)]
 from position [(86, 70), (34, 82), (42, 74), (46, 35)]
 with remaining budget [232.1177490060909, 232.1177490060909, 232.1177490060909, 232.1177490060909]
 time taken: 47.53365206718445 seconds
  ------------------------------------------------------
Selected action: [(86, 70), (36, 82), (42, 74), (46, 37)]
 from position [(87, 71), (35, 83), (43, 73), (45, 36)]
 with remaining budget [230.70353544371778, 230.70353544371778, 230.70353544371778, 230.70353544371778]
 time taken: 47.57695984840393 seconds
  ------------------------------------------------------
Selected action: [(85, 71), (35, 81), (41, 75), (47, 36)]
 from position [(86, 70), (36, 82), (42, 74), (46, 37)]
 with remaining budget [229.28932188134468, 229.28932188134468, 229.28932188134468, 229.28932188134468]
 time taken: 46.745447874069214 seconds
  ------------------------------------------------------
Selected action: [(86, 70), (34, 82), (42, 76), (48, 35)]
 from position [(85, 71), (35, 81), (41, 75), (47, 36)]
 with remaining budget [229.28932188134468, 229.28932188134468, 229.28932188134468, 229.28932188134468]
 time taken: 47.02985405921936 seconds
  ------------------------------------------------------
Selected action: [(85, 71), (33, 83), (43, 77), (49, 34)]
 from position [(86, 70), (34, 82), (42, 76), (48, 35)]
 with remaining budget [227.87510831897157, 227.87510831897157, 227.87510831897157, 227.87510831897157]
 time taken: 46.46635603904724 seconds
  ------------------------------------------------------
Selected action: [(86, 70), (32, 82), (44, 76), (50, 33)]
 from position [(85, 71), (33, 83), (43, 77), (49, 34)]
 with remaining budget [226.46089475659846, 226.46089475659846, 226.46089475659846, 226.46089475659846]
 time taken: 46.11923003196716 seconds
  ------------------------------------------------------
Selected action: [(85, 69), (33, 83), (45, 77), (49, 32)]
 from position [(86, 70), (32, 82), (44, 76), (50, 33)]
 with remaining budget [225.04668119422536, 225.04668119422536, 225.04668119422536, 225.04668119422536]
 time taken: 45.83015203475952 seconds
  ------------------------------------------------------
Selected action: [(86, 68), (34, 82), (46, 78), (48, 33)]
 from position [(85, 69), (33, 83), (45, 77), (49, 32)]
 with remaining budget [223.63246763185225, 223.63246763185225, 223.63246763185225, 223.63246763185225]
 time taken: 45.27912497520447 seconds
  ------------------------------------------------------
Selected action: [(85, 69), (35, 83), (47, 79), (49, 34)]
 from position [(86, 68), (34, 82), (46, 78), (48, 33)]
 with remaining budget [222.21825406947914, 222.21825406947914, 222.21825406947914, 222.21825406947914]
 time taken: 44.782110929489136 seconds
  ------------------------------------------------------
Selected action: [(84, 70), (34, 82), (46, 80), (48, 33)]
 from position [(85, 69), (35, 83), (47, 79), (49, 34)]
 with remaining budget [220.80404050710604, 220.80404050710604, 220.80404050710604, 220.80404050710604]
 time taken: 44.56985020637512 seconds
  ------------------------------------------------------
Selected action: [(83, 69), (35, 83), (45, 81), (47, 32)]
 from position [(84, 70), (34, 82), (46, 80), (48, 33)]
 with remaining budget [219.38982694473293, 219.38982694473293, 219.38982694473293, 219.38982694473293]
 time taken: 43.92315697669983 seconds
  ------------------------------------------------------
Selected action: [(82, 70), (34, 82), (44, 82), (46, 31)]
 from position [(83, 69), (35, 83), (45, 81), (47, 32)]
 with remaining budget [217.97561338235982, 217.97561338235982, 217.97561338235982, 217.97561338235982]
 time taken: 43.935341119766235 seconds
  ------------------------------------------------------
Selected action: [(83, 69), (33, 81), (43, 81), (47, 32)]
 from position [(82, 70), (34, 82), (44, 82), (46, 31)]
 with remaining budget [216.56139981998672, 216.56139981998672, 216.56139981998672, 216.56139981998672]
 time taken: 43.40160393714905 seconds
  ------------------------------------------------------
Selected action: [(84, 68), (34, 80), (44, 80), (46, 31)]
 from position [(83, 69), (33, 81), (43, 81), (47, 32)]
 with remaining budget [215.1471862576136, 215.1471862576136, 215.1471862576136, 215.1471862576136]
 time taken: 43.263938903808594 seconds
  ------------------------------------------------------
Selected action: [(85, 67), (33, 79), (45, 79), (47, 30)]
 from position [(84, 68), (34, 80), (44, 80), (46, 31)]
 with remaining budget [213.7329726952405, 213.7329726952405, 213.7329726952405, 213.7329726952405]
 time taken: 42.610756158828735 seconds
  ------------------------------------------------------
Selected action: [(84, 68), (32, 80), (44, 80), (46, 31)]
 from position [(85, 67), (33, 79), (45, 79), (47, 30)]
 with remaining budget [212.3187591328674, 212.3187591328674, 212.3187591328674, 212.3187591328674]
 time taken: 42.10231804847717 seconds
  ------------------------------------------------------
Selected action: [(83, 69), (33, 79), (43, 79), (45, 30)]
 from position [(84, 68), (32, 80), (44, 80), (46, 31)]
 with remaining budget [210.9045455704943, 210.9045455704943, 210.9045455704943, 210.9045455704943]
 time taken: 41.79713988304138 seconds
  ------------------------------------------------------
Selected action: [(84, 68), (34, 78), (44, 80), (44, 29)]
 from position [(83, 69), (33, 79), (43, 79), (45, 30)]
 with remaining budget [209.4903320081212, 209.4903320081212, 209.4903320081212, 209.4903320081212]
 time taken: 41.653740882873535 seconds
  ------------------------------------------------------
Selected action: [(83, 67), (35, 77), (43, 79), (45, 30)]
 from position [(84, 68), (34, 78), (44, 80), (44, 29)]
 with remaining budget [208.07611844574808, 208.07611844574808, 208.07611844574808, 208.07611844574808]
 time taken: 40.992483139038086 seconds
  ------------------------------------------------------
Selected action: [(84, 68), (34, 78), (42, 78), (46, 31)]
 from position [(83, 67), (35, 77), (43, 79), (45, 30)]
 with remaining budget [206.66190488337497, 206.66190488337497, 206.66190488337497, 206.66190488337497]
 time taken: 40.662355184555054 seconds
  ------------------------------------------------------
Selected action: [(85, 67), (33, 79), (41, 79), (47, 30)]
 from position [(84, 68), (34, 78), (42, 78), (46, 31)]
 with remaining budget [205.24769132100187, 205.24769132100187, 205.24769132100187, 205.24769132100187]
 time taken: 40.614511013031006 seconds
  ------------------------------------------------------
Selected action: [(86, 68), (32, 78), (40, 80), (48, 31)]
 from position [(85, 67), (33, 79), (41, 79), (47, 30)]
 with remaining budget [203.83347775862876, 203.83347775862876, 203.83347775862876, 203.83347775862876]
 time taken: 40.16003680229187 seconds
  ------------------------------------------------------
Selected action: [(85, 67), (33, 77), (41, 81), (47, 32)]
 from position [(86, 68), (32, 78), (40, 80), (48, 31)]
 with remaining budget [202.41926419625565, 202.41926419625565, 202.41926419625565, 202.41926419625565]
 time taken: 39.38070893287659 seconds
  ------------------------------------------------------
Selected action: [(86, 66), (32, 76), (40, 82), (46, 33)]
 from position [(85, 67), (33, 77), (41, 81), (47, 32)]
 with remaining budget [201.00505063388255, 201.00505063388255, 201.00505063388255, 201.00505063388255]
 time taken: 39.028287172317505 seconds
  ------------------------------------------------------
Selected action: [(85, 65), (33, 75), (41, 83), (45, 34)]
 from position [(86, 66), (32, 76), (40, 82), (46, 33)]
 with remaining budget [199.59083707150944, 199.59083707150944, 199.59083707150944, 199.59083707150944]
 time taken: 39.01003384590149 seconds
  ------------------------------------------------------
Selected action: [(84, 64), (34, 76), (42, 82), (46, 35)]
 from position [(85, 65), (33, 75), (41, 83), (45, 34)]
 with remaining budget [198.17662350913633, 198.17662350913633, 198.17662350913633, 198.17662350913633]
 time taken: 38.45825791358948 seconds
  ------------------------------------------------------
Selected action: [(83, 63), (35, 75), (41, 81), (45, 34)]
 from position [(84, 64), (34, 76), (42, 82), (46, 35)]
 with remaining budget [196.76240994676323, 196.76240994676323, 196.76240994676323, 196.76240994676323]
 time taken: 38.17947483062744 seconds
  ------------------------------------------------------
Selected action: [(84, 64), (36, 74), (42, 82), (44, 33)]
 from position [(83, 63), (35, 75), (41, 81), (45, 34)]
 with remaining budget [195.34819638439012, 195.34819638439012, 195.34819638439012, 195.34819638439012]
 time taken: 37.63331604003906 seconds
  ------------------------------------------------------
Selected action: [(85, 65), (35, 73), (41, 81), (45, 34)]
 from position [(84, 64), (36, 74), (42, 82), (44, 33)]
 with remaining budget [193.93398282201701, 193.93398282201701, 193.93398282201701, 193.93398282201701]
 time taken: 37.44300103187561 seconds
  ------------------------------------------------------
Selected action: [(84, 64), (34, 72), (42, 80), (46, 35)]
 from position [(85, 65), (35, 73), (41, 81), (45, 34)]
 with remaining budget [192.5197692596439, 192.5197692596439, 192.5197692596439, 192.5197692596439]
 time taken: 36.984190940856934 seconds
  ------------------------------------------------------
Selected action: [(85, 63), (35, 71), (41, 81), (47, 34)]
 from position [(84, 64), (34, 72), (42, 80), (46, 35)]
 with remaining budget [191.1055556972708, 191.1055556972708, 191.1055556972708, 191.1055556972708]
 time taken: 37.047621965408325 seconds
  ------------------------------------------------------
Selected action: [(86, 62), (36, 72), (40, 82), (48, 33)]
 from position [(85, 63), (35, 71), (41, 81), (47, 34)]
 with remaining budget [189.6913421348977, 189.6913421348977, 189.6913421348977, 189.6913421348977]
 time taken: 36.403918981552124 seconds
  ------------------------------------------------------
Selected action: [(85, 61), (35, 71), (39, 83), (49, 34)]
 from position [(86, 62), (36, 72), (40, 82), (48, 33)]
 with remaining budget [188.2771285725246, 188.2771285725246, 188.2771285725246, 188.2771285725246]
 time taken: 36.09851813316345 seconds
  ------------------------------------------------------
Selected action: [(84, 60), (34, 72), (40, 84), (48, 33)]
 from position [(85, 61), (35, 71), (39, 83), (49, 34)]
 with remaining budget [186.86291501015148, 186.86291501015148, 186.86291501015148, 186.86291501015148]
 time taken: 35.853976011276245 seconds
  ------------------------------------------------------
Selected action: [(83, 59), (35, 73), (39, 83), (49, 32)]
 from position [(84, 60), (34, 72), (40, 84), (48, 33)]
 with remaining budget [185.44870144777838, 185.44870144777838, 185.44870144777838, 185.44870144777838]
 time taken: 35.382142066955566 seconds
  ------------------------------------------------------
Selected action: [(84, 58), (36, 74), (38, 82), (48, 33)]
 from position [(83, 59), (35, 73), (39, 83), (49, 32)]
 with remaining budget [184.03448788540527, 184.03448788540527, 184.03448788540527, 184.03448788540527]
 time taken: 35.376744985580444 seconds
  ------------------------------------------------------
Selected action: [(83, 59), (35, 75), (39, 83), (49, 34)]
 from position [(84, 58), (36, 74), (38, 82), (48, 33)]
 with remaining budget [182.62027432303216, 182.62027432303216, 182.62027432303216, 182.62027432303216]
 time taken: 34.94742012023926 seconds
  ------------------------------------------------------
Selected action: [(82, 60), (34, 76), (40, 84), (50, 33)]
 from position [(83, 59), (35, 75), (39, 83), (49, 34)]
 with remaining budget [182.62027432303216, 182.62027432303216, 182.62027432303216, 182.62027432303216]
 time taken: 34.93335700035095 seconds
  ------------------------------------------------------
Selected action: [(83, 61), (33, 77), (39, 85), (49, 32)]
 from position [(82, 60), (34, 76), (40, 84), (50, 33)]
 with remaining budget [181.20606076065906, 181.20606076065906, 181.20606076065906, 181.20606076065906]
 time taken: 34.75941205024719 seconds
  ------------------------------------------------------
Selected action: [(84, 62), (32, 78), (40, 84), (48, 33)]
 from position [(83, 61), (33, 77), (39, 85), (49, 32)]
 with remaining budget [179.79184719828595, 179.79184719828595, 179.79184719828595, 179.79184719828595]
 time taken: 34.33012890815735 seconds
  ------------------------------------------------------
Selected action: [(83, 63), (33, 79), (39, 83), (49, 34)]
 from position [(84, 62), (32, 78), (40, 84), (48, 33)]
 with remaining budget [178.37763363591284, 178.37763363591284, 178.37763363591284, 178.37763363591284]
 time taken: 33.96596717834473 seconds
  ------------------------------------------------------
Selected action: [(84, 62), (32, 80), (38, 82), (50, 35)]
 from position [(83, 63), (33, 79), (39, 83), (49, 34)]
 with remaining budget [176.96342007353974, 176.96342007353974, 176.96342007353974, 176.96342007353974]
 time taken: 33.76855397224426 seconds
  ------------------------------------------------------
Selected action: [(83, 61), (33, 81), (39, 81), (49, 36)]
 from position [(84, 62), (32, 80), (38, 82), (50, 35)]
 with remaining budget [175.54920651116663, 175.54920651116663, 175.54920651116663, 175.54920651116663]
 time taken: 33.27350091934204 seconds
  ------------------------------------------------------
Selected action: [(82, 62), (32, 82), (40, 80), (50, 37)]
 from position [(83, 61), (33, 81), (39, 81), (49, 36)]
 with remaining budget [174.13499294879352, 174.13499294879352, 174.13499294879352, 174.13499294879352]
 time taken: 33.24640512466431 seconds
  ------------------------------------------------------
Selected action: [(83, 63), (31, 83), (39, 79), (51, 38)]
 from position [(82, 62), (32, 82), (40, 80), (50, 37)]
 with remaining budget [172.72077938642042, 172.72077938642042, 172.72077938642042, 172.72077938642042]
 time taken: 32.60199308395386 seconds
  ------------------------------------------------------
Selected action: [(82, 64), (32, 82), (40, 78), (52, 39)]
 from position [(83, 63), (31, 83), (39, 79), (51, 38)]
 with remaining budget [171.3065658240473, 171.3065658240473, 171.3065658240473, 171.3065658240473]
 time taken: 32.3639280796051 seconds
  ------------------------------------------------------
Selected action: [(81, 63), (31, 83), (41, 79), (51, 40)]
 from position [(82, 64), (32, 82), (40, 78), (52, 39)]
 with remaining budget [169.8923522616742, 169.8923522616742, 169.8923522616742, 169.8923522616742]
 time taken: 32.308778047561646 seconds
  ------------------------------------------------------
Selected action: [(80, 62), (30, 82), (40, 80), (52, 39)]
 from position [(81, 63), (31, 83), (41, 79), (51, 40)]
 with remaining budget [168.4781386993011, 168.4781386993011, 168.4781386993011, 168.4781386993011]
 time taken: 31.77866005897522 seconds
  ------------------------------------------------------
Selected action: [(81, 63), (31, 81), (41, 79), (53, 38)]
 from position [(80, 62), (30, 82), (40, 80), (52, 39)]
 with remaining budget [167.063925136928, 167.063925136928, 167.063925136928, 167.063925136928]
 time taken: 31.665421962738037 seconds
  ------------------------------------------------------
Selected action: [(82, 62), (30, 82), (40, 80), (52, 37)]
 from position [(81, 63), (31, 81), (41, 79), (53, 38)]
 with remaining budget [167.063925136928, 167.063925136928, 167.063925136928, 167.063925136928]
 time taken: 31.497761011123657 seconds
  ------------------------------------------------------
Selected action: [(83, 61), (29, 81), (39, 81), (51, 36)]
 from position [(82, 62), (30, 82), (40, 80), (52, 37)]
 with remaining budget [165.64971157455489, 165.64971157455489, 165.64971157455489, 165.64971157455489]
 time taken: 31.351780891418457 seconds
  ------------------------------------------------------
Selected action: [(84, 62), (28, 80), (40, 82), (52, 37)]
 from position [(83, 61), (29, 81), (39, 81), (51, 36)]
 with remaining budget [164.23549801218178, 164.23549801218178, 164.23549801218178, 164.23549801218178]
 time taken: 31.101228952407837 seconds
  ------------------------------------------------------
Selected action: [(83, 61), (29, 79), (41, 83), (53, 36)]
 from position [(84, 62), (28, 80), (40, 82), (52, 37)]
 with remaining budget [162.82128444980867, 162.82128444980867, 162.82128444980867, 162.82128444980867]
 time taken: 30.845144987106323 seconds
  ------------------------------------------------------
Selected action: [(84, 60), (30, 78), (42, 84), (52, 37)]
 from position [(83, 61), (29, 79), (41, 83), (53, 36)]
 with remaining budget [161.40707088743557, 161.40707088743557, 161.40707088743557, 161.40707088743557]
 time taken: 30.54704999923706 seconds
  ------------------------------------------------------
Selected action: [(85, 61), (31, 79), (41, 83), (53, 36)]
 from position [(84, 60), (30, 78), (42, 84), (52, 37)]
 with remaining budget [159.99285732506246, 159.99285732506246, 159.99285732506246, 159.99285732506246]
 time taken: 30.15704607963562 seconds
  ------------------------------------------------------
Selected action: [(86, 60), (30, 78), (40, 84), (52, 35)]
 from position [(85, 61), (31, 79), (41, 83), (53, 36)]
 with remaining budget [158.57864376268935, 158.57864376268935, 158.57864376268935, 158.57864376268935]
 time taken: 30.053148984909058 seconds
  ------------------------------------------------------
Selected action: [(85, 59), (31, 77), (41, 83), (53, 34)]
 from position [(86, 60), (30, 78), (40, 84), (52, 35)]
 with remaining budget [158.57864376268935, 158.57864376268935, 158.57864376268935, 158.57864376268935]
 time taken: 29.825312852859497 seconds
  ------------------------------------------------------
Selected action: [(86, 60), (30, 78), (40, 84), (52, 33)]
 from position [(85, 59), (31, 77), (41, 83), (53, 34)]
 with remaining budget [157.16443020031625, 157.16443020031625, 157.16443020031625, 157.16443020031625]
 time taken: 29.58984899520874 seconds
  ------------------------------------------------------
Selected action: [(85, 59), (29, 77), (39, 85), (51, 32)]
 from position [(86, 60), (30, 78), (40, 84), (52, 33)]
 with remaining budget [155.75021663794314, 155.75021663794314, 155.75021663794314, 155.75021663794314]
 time taken: 29.411202907562256 seconds
  ------------------------------------------------------
Selected action: [(84, 58), (30, 78), (38, 84), (52, 31)]
 from position [(85, 59), (29, 77), (39, 85), (51, 32)]
 with remaining budget [154.33600307557003, 154.33600307557003, 154.33600307557003, 154.33600307557003]
 time taken: 29.012564182281494 seconds
  ------------------------------------------------------
Selected action: [(83, 57), (31, 79), (39, 83), (51, 32)]
 from position [(84, 58), (30, 78), (38, 84), (52, 31)]
 with remaining budget [152.92178951319693, 152.92178951319693, 152.92178951319693, 152.92178951319693]
 time taken: 28.872244834899902 seconds
  ------------------------------------------------------
Selected action: [(84, 58), (30, 80), (38, 84), (52, 31)]
 from position [(83, 57), (31, 79), (39, 83), (51, 32)]
 with remaining budget [151.50757595082382, 151.50757595082382, 151.50757595082382, 151.50757595082382]
 time taken: 28.465255975723267 seconds
  ------------------------------------------------------
Selected action: [(85, 57), (31, 79), (37, 83), (53, 32)]
 from position [(84, 58), (30, 80), (38, 84), (52, 31)]
 with remaining budget [151.50757595082382, 151.50757595082382, 151.50757595082382, 151.50757595082382]
 time taken: 28.457531929016113 seconds
  ------------------------------------------------------
Selected action: [(86, 56), (32, 78), (36, 84), (52, 33)]
 from position [(85, 57), (31, 79), (37, 83), (53, 32)]
 with remaining budget [150.0933623884507, 150.0933623884507, 150.0933623884507, 150.0933623884507]
 time taken: 28.209973096847534 seconds
  ------------------------------------------------------
Selected action: [(85, 55), (33, 77), (35, 85), (53, 32)]
 from position [(86, 56), (32, 78), (36, 84), (52, 33)]
 with remaining budget [148.6791488260776, 148.6791488260776, 148.6791488260776, 148.6791488260776]
 time taken: 28.61013388633728 seconds
  ------------------------------------------------------
Selected action: [(86, 54), (32, 76), (34, 84), (52, 31)]
 from position [(85, 55), (33, 77), (35, 85), (53, 32)]
 with remaining budget [147.2649352637045, 147.2649352637045, 147.2649352637045, 147.2649352637045]
 time taken: 27.969582080841064 seconds
  ------------------------------------------------------
Selected action: [(87, 53), (33, 75), (33, 85), (53, 32)]
 from position [(86, 54), (32, 76), (34, 84), (52, 31)]
 with remaining budget [145.8507217013314, 145.8507217013314, 145.8507217013314, 145.8507217013314]
 time taken: 27.846478939056396 seconds
  ------------------------------------------------------
Selected action: [(88, 52), (32, 76), (34, 84), (54, 33)]
 from position [(87, 53), (33, 75), (33, 85), (53, 32)]
 with remaining budget [144.4365081389583, 144.4365081389583, 144.4365081389583, 144.4365081389583]
 time taken: 27.77130889892578 seconds
  ------------------------------------------------------
Selected action: [(87, 53), (33, 75), (35, 83), (55, 32)]
 from position [(88, 52), (32, 76), (34, 84), (54, 33)]
 with remaining budget [143.02229457658518, 143.02229457658518, 143.02229457658518, 143.02229457658518]
 time taken: 27.364409923553467 seconds
  ------------------------------------------------------
Selected action: [(88, 52), (34, 74), (36, 82), (54, 31)]
 from position [(87, 53), (33, 75), (35, 83), (55, 32)]
 with remaining budget [141.60808101421208, 141.60808101421208, 141.60808101421208, 141.60808101421208]
 time taken: 26.84747004508972 seconds
  ------------------------------------------------------
Selected action: [(89, 53), (33, 75), (35, 83), (55, 30)]
 from position [(88, 52), (34, 74), (36, 82), (54, 31)]
 with remaining budget [140.19386745183897, 140.19386745183897, 140.19386745183897, 140.19386745183897]
 time taken: 26.518493175506592 seconds
  ------------------------------------------------------
Selected action: [(88, 52), (34, 76), (36, 82), (54, 29)]
 from position [(89, 53), (33, 75), (35, 83), (55, 30)]
 with remaining budget [138.77965388946586, 138.77965388946586, 138.77965388946586, 138.77965388946586]
 time taken: 26.599766969680786 seconds
  ------------------------------------------------------
Selected action: [(87, 51), (33, 77), (37, 83), (53, 30)]
 from position [(88, 52), (34, 76), (36, 82), (54, 29)]
 with remaining budget [137.36544032709276, 137.36544032709276, 137.36544032709276, 137.36544032709276]
 time taken: 26.119433879852295 seconds
  ------------------------------------------------------
Selected action: [(88, 50), (32, 76), (38, 82), (52, 29)]
 from position [(87, 51), (33, 77), (37, 83), (53, 30)]
 with remaining budget [135.95122676471965, 135.95122676471965, 135.95122676471965, 135.95122676471965]
 time taken: 26.09536600112915 seconds
  ------------------------------------------------------
Selected action: [(89, 49), (31, 77), (37, 83), (51, 30)]
 from position [(88, 50), (32, 76), (38, 82), (52, 29)]
 with remaining budget [134.53701320234654, 134.53701320234654, 134.53701320234654, 134.53701320234654]
 time taken: 25.558024168014526 seconds
  ------------------------------------------------------
Selected action: [(90, 50), (32, 78), (38, 82), (52, 31)]
 from position [(89, 49), (31, 77), (37, 83), (51, 30)]
 with remaining budget [133.12279963997344, 133.12279963997344, 133.12279963997344, 133.12279963997344]
 time taken: 25.55570411682129 seconds
  ------------------------------------------------------
Selected action: [(89, 49), (31, 77), (39, 81), (51, 32)]
 from position [(90, 50), (32, 78), (38, 82), (52, 31)]
 with remaining budget [131.70858607760033, 131.70858607760033, 131.70858607760033, 131.70858607760033]
 time taken: 25.3684241771698 seconds
  ------------------------------------------------------
Selected action: [(90, 48), (32, 78), (38, 80), (52, 31)]
 from position [(89, 49), (31, 77), (39, 81), (51, 32)]
 with remaining budget [130.29437251522722, 130.29437251522722, 130.29437251522722, 130.29437251522722]
 time taken: 24.998394012451172 seconds
  ------------------------------------------------------
Selected action: [(91, 49), (31, 79), (37, 81), (51, 30)]
 from position [(90, 48), (32, 78), (38, 80), (52, 31)]
 with remaining budget [128.88015895285412, 128.88015895285412, 128.88015895285412, 128.88015895285412]
 time taken: 24.74693012237549 seconds
  ------------------------------------------------------
Selected action: [(92, 50), (30, 78), (38, 80), (50, 31)]
 from position [(91, 49), (31, 79), (37, 81), (51, 30)]
 with remaining budget [127.46594539048102, 127.46594539048102, 127.46594539048102, 127.46594539048102]
 time taken: 24.815687894821167 seconds
  ------------------------------------------------------
Selected action: [(93, 49), (31, 79), (37, 79), (49, 30)]
 from position [(92, 50), (30, 78), (38, 80), (50, 31)]
 with remaining budget [126.05173182810793, 126.05173182810793, 126.05173182810793, 126.05173182810793]
 time taken: 24.331146955490112 seconds
  ------------------------------------------------------
Selected action: [(94, 50), (30, 80), (36, 78), (48, 29)]
 from position [(93, 49), (31, 79), (37, 79), (49, 30)]
 with remaining budget [124.63751826573484, 124.63751826573484, 124.63751826573484, 124.63751826573484]
 time taken: 24.21150493621826 seconds
  ------------------------------------------------------
Selected action: [(95, 49), (29, 81), (37, 77), (47, 30)]
 from position [(94, 50), (30, 80), (36, 78), (48, 29)]
 with remaining budget [123.22330470336175, 123.22330470336175, 123.22330470336175, 123.22330470336175]
 time taken: 24.040921926498413 seconds
  ------------------------------------------------------
Selected action: [(94, 48), (30, 80), (38, 78), (48, 29)]
 from position [(95, 49), (29, 81), (37, 77), (47, 30)]
 with remaining budget [121.80909114098866, 121.80909114098866, 121.80909114098866, 121.80909114098866]
 time taken: 23.71307897567749 seconds
  ------------------------------------------------------
Selected action: [(95, 47), (29, 79), (37, 79), (47, 30)]
 from position [(94, 48), (30, 80), (38, 78), (48, 29)]
 with remaining budget [120.39487757861556, 120.39487757861556, 120.39487757861556, 120.39487757861556]
 time taken: 23.53732991218567 seconds
  ------------------------------------------------------
Selected action: [(96, 48), (30, 78), (36, 80), (46, 31)]
 from position [(95, 47), (29, 79), (37, 79), (47, 30)]
 with remaining budget [118.98066401624247, 118.98066401624247, 118.98066401624247, 118.98066401624247]
 time taken: 23.20992684364319 seconds
  ------------------------------------------------------
Selected action: [(95, 47), (29, 77), (37, 79), (45, 30)]
 from position [(96, 48), (30, 78), (36, 80), (46, 31)]
 with remaining budget [117.56645045386938, 117.56645045386938, 117.56645045386938, 117.56645045386938]
 time taken: 23.21989107131958 seconds
  ------------------------------------------------------
Selected action: [(96, 48), (28, 76), (38, 80), (44, 29)]
 from position [(95, 47), (29, 77), (37, 79), (45, 30)]
 with remaining budget [116.15223689149629, 116.15223689149629, 116.15223689149629, 116.15223689149629]
 time taken: 22.863144159317017 seconds
  ------------------------------------------------------
Selected action: [(97, 49), (27, 77), (39, 81), (45, 28)]
 from position [(96, 48), (28, 76), (38, 80), (44, 29)]
 with remaining budget [114.7380233291232, 114.7380233291232, 114.7380233291232, 114.7380233291232]
 time taken: 22.669523000717163 seconds
  ------------------------------------------------------
Selected action: [(96, 48), (28, 78), (38, 80), (44, 29)]
 from position [(97, 49), (27, 77), (39, 81), (45, 28)]
 with remaining budget [113.3238097667501, 113.3238097667501, 113.3238097667501, 113.3238097667501]
 time taken: 22.51665496826172 seconds
  ------------------------------------------------------
Selected action: [(95, 47), (27, 77), (37, 81), (43, 28)]
 from position [(96, 48), (28, 78), (38, 80), (44, 29)]
 with remaining budget [111.90959620437701, 111.90959620437701, 111.90959620437701, 111.90959620437701]
 time taken: 22.35123586654663 seconds
  ------------------------------------------------------
Selected action: [(94, 48), (28, 78), (38, 82), (42, 29)]
 from position [(95, 47), (27, 77), (37, 81), (43, 28)]
 with remaining budget [110.49538264200392, 110.49538264200392, 110.49538264200392, 110.49538264200392]
 time taken: 22.02773690223694 seconds
  ------------------------------------------------------
Selected action: [(95, 47), (29, 79), (37, 83), (43, 28)]
 from position [(94, 48), (28, 78), (38, 82), (42, 29)]
 with remaining budget [109.08116907963083, 109.08116907963083, 109.08116907963083, 109.08116907963083]
 time taken: 22.03928303718567 seconds
  ------------------------------------------------------
Selected action: [(96, 46), (30, 78), (38, 82), (42, 29)]
 from position [(95, 47), (29, 79), (37, 83), (43, 28)]
 with remaining budget [109.08116907963083, 109.08116907963083, 109.08116907963083, 109.08116907963083]
 time taken: 22.004640102386475 seconds
  ------------------------------------------------------
Selected action: [(95, 47), (29, 77), (39, 81), (41, 30)]
 from position [(96, 46), (30, 78), (38, 82), (42, 29)]
 with remaining budget [107.66695551725773, 107.66695551725773, 107.66695551725773, 107.66695551725773]
 time taken: 21.79776096343994 seconds
  ------------------------------------------------------
Selected action: [(96, 48), (28, 76), (38, 80), (42, 31)]
 from position [(95, 47), (29, 77), (39, 81), (41, 30)]
 with remaining budget [106.25274195488464, 106.25274195488464, 106.25274195488464, 106.25274195488464]
 time taken: 21.596188068389893 seconds
  ------------------------------------------------------
Selected action: [(97, 49), (29, 75), (39, 81), (43, 30)]
 from position [(96, 48), (28, 76), (38, 80), (42, 31)]
 with remaining budget [104.83852839251155, 104.83852839251155, 104.83852839251155, 104.83852839251155]
 time taken: 21.399475812911987 seconds
  ------------------------------------------------------
Selected action: [(98, 50), (28, 74), (38, 80), (42, 29)]
 from position [(97, 49), (29, 75), (39, 81), (43, 30)]
 with remaining budget [103.42431483013846, 103.42431483013846, 103.42431483013846, 103.42431483013846]
 time taken: 21.120441913604736 seconds
  ------------------------------------------------------
Selected action: [(97, 49), (29, 73), (39, 81), (41, 28)]
 from position [(98, 50), (28, 74), (38, 80), (42, 29)]
 with remaining budget [102.01010126776536, 102.01010126776536, 102.01010126776536, 102.01010126776536]
 time taken: 21.021778106689453 seconds
  ------------------------------------------------------
Selected action: [(96, 50), (30, 74), (38, 80), (40, 27)]
 from position [(97, 49), (29, 73), (39, 81), (41, 28)]
 with remaining budget [100.59588770539227, 100.59588770539227, 100.59588770539227, 100.59588770539227]
 time taken: 20.74810004234314 seconds
  ------------------------------------------------------
Selected action: [(97, 51), (29, 73), (37, 81), (41, 26)]
 from position [(96, 50), (30, 74), (38, 80), (40, 27)]
 with remaining budget [99.18167414301918, 99.18167414301918, 99.18167414301918, 99.18167414301918]
 time taken: 20.58571696281433 seconds
  ------------------------------------------------------
Selected action: [(96, 50), (30, 72), (36, 80), (40, 27)]
 from position [(97, 51), (29, 73), (37, 81), (41, 26)]
 with remaining budget [97.76746058064609, 97.76746058064609, 97.76746058064609, 97.76746058064609]
 time taken: 20.417178869247437 seconds
  ------------------------------------------------------
Selected action: [(97, 49), (31, 73), (35, 81), (41, 26)]
 from position [(96, 50), (30, 72), (36, 80), (40, 27)]
 with remaining budget [96.353247018273, 96.353247018273, 96.353247018273, 96.353247018273]
 time taken: 20.035197973251343 seconds
  ------------------------------------------------------
Selected action: [(98, 50), (32, 72), (34, 80), (40, 25)]
 from position [(97, 49), (31, 73), (35, 81), (41, 26)]
 with remaining budget [94.9390334558999, 94.9390334558999, 94.9390334558999, 94.9390334558999]
 time taken: 19.811514854431152 seconds
  ------------------------------------------------------
Selected action: [(97, 51), (31, 71), (33, 79), (39, 26)]
 from position [(98, 50), (32, 72), (34, 80), (40, 25)]
 with remaining budget [93.52481989352681, 93.52481989352681, 93.52481989352681, 93.52481989352681]
 time taken: 19.902721166610718 seconds
  ------------------------------------------------------
Selected action: [(98, 50), (30, 72), (32, 78), (38, 25)]
 from position [(97, 51), (31, 71), (33, 79), (39, 26)]
 with remaining budget [92.11060633115372, 92.11060633115372, 92.11060633115372, 92.11060633115372]
 time taken: 19.374765157699585 seconds
  ------------------------------------------------------
Selected action: [(97, 51), (29, 73), (33, 77), (39, 26)]
 from position [(98, 50), (30, 72), (32, 78), (38, 25)]
 with remaining budget [90.69639276878063, 90.69639276878063, 90.69639276878063, 90.69639276878063]
 time taken: 19.35440707206726 seconds
  ------------------------------------------------------
Selected action: [(96, 50), (30, 72), (34, 76), (38, 25)]
 from position [(97, 51), (29, 73), (33, 77), (39, 26)]
 with remaining budget [89.28217920640753, 89.28217920640753, 89.28217920640753, 89.28217920640753]
 time taken: 19.355342149734497 seconds
  ------------------------------------------------------
Selected action: [(95, 49), (31, 71), (35, 77), (39, 24)]
 from position [(96, 50), (30, 72), (34, 76), (38, 25)]
 with remaining budget [87.86796564403444, 87.86796564403444, 87.86796564403444, 87.86796564403444]
 time taken: 18.876349925994873 seconds
  ------------------------------------------------------
Selected action: [(94, 50), (32, 70), (36, 78), (38, 23)]
 from position [(95, 49), (31, 71), (35, 77), (39, 24)]
 with remaining budget [86.45375208166135, 86.45375208166135, 86.45375208166135, 86.45375208166135]
 time taken: 18.45141100883484 seconds
  ------------------------------------------------------
Selected action: [(93, 51), (33, 71), (35, 79), (39, 24)]
 from position [(94, 50), (32, 70), (36, 78), (38, 23)]
 with remaining budget [85.03953851928826, 85.03953851928826, 85.03953851928826, 85.03953851928826]
 time taken: 18.450654983520508 seconds
  ------------------------------------------------------
Selected action: [(92, 52), (34, 70), (34, 80), (40, 23)]
 from position [(93, 51), (33, 71), (35, 79), (39, 24)]
 with remaining budget [83.62532495691516, 83.62532495691516, 83.62532495691516, 83.62532495691516]
 time taken: 18.330091953277588 seconds
  ------------------------------------------------------
Selected action: [(91, 53), (33, 71), (35, 81), (41, 22)]
 from position [(92, 52), (34, 70), (34, 80), (40, 23)]
 with remaining budget [82.21111139454207, 82.21111139454207, 82.21111139454207, 82.21111139454207]
 time taken: 17.423912048339844 seconds
  ------------------------------------------------------
Selected action: [(92, 54), (34, 70), (34, 80), (40, 23)]
 from position [(91, 53), (33, 71), (35, 81), (41, 22)]
 with remaining budget [80.79689783216898, 80.79689783216898, 80.79689783216898, 80.79689783216898]
 time taken: 17.710753917694092 seconds
  ------------------------------------------------------
Selected action: [(93, 55), (33, 71), (35, 81), (39, 22)]
 from position [(92, 54), (34, 70), (34, 80), (40, 23)]
 with remaining budget [79.38268426979589, 79.38268426979589, 79.38268426979589, 79.38268426979589]
 time taken: 16.697926998138428 seconds
  ------------------------------------------------------
Selected action: [(94, 56), (34, 72), (34, 80), (40, 21)]
 from position [(93, 55), (33, 71), (35, 81), (39, 22)]
 with remaining budget [77.9684707074228, 77.9684707074228, 77.9684707074228, 77.9684707074228]
 time taken: 17.084576845169067 seconds
  ------------------------------------------------------
Selected action: [(93, 57), (33, 71), (33, 81), (39, 22)]
 from position [(94, 56), (34, 72), (34, 80), (40, 21)]
 with remaining budget [76.5542571450497, 76.5542571450497, 76.5542571450497, 76.5542571450497]
 time taken: 15.265156984329224 seconds
  ------------------------------------------------------
Selected action: [(94, 56), (34, 70), (34, 82), (40, 21)]
 from position [(93, 57), (33, 71), (33, 81), (39, 22)]
 with remaining budget [75.14004358267661, 75.14004358267661, 75.14004358267661, 75.14004358267661]
 time taken: 15.570878982543945 seconds
  ------------------------------------------------------
Selected action: [(93, 55), (33, 71), (33, 81), (39, 22)]
 from position [(94, 56), (34, 70), (34, 82), (40, 21)]
 with remaining budget [73.72583002030352, 73.72583002030352, 73.72583002030352, 73.72583002030352]
 time taken: 15.363363027572632 seconds
  ------------------------------------------------------
Selected action: [(94, 56), (34, 72), (32, 80), (38, 23)]
 from position [(93, 55), (33, 71), (33, 81), (39, 22)]
 with remaining budget [72.31161645793043, 72.31161645793043, 72.31161645793043, 72.31161645793043]
 time taken: 15.547875881195068 seconds
  ------------------------------------------------------
Selected action: [(93, 55), (35, 73), (33, 79), (39, 24)]
 from position [(94, 56), (34, 72), (32, 80), (38, 23)]
 with remaining budget [70.89740289555733, 70.89740289555733, 70.89740289555733, 70.89740289555733]
 time taken: 15.083005905151367 seconds
  ------------------------------------------------------
Selected action: [(94, 56), (34, 72), (34, 78), (40, 25)]
 from position [(93, 55), (35, 73), (33, 79), (39, 24)]
 with remaining budget [69.48318933318424, 69.48318933318424, 69.48318933318424, 69.48318933318424]
 time taken: 13.720053911209106 seconds
  ------------------------------------------------------
Selected action: [(93, 55), (35, 71), (33, 79), (41, 24)]
 from position [(94, 56), (34, 72), (34, 78), (40, 25)]
 with remaining budget [68.06897577081115, 68.06897577081115, 68.06897577081115, 68.06897577081115]
 time taken: 14.1125009059906 seconds
  ------------------------------------------------------
Selected action: [(94, 54), (36, 72), (34, 78), (40, 25)]
 from position [(93, 55), (35, 71), (33, 79), (41, 24)]
 with remaining budget [66.65476220843806, 66.65476220843806, 66.65476220843806, 66.65476220843806]
 time taken: 13.021943092346191 seconds
  ------------------------------------------------------
Selected action: [(93, 53), (37, 71), (35, 77), (39, 24)]
 from position [(94, 54), (36, 72), (34, 78), (40, 25)]
 with remaining budget [65.24054864606497, 65.24054864606497, 65.24054864606497, 65.24054864606497]
 time taken: 13.524975061416626 seconds
  ------------------------------------------------------
Selected action: [(92, 52), (38, 72), (36, 78), (38, 23)]
 from position [(93, 53), (37, 71), (35, 77), (39, 24)]
 with remaining budget [63.82633508369187, 63.82633508369187, 63.82633508369187, 63.82633508369187]
 time taken: 12.731137037277222 seconds
  ------------------------------------------------------
Selected action: [(93, 53), (39, 71), (37, 77), (37, 22)]
 from position [(92, 52), (38, 72), (36, 78), (38, 23)]
 with remaining budget [62.41212152131878, 62.41212152131878, 62.41212152131878, 62.41212152131878]
 time taken: 13.122208833694458 seconds
  ------------------------------------------------------
Selected action: [(92, 54), (40, 70), (38, 76), (38, 21)]
 from position [(93, 53), (39, 71), (37, 77), (37, 22)]
 with remaining budget [60.99790795894569, 60.99790795894569, 60.99790795894569, 60.99790795894569]
 time taken: 11.709586143493652 seconds
  ------------------------------------------------------
Selected action: [(93, 55), (39, 69), (37, 77), (37, 22)]
 from position [(92, 54), (40, 70), (38, 76), (38, 21)]
 with remaining budget [59.5836943965726, 59.5836943965726, 59.5836943965726, 59.5836943965726]
 time taken: 10.517030000686646 seconds
  ------------------------------------------------------
Selected action: [(92, 56), (38, 70), (38, 76), (36, 21)]
 from position [(93, 55), (39, 69), (37, 77), (37, 22)]
 with remaining budget [58.169480834199504, 58.169480834199504, 58.169480834199504, 58.169480834199504]
 time taken: 10.444621086120605 seconds
  ------------------------------------------------------
Selected action: [(93, 57), (39, 71), (37, 75), (35, 22)]
 from position [(92, 56), (38, 70), (38, 76), (36, 21)]
 with remaining budget [56.75526727182641, 56.75526727182641, 56.75526727182641, 56.75526727182641]
 time taken: 10.350116968154907 seconds
  ------------------------------------------------------
Selected action: [(92, 58), (40, 70), (38, 76), (34, 21)]
 from position [(93, 57), (39, 71), (37, 75), (35, 22)]
 with remaining budget [55.34105370945332, 55.34105370945332, 55.34105370945332, 55.34105370945332]
 time taken: 11.133836030960083 seconds
  ------------------------------------------------------
Selected action: [(93, 57), (41, 69), (39, 77), (33, 22)]
 from position [(92, 58), (40, 70), (38, 76), (34, 21)]
 with remaining budget [53.92684014708023, 53.92684014708023, 53.92684014708023, 53.92684014708023]
 time taken: 10.167682886123657 seconds
  ------------------------------------------------------
Selected action: [(92, 56), (42, 70), (38, 78), (32, 23)]
 from position [(93, 57), (41, 69), (39, 77), (33, 22)]
 with remaining budget [52.512626584707135, 52.512626584707135, 52.512626584707135, 52.512626584707135]
 time taken: 9.01146388053894 seconds
  ------------------------------------------------------
Selected action: [(93, 57), (43, 69), (39, 79), (33, 22)]
 from position [(92, 56), (42, 70), (38, 78), (32, 23)]
 with remaining budget [51.09841302233404, 51.09841302233404, 51.09841302233404, 51.09841302233404]
 time taken: 8.996261835098267 seconds
  ------------------------------------------------------
Selected action: [(92, 58), (44, 70), (40, 78), (34, 21)]
 from position [(93, 57), (43, 69), (39, 79), (33, 22)]
 with remaining budget [49.68419945996095, 49.68419945996095, 49.68419945996095, 49.68419945996095]
 time taken: 8.17380404472351 seconds
  ------------------------------------------------------
Selected action: [(93, 59), (43, 71), (39, 77), (35, 20)]
 from position [(92, 58), (44, 70), (40, 78), (34, 21)]
 with remaining budget [48.26998589758786, 48.26998589758786, 48.26998589758786, 48.26998589758786]
 time taken: 7.562525033950806 seconds
  ------------------------------------------------------
Selected action: [(94, 58), (44, 72), (38, 78), (34, 19)]
 from position [(93, 59), (43, 71), (39, 77), (35, 20)]
 with remaining budget [46.855772335214766, 46.855772335214766, 46.855772335214766, 46.855772335214766]
 time taken: 7.570188045501709 seconds
  ------------------------------------------------------
Selected action: [(95, 57), (45, 71), (37, 77), (33, 18)]
 from position [(94, 58), (44, 72), (38, 78), (34, 19)]
 with remaining budget [45.441558772841674, 45.441558772841674, 45.441558772841674, 45.441558772841674]
 time taken: 7.518195152282715 seconds
  ------------------------------------------------------
Selected action: [(96, 58), (44, 72), (38, 76), (32, 19)]
 from position [(95, 57), (45, 71), (37, 77), (33, 18)]
 with remaining budget [44.02734521046858, 44.02734521046858, 44.02734521046858, 44.02734521046858]
 time taken: 6.94643497467041 seconds
  ------------------------------------------------------
Selected action: [(97, 57), (43, 71), (39, 77), (31, 18)]
 from position [(96, 58), (44, 72), (38, 76), (32, 19)]
 with remaining budget [42.61313164809549, 42.61313164809549, 42.61313164809549, 42.61313164809549]
 time taken: 6.61443305015564 seconds
  ------------------------------------------------------
Selected action: [(96, 56), (44, 70), (40, 76), (32, 17)]
 from position [(97, 57), (43, 71), (39, 77), (31, 18)]
 with remaining budget [41.1989180857224, 41.1989180857224, 41.1989180857224, 41.1989180857224]
 time taken: 6.182060956954956 seconds
  ------------------------------------------------------
Selected action: [(97, 57), (45, 71), (39, 75), (33, 16)]
 from position [(96, 56), (44, 70), (40, 76), (32, 17)]
 with remaining budget [39.784704523349305, 39.784704523349305, 39.784704523349305, 39.784704523349305]
 time taken: 5.455801963806152 seconds
  ------------------------------------------------------
Selected action: [(98, 56), (44, 72), (40, 74), (32, 15)]
 from position [(97, 57), (45, 71), (39, 75), (33, 16)]
 with remaining budget [38.37049096097621, 38.37049096097621, 38.37049096097621, 38.37049096097621]
 time taken: 5.326961994171143 seconds
  ------------------------------------------------------
Selected action: [(97, 57), (43, 73), (39, 73), (33, 16)]
 from position [(98, 56), (44, 72), (40, 74), (32, 15)]
 with remaining budget [36.95627739860312, 36.95627739860312, 36.95627739860312, 36.95627739860312]
 time taken: 4.978190898895264 seconds
  ------------------------------------------------------
Selected action: [(96, 58), (42, 74), (38, 74), (34, 15)]
 from position [(97, 57), (43, 73), (39, 73), (33, 16)]
 with remaining budget [35.54206383623003, 35.54206383623003, 35.54206383623003, 35.54206383623003]
 time taken: 4.615438938140869 seconds
  ------------------------------------------------------
Selected action: [(95, 57), (43, 73), (39, 75), (35, 16)]
 from position [(96, 58), (42, 74), (38, 74), (34, 15)]
 with remaining budget [34.127850273856936, 34.127850273856936, 34.127850273856936, 34.127850273856936]
 time taken: 4.1800618171691895 seconds
  ------------------------------------------------------
Selected action: [(94, 58), (44, 74), (40, 76), (34, 15)]
 from position [(95, 57), (43, 73), (39, 75), (35, 16)]
 with remaining budget [32.713636711483844, 32.713636711483844, 32.713636711483844, 32.713636711483844]
 time taken: 3.6591029167175293 seconds
  ------------------------------------------------------
Selected action: [(93, 57), (45, 73), (41, 77), (33, 16)]
 from position [(94, 58), (44, 74), (40, 76), (34, 15)]
 with remaining budget [31.299423149110748, 31.299423149110748, 31.299423149110748, 31.299423149110748]
 time taken: 3.612868070602417 seconds
  ------------------------------------------------------
Selected action: [(92, 56), (44, 72), (40, 76), (32, 15)]
 from position [(93, 57), (45, 73), (41, 77), (33, 16)]
 with remaining budget [29.885209586737652, 29.885209586737652, 29.885209586737652, 29.885209586737652]
 time taken: 3.337963104248047 seconds
  ------------------------------------------------------
Selected action: [(93, 57), (43, 71), (39, 75), (31, 14)]
 from position [(92, 56), (44, 72), (40, 76), (32, 15)]
 with remaining budget [28.470996024364556, 28.470996024364556, 28.470996024364556, 28.470996024364556]
 time taken: 3.073629856109619 seconds
  ------------------------------------------------------
Selected action: [(94, 56), (42, 70), (38, 76), (32, 13)]
 from position [(93, 57), (43, 71), (39, 75), (31, 14)]
 with remaining budget [27.05678246199146, 27.05678246199146, 27.05678246199146, 27.05678246199146]
 time taken: 2.9150819778442383 seconds
  ------------------------------------------------------
Selected action: [(95, 55), (43, 71), (39, 75), (33, 12)]
 from position [(94, 56), (42, 70), (38, 76), (32, 13)]
 with remaining budget [25.642568899618364, 25.642568899618364, 25.642568899618364, 25.642568899618364]
 time taken: 2.668346881866455 seconds
  ------------------------------------------------------
Selected action: [(94, 54), (42, 70), (38, 76), (32, 13)]
 from position [(95, 55), (43, 71), (39, 75), (33, 12)]
 with remaining budget [24.22835533724527, 24.22835533724527, 24.22835533724527, 24.22835533724527]
 time taken: 2.491374969482422 seconds
  ------------------------------------------------------
Selected action: [(95, 55), (43, 69), (39, 77), (31, 14)]
 from position [(94, 54), (42, 70), (38, 76), (32, 13)]
 with remaining budget [22.814141774872173, 22.814141774872173, 22.814141774872173, 22.814141774872173]
 time taken: 2.2848060131073 seconds
  ------------------------------------------------------
Selected action: [(94, 56), (42, 68), (38, 76), (32, 13)]
 from position [(95, 55), (43, 69), (39, 77), (31, 14)]
 with remaining budget [21.399928212499077, 21.399928212499077, 21.399928212499077, 21.399928212499077]
 time taken: 2.2362570762634277 seconds
  ------------------------------------------------------
Selected action: [(93, 55), (41, 69), (39, 77), (33, 12)]
 from position [(94, 56), (42, 68), (38, 76), (32, 13)]
 with remaining budget [19.98571465012598, 19.98571465012598, 19.98571465012598, 19.98571465012598]
 time taken: 2.0065979957580566 seconds
  ------------------------------------------------------
Selected action: [(92, 56), (40, 70), (38, 76), (34, 13)]
 from position [(93, 55), (41, 69), (39, 77), (33, 12)]
 with remaining budget [18.571501087752885, 18.571501087752885, 18.571501087752885, 18.571501087752885]
 time taken: 1.9147791862487793 seconds
  ------------------------------------------------------
Selected action: [(91, 57), (41, 69), (37, 75), (33, 12)]
 from position [(92, 56), (40, 70), (38, 76), (34, 13)]
 with remaining budget [17.15728752537979, 17.15728752537979, 17.15728752537979, 17.15728752537979]
 time taken: 1.819648027420044 seconds
  ------------------------------------------------------
Selected action: [(92, 56), (40, 70), (36, 74), (34, 13)]
 from position [(91, 57), (41, 69), (37, 75), (33, 12)]
 with remaining budget [15.743073963006694, 15.743073963006694, 15.743073963006694, 15.743073963006694]
 time taken: 1.806751012802124 seconds
  ------------------------------------------------------
Selected action: [(93, 55), (41, 71), (37, 75), (35, 14)]
 from position [(92, 56), (40, 70), (36, 74), (34, 13)]
 with remaining budget [14.328860400633598, 14.328860400633598, 14.328860400633598, 14.328860400633598]
 time taken: 1.5504698753356934 seconds
  ------------------------------------------------------
Selected action: [(92, 56), (42, 70), (36, 74), (34, 15)]
 from position [(93, 55), (41, 71), (37, 75), (35, 14)]
 with remaining budget [12.914646838260502, 12.914646838260502, 12.914646838260502, 12.914646838260502]
 time taken: 1.3655970096588135 seconds
  ------------------------------------------------------
Selected action: [(93, 57), (43, 69), (35, 73), (33, 16)]
 from position [(92, 56), (42, 70), (36, 74), (34, 15)]
 with remaining budget [11.500433275887406, 11.500433275887406, 11.500433275887406, 11.500433275887406]
 time taken: 1.1732420921325684 seconds
  ------------------------------------------------------
Selected action: [(94, 58), (44, 68), (36, 72), (34, 17)]
 from position [(93, 57), (43, 69), (35, 73), (33, 16)]
 with remaining budget [10.08621971351431, 10.08621971351431, 10.08621971351431, 10.08621971351431]
 time taken: 1.0140621662139893 seconds
  ------------------------------------------------------
Selected action: [(95, 59), (43, 69), (35, 73), (35, 16)]
 from position [(94, 58), (44, 68), (36, 72), (34, 17)]
 with remaining budget [8.672006151141215, 8.672006151141215, 8.672006151141215, 8.672006151141215]
 time taken: 0.9655098915100098 seconds
  ------------------------------------------------------
Selected action: [(96, 60), (44, 68), (34, 74), (36, 17)]
 from position [(95, 59), (43, 69), (35, 73), (35, 16)]
 with remaining budget [7.25779258876812, 7.25779258876812, 7.25779258876812, 7.25779258876812]
 time taken: 0.7494268417358398 seconds
  ------------------------------------------------------
│  map 4  steps=213  dist=[301.2274887854705, 301.2274887854705, 301.2274887854705, 301.2274887854705]  rmse=0.10656251055054598  cov=3.24000008404254
9%  iou=0.27764612954186413  [5/50]
Selected action: [(97, 61), (43, 69), (35, 75), (37, 16)]
 from position [(96, 60), (44, 68), (34, 74), (36, 17)]
 with remaining budget [298.5857864376269, 298.5857864376269, 298.5857864376269, 298.5857864376269]
 time taken: 70.74636507034302 seconds
  ------------------------------------------------------
Selected action: [(96, 62), (44, 70), (34, 74), (38, 17)]
 from position [(97, 61), (43, 69), (35, 75), (37, 16)]
 with remaining budget [297.1715728752538, 297.1715728752538, 297.1715728752538, 297.1715728752538]
 time taken: 70.65448117256165 seconds
  ------------------------------------------------------
Selected action: [(97, 63), (43, 69), (33, 75), (37, 16)]
 from position [(96, 62), (44, 70), (34, 74), (38, 17)]
 with remaining budget [295.7573593128807, 295.7573593128807, 295.7573593128807, 295.7573593128807]
 time taken: 69.54138112068176 seconds
  ------------------------------------------------------
Selected action: [(96, 64), (42, 70), (34, 76), (36, 15)]
 from position [(97, 63), (43, 69), (33, 75), (37, 16)]
 with remaining budget [294.3431457505076, 294.3431457505076, 294.3431457505076, 294.3431457505076]
 time taken: 68.92524909973145 seconds
  ------------------------------------------------------
Selected action: [(95, 65), (43, 69), (35, 77), (35, 16)]
 from position [(96, 64), (42, 70), (34, 76), (36, 15)]
 with remaining budget [292.92893218813447, 292.92893218813447, 292.92893218813447, 292.92893218813447]
 time taken: 68.735023021698 seconds
  ------------------------------------------------------
Selected action: [(94, 66), (44, 68), (34, 78), (34, 15)]
 from position [(95, 65), (43, 69), (35, 77), (35, 16)]
 with remaining budget [291.51471862576136, 291.51471862576136, 291.51471862576136, 291.51471862576136]
 time taken: 67.5852279663086 seconds
  ------------------------------------------------------
Selected action: [(93, 67), (43, 69), (35, 77), (33, 14)]
 from position [(94, 66), (44, 68), (34, 78), (34, 15)]
 with remaining budget [290.10050506338825, 290.10050506338825, 290.10050506338825, 290.10050506338825]
 time taken: 66.65299081802368 seconds
  ------------------------------------------------------
Selected action: [(94, 68), (44, 70), (34, 76), (32, 13)]
 from position [(93, 67), (43, 69), (35, 77), (33, 14)]
 with remaining budget [288.68629150101515, 288.68629150101515, 288.68629150101515, 288.68629150101515]
 time taken: 66.33014297485352 seconds
  ------------------------------------------------------
Selected action: [(95, 69), (45, 71), (33, 77), (31, 14)]
 from position [(94, 68), (44, 70), (34, 76), (32, 13)]
 with remaining budget [287.27207793864204, 287.27207793864204, 287.27207793864204, 287.27207793864204]
 time taken: 65.80067086219788 seconds
  ------------------------------------------------------
Selected action: [(96, 68), (44, 70), (34, 78), (30, 13)]
 from position [(95, 69), (45, 71), (33, 77), (31, 14)]
 with remaining budget [285.85786437626894, 285.85786437626894, 285.85786437626894, 285.85786437626894]
 time taken: 65.5850100517273 seconds
  ------------------------------------------------------
Selected action: [(97, 69), (43, 71), (33, 77), (29, 14)]
 from position [(96, 68), (44, 70), (34, 78), (30, 13)]
 with remaining budget [284.44365081389583, 284.44365081389583, 284.44365081389583, 284.44365081389583]
 time taken: 66.01374697685242 seconds
  ------------------------------------------------------
Selected action: [(98, 70), (42, 70), (32, 78), (28, 13)]
 from position [(97, 69), (43, 71), (33, 77), (29, 14)]
 with remaining budget [283.0294372515227, 283.0294372515227, 283.0294372515227, 283.0294372515227]
 time taken: 64.40571689605713 seconds
  ------------------------------------------------------
Selected action: [(97, 71), (41, 71), (33, 79), (26, 11)]
 from position [(98, 70), (42, 70), (32, 78), (28, 13)]
 with remaining budget [281.6152236891496, 281.6152236891496, 281.6152236891496, 280.2010101267765]
 time taken: 64.37163400650024 seconds
  ------------------------------------------------------
Selected action: [(27, 10), (96, 70), (40, 70), (32, 78)]
 from position [(97, 71), (41, 71), (33, 79), (26, 11)]
 with remaining budget [186.3481963843908, 226.2010101267765, 269.7157287525379, 210.71572875253793]
 time taken: 63.124109983444214 seconds
  ------------------------------------------------------
Selected action: [(24, 7), (30, 80), (94, 72), (37, 73)]
 from position [(27, 10), (96, 70), (40, 70), (32, 78)]
 with remaining budget [182.1055556972715, 156.05887450304556, 214.88730162779174, 203.64466094067245]
 time taken: 43.11571502685547 seconds
  ------------------------------------------------------
Selected action: [(29, 79), (23, 8), (38, 74), (93, 73)]
 from position [(24, 7), (30, 80), (94, 72), (37, 73)]
 with remaining budget [108.03448788540604, 81.1593795664339, 158.05887450304556, 147.64466094067245]
 time taken: 39.22406601905823 seconds
  ------------------------------------------------------
Selected action: [(24, 7), (30, 78), (92, 74), (37, 75)]
 from position [(29, 79), (23, 8), (38, 74), (93, 73)]
 with remaining budget [33.96342007354056, 8.259884629822238, 104.05887450304556, 90.81623381592627]
 time taken: 28.199066877365112 seconds
  ------------------------------------------------------
Selected action: [(31, 77), (25, 8), (36, 74), (93, 75)]
 from position [(24, 7), (30, 78), (92, 74), (37, 75)]
 with remaining budget [0.0, 0.0, 48.05887450304556, 34.81623381592627]
 time taken: 4.153985977172852 seconds
  ------------------------------------------------------
│  map 5  steps=18  dist=[330.1726912834732, 353.0140945934295, 249.8592578107544, 262.17388082494494]  rmse=0.11817341759590455  cov=6.63999989628791
8%  iou=0.4497816593886463  [6/50]
Selected action: [(30, 76), (26, 7), (35, 73), (92, 76)]
 from position [(31, 77), (25, 8), (36, 74), (93, 75)]
 with remaining budget [298.5857864376269, 298.5857864376269, 298.5857864376269, 298.5857864376269]
 time taken: 70.94112300872803 seconds
  ------------------------------------------------------
Selected action: [(31, 75), (25, 8), (34, 72), (93, 77)]
 from position [(30, 76), (26, 7), (35, 73), (92, 76)]
 with remaining budget [297.1715728752538, 297.1715728752538, 297.1715728752538, 297.1715728752538]
 time taken: 69.72473096847534 seconds
  ------------------------------------------------------
Selected action: [(32, 76), (24, 9), (33, 71), (92, 78)]
 from position [(31, 75), (25, 8), (34, 72), (93, 77)]
 with remaining budget [295.7573593128807, 295.7573593128807, 295.7573593128807, 295.7573593128807]
 time taken: 69.27127504348755 seconds
  ------------------------------------------------------
Selected action: [(31, 75), (23, 10), (32, 70), (93, 77)]
 from position [(32, 76), (24, 9), (33, 71), (92, 78)]
 with remaining budget [294.3431457505076, 294.3431457505076, 294.3431457505076, 294.3431457505076]
 time taken: 68.4200508594513 seconds
  ------------------------------------------------------
Selected action: [(32, 76), (22, 11), (31, 71), (92, 76)]
 from position [(31, 75), (23, 10), (32, 70), (93, 77)]
 with remaining budget [292.92893218813447, 292.92893218813447, 292.92893218813447, 292.92893218813447]
 time taken: 67.9431779384613 seconds
  ------------------------------------------------------
Selected action: [(33, 75), (23, 10), (30, 70), (91, 77)]
 from position [(32, 76), (22, 11), (31, 71), (92, 76)]
 with remaining budget [291.51471862576136, 291.51471862576136, 291.51471862576136, 291.51471862576136]
 time taken: 66.98275804519653 seconds
  ------------------------------------------------------
Selected action: [(34, 74), (22, 9), (31, 71), (92, 78)]
 from position [(33, 75), (23, 10), (30, 70), (91, 77)]
 with remaining budget [290.10050506338825, 290.10050506338825, 290.10050506338825, 290.10050506338825]
 time taken: 66.62674498558044 seconds
  ------------------------------------------------------
Selected action: [(35, 73), (23, 10), (30, 70), (91, 79)]
 from position [(34, 74), (22, 9), (31, 71), (92, 78)]
 with remaining budget [288.68629150101515, 288.68629150101515, 288.68629150101515, 288.68629150101515]
 time taken: 66.17233300209045 seconds
  ------------------------------------------------------
Selected action: [(34, 74), (22, 11), (29, 71), (92, 80)]
 from position [(35, 73), (23, 10), (30, 70), (91, 79)]
 with remaining budget [287.27207793864204, 287.27207793864204, 287.27207793864204, 287.27207793864204]
 time taken: 66.1213309764862 seconds
  ------------------------------------------------------
Selected action: [(35, 73), (21, 12), (28, 70), (91, 79)]
 from position [(34, 74), (22, 11), (29, 71), (92, 80)]
 with remaining budget [285.85786437626894, 285.85786437626894, 285.85786437626894, 285.85786437626894]
 time taken: 64.79473900794983 seconds
  ------------------------------------------------------
Selected action: [(34, 72), (22, 11), (29, 69), (90, 80)]
 from position [(35, 73), (21, 12), (28, 70), (91, 79)]
 with remaining budget [284.44365081389583, 284.44365081389583, 284.44365081389583, 284.44365081389583]
 time taken: 64.53760695457458 seconds
  ------------------------------------------------------
Selected action: [(33, 71), (21, 12), (28, 68), (89, 79)]
 from position [(34, 72), (22, 11), (29, 69), (90, 80)]
 with remaining budget [283.0294372515227, 283.0294372515227, 283.0294372515227, 283.0294372515227]
 time taken: 63.87933802604675 seconds
  ------------------------------------------------------
Selected action: [(34, 72), (22, 11), (27, 67), (88, 80)]
 from position [(33, 71), (21, 12), (28, 68), (89, 79)]
 with remaining budget [281.6152236891496, 281.6152236891496, 281.6152236891496, 281.6152236891496]
 time taken: 63.671854972839355 seconds
  ------------------------------------------------------
Selected action: [(33, 73), (23, 10), (28, 68), (87, 79)]
 from position [(34, 72), (22, 11), (27, 67), (88, 80)]
 with remaining budget [280.2010101267765, 280.2010101267765, 280.2010101267765, 280.2010101267765]
 time taken: 63.46575903892517 seconds
  ------------------------------------------------------
Selected action: [(32, 72), (24, 9), (29, 67), (88, 80)]
 from position [(33, 73), (23, 10), (28, 68), (87, 79)]
 with remaining budget [278.7867965644034, 278.7867965644034, 278.7867965644034, 278.7867965644034]
 time taken: 62.656696796417236 seconds
  ------------------------------------------------------
Selected action: [(31, 71), (23, 10), (28, 66), (87, 79)]
 from position [(32, 72), (24, 9), (29, 67), (88, 80)]
 with remaining budget [277.3725830020303, 277.3725830020303, 277.3725830020303, 277.3725830020303]
 time taken: 62.12850999832153 seconds
  ------------------------------------------------------
Selected action: [(32, 70), (22, 9), (29, 65), (88, 80)]
 from position [(31, 71), (23, 10), (28, 66), (87, 79)]
 with remaining budget [275.9583694396572, 275.9583694396572, 275.9583694396572, 275.9583694396572]
 time taken: 61.801997900009155 seconds
  ------------------------------------------------------
Selected action: [(31, 71), (21, 8), (28, 66), (87, 79)]
 from position [(32, 70), (22, 9), (29, 65), (88, 80)]
 with remaining budget [274.5441558772841, 274.5441558772841, 274.5441558772841, 274.5441558772841]
 time taken: 60.88875699043274 seconds
  ------------------------------------------------------
Selected action: [(32, 70), (22, 9), (27, 67), (86, 80)]
 from position [(31, 71), (21, 8), (28, 66), (87, 79)]
 with remaining budget [273.129942314911, 273.129942314911, 273.129942314911, 273.129942314911]
 time taken: 60.074397802352905 seconds
  ------------------------------------------------------
Selected action: [(33, 71), (23, 10), (28, 66), (87, 79)]
 from position [(32, 70), (22, 9), (27, 67), (86, 80)]
 with remaining budget [271.71572875253787, 271.71572875253787, 271.71572875253787, 271.71572875253787]
 time taken: 60.1781108379364 seconds
  ------------------------------------------------------
Selected action: [(34, 72), (22, 9), (27, 65), (88, 78)]
 from position [(33, 71), (23, 10), (28, 66), (87, 79)]
 with remaining budget [270.30151519016476, 270.30151519016476, 270.30151519016476, 270.30151519016476]
 time taken: 59.79703998565674 seconds
  ------------------------------------------------------
Selected action: [(35, 71), (21, 10), (26, 66), (87, 79)]
 from position [(34, 72), (22, 9), (27, 65), (88, 78)]
 with remaining budget [268.88730162779166, 268.88730162779166, 268.88730162779166, 268.88730162779166]
 time taken: 58.85357403755188 seconds
  ------------------------------------------------------
Selected action: [(36, 72), (20, 11), (25, 65), (86, 80)]
 from position [(35, 71), (21, 10), (26, 66), (87, 79)]
 with remaining budget [267.47308806541855, 267.47308806541855, 267.47308806541855, 267.47308806541855]
 time taken: 58.31093192100525 seconds
  ------------------------------------------------------
Selected action: [(35, 73), (19, 10), (26, 66), (85, 79)]
 from position [(36, 72), (20, 11), (25, 65), (86, 80)]
 with remaining budget [266.05887450304544, 266.05887450304544, 266.05887450304544, 266.05887450304544]
 time taken: 58.58575701713562 seconds
  ------------------------------------------------------
Selected action: [(36, 74), (18, 9), (25, 65), (86, 78)]
 from position [(35, 73), (19, 10), (26, 66), (85, 79)]
 with remaining budget [264.64466094067234, 264.64466094067234, 264.64466094067234, 264.64466094067234]
 time taken: 57.84896898269653 seconds
  ------------------------------------------------------
Selected action: [(35, 73), (17, 8), (26, 64), (87, 79)]
 from position [(36, 74), (18, 9), (25, 65), (86, 78)]
 with remaining budget [263.23044737829923, 263.23044737829923, 263.23044737829923, 263.23044737829923]
 time taken: 57.555095911026 seconds
  ------------------------------------------------------
Selected action: [(34, 74), (16, 7), (25, 63), (88, 78)]
 from position [(35, 73), (17, 8), (26, 64), (87, 79)]
 with remaining budget [261.8162338159261, 261.8162338159261, 261.8162338159261, 261.8162338159261]
 time taken: 56.92431712150574 seconds
  ------------------------------------------------------
Selected action: [(35, 75), (15, 6), (26, 64), (89, 77)]
 from position [(34, 74), (16, 7), (25, 63), (88, 78)]
 with remaining budget [260.402020253553, 260.402020253553, 260.402020253553, 260.402020253553]
 time taken: 56.31713795661926 seconds
  ------------------------------------------------------
Selected action: [(34, 76), (16, 5), (27, 65), (90, 76)]
 from position [(35, 75), (15, 6), (26, 64), (89, 77)]
 with remaining budget [258.9878066911799, 258.9878066911799, 258.9878066911799, 258.9878066911799]
 time taken: 55.841176986694336 seconds
  ------------------------------------------------------
Selected action: [(35, 75), (17, 4), (26, 64), (89, 77)]
 from position [(34, 76), (16, 5), (27, 65), (90, 76)]
 with remaining budget [257.5735931288068, 257.5735931288068, 257.5735931288068, 257.5735931288068]
 time taken: 56.07160782814026 seconds
  ------------------------------------------------------
Selected action: [(36, 74), (18, 5), (27, 65), (88, 78)]
 from position [(35, 75), (17, 4), (26, 64), (89, 77)]
 with remaining budget [256.1593795664337, 256.1593795664337, 256.1593795664337, 256.1593795664337]
 time taken: 54.811787843704224 seconds
  ------------------------------------------------------
Selected action: [(37, 73), (17, 4), (28, 66), (89, 77)]
 from position [(36, 74), (18, 5), (27, 65), (88, 78)]
 with remaining budget [254.7451660040606, 254.7451660040606, 254.7451660040606, 254.7451660040606]
 time taken: 54.10866403579712 seconds
  ------------------------------------------------------
Selected action: [(38, 74), (18, 3), (27, 67), (88, 76)]
 from position [(37, 73), (17, 4), (28, 66), (89, 77)]
 with remaining budget [253.3309524416875, 253.3309524416875, 253.3309524416875, 253.3309524416875]
 time taken: 53.940269947052 seconds
  ------------------------------------------------------
Selected action: [(39, 75), (17, 4), (28, 68), (89, 77)]
 from position [(38, 74), (18, 3), (27, 67), (88, 76)]
 with remaining budget [251.91673887931438, 251.91673887931438, 251.91673887931438, 251.91673887931438]
 time taken: 53.75281381607056 seconds
  ------------------------------------------------------
Selected action: [(40, 76), (16, 5), (27, 67), (90, 78)]
 from position [(39, 75), (17, 4), (28, 68), (89, 77)]
 with remaining budget [250.50252531694127, 250.50252531694127, 250.50252531694127, 250.50252531694127]
 time taken: 52.774397134780884 seconds
  ------------------------------------------------------
Selected action: [(39, 77), (15, 6), (26, 66), (91, 77)]
 from position [(40, 76), (16, 5), (27, 67), (90, 78)]
 with remaining budget [249.08831175456817, 249.08831175456817, 249.08831175456817, 249.08831175456817]
 time taken: 52.50508689880371 seconds
  ------------------------------------------------------
Selected action: [(38, 78), (16, 5), (25, 65), (92, 78)]
 from position [(39, 77), (15, 6), (26, 66), (91, 77)]
 with remaining budget [247.67409819219506, 247.67409819219506, 247.67409819219506, 247.67409819219506]
 time taken: 52.503073930740356 seconds
  ------------------------------------------------------
Selected action: [(39, 77), (17, 4), (26, 66), (93, 77)]
 from position [(38, 78), (16, 5), (25, 65), (92, 78)]
 with remaining budget [246.25988462982195, 246.25988462982195, 246.25988462982195, 246.25988462982195]
 time taken: 51.77334904670715 seconds
  ------------------------------------------------------
Selected action: [(38, 78), (18, 3), (27, 67), (92, 78)]
 from position [(39, 77), (17, 4), (26, 66), (93, 77)]
 with remaining budget [246.25988462982195, 246.25988462982195, 246.25988462982195, 246.25988462982195]
 time taken: 51.50817108154297 seconds
  ------------------------------------------------------
Selected action: [(39, 79), (17, 2), (26, 68), (93, 77)]
 from position [(38, 78), (18, 3), (27, 67), (92, 78)]
 with remaining budget [244.84567106744885, 244.84567106744885, 244.84567106744885, 244.84567106744885]
 time taken: 51.11765503883362 seconds
  ------------------------------------------------------
Selected action: [(40, 78), (16, 3), (25, 69), (92, 78)]
 from position [(39, 79), (17, 2), (26, 68), (93, 77)]
 with remaining budget [243.43145750507574, 243.43145750507574, 243.43145750507574, 243.43145750507574]
 time taken: 50.53130006790161 seconds
  ------------------------------------------------------
Selected action: [(41, 77), (15, 4), (24, 70), (91, 77)]
 from position [(40, 78), (16, 3), (25, 69), (92, 78)]
 with remaining budget [242.01724394270263, 242.01724394270263, 242.01724394270263, 242.01724394270263]
 time taken: 50.58344793319702 seconds
  ------------------------------------------------------
Selected action: [(42, 78), (14, 5), (25, 69), (92, 76)]
 from position [(41, 77), (15, 4), (24, 70), (91, 77)]
 with remaining budget [240.60303038032953, 240.60303038032953, 240.60303038032953, 240.60303038032953]
 time taken: 49.82859492301941 seconds
  ------------------------------------------------------
Selected action: [(41, 79), (13, 6), (26, 68), (93, 77)]
 from position [(42, 78), (14, 5), (25, 69), (92, 76)]
 with remaining budget [239.18881681795642, 239.18881681795642, 239.18881681795642, 239.18881681795642]
 time taken: 49.28828406333923 seconds
  ------------------------------------------------------
Selected action: [(42, 80), (12, 5), (27, 67), (94, 76)]
 from position [(41, 79), (13, 6), (26, 68), (93, 77)]
 with remaining budget [237.77460325558332, 237.77460325558332, 237.77460325558332, 237.77460325558332]
 time taken: 49.22533679008484 seconds
  ------------------------------------------------------
Selected action: [(41, 79), (11, 4), (28, 68), (95, 77)]
 from position [(42, 80), (12, 5), (27, 67), (94, 76)]
 with remaining budget [236.3603896932102, 236.3603896932102, 236.3603896932102, 236.3603896932102]
 time taken: 48.463698863983154 seconds
  ------------------------------------------------------
Selected action: [(40, 78), (10, 3), (27, 67), (96, 76)]
 from position [(41, 79), (11, 4), (28, 68), (95, 77)]
 with remaining budget [234.9461761308371, 234.9461761308371, 234.9461761308371, 234.9461761308371]
 time taken: 48.00328207015991 seconds
  ------------------------------------------------------
Selected action: [(41, 77), (11, 4), (28, 66), (95, 77)]
 from position [(40, 78), (10, 3), (27, 67), (96, 76)]
 with remaining budget [233.531962568464, 233.531962568464, 233.531962568464, 233.531962568464]
 time taken: 47.89854407310486 seconds
  ------------------------------------------------------
Selected action: [(42, 76), (10, 3), (27, 67), (94, 78)]
 from position [(41, 77), (11, 4), (28, 66), (95, 77)]
 with remaining budget [233.531962568464, 233.531962568464, 233.531962568464, 233.531962568464]
 time taken: 47.74612808227539 seconds
  ------------------------------------------------------
Selected action: [(41, 75), (11, 2), (26, 68), (93, 79)]
 from position [(42, 76), (10, 3), (27, 67), (94, 78)]
 with remaining budget [232.1177490060909, 232.1177490060909, 232.1177490060909, 232.1177490060909]
 time taken: 47.328426122665405 seconds
  ------------------------------------------------------
Selected action: [(42, 76), (10, 3), (25, 69), (94, 80)]
 from position [(41, 75), (11, 2), (26, 68), (93, 79)]
 with remaining budget [230.70353544371778, 230.70353544371778, 230.70353544371778, 230.70353544371778]
 time taken: 46.7562050819397 seconds
  ------------------------------------------------------
Selected action: [(41, 77), (11, 4), (24, 70), (95, 79)]
 from position [(42, 76), (10, 3), (25, 69), (94, 80)]
 with remaining budget [229.28932188134468, 229.28932188134468, 229.28932188134468, 229.28932188134468]
 time taken: 46.41019105911255 seconds
  ------------------------------------------------------
Selected action: [(42, 78), (12, 5), (23, 71), (94, 80)]
 from position [(41, 77), (11, 4), (24, 70), (95, 79)]
 with remaining budget [227.87510831897157, 227.87510831897157, 227.87510831897157, 227.87510831897157]
 time taken: 46.09182596206665 seconds
  ------------------------------------------------------
Selected action: [(43, 77), (13, 6), (24, 70), (93, 81)]
 from position [(42, 78), (12, 5), (23, 71), (94, 80)]
 with remaining budget [226.46089475659846, 226.46089475659846, 226.46089475659846, 226.46089475659846]
 time taken: 46.06839394569397 seconds
  ------------------------------------------------------
Selected action: [(42, 78), (12, 7), (23, 71), (92, 82)]
 from position [(43, 77), (13, 6), (24, 70), (93, 81)]
 with remaining budget [225.04668119422536, 225.04668119422536, 225.04668119422536, 225.04668119422536]
 time taken: 45.099591970443726 seconds
  ------------------------------------------------------
Selected action: [(43, 77), (13, 6), (22, 70), (91, 81)]
 from position [(42, 78), (12, 7), (23, 71), (92, 82)]
 with remaining budget [223.63246763185225, 223.63246763185225, 223.63246763185225, 223.63246763185225]
 time taken: 45.0471670627594 seconds
  ------------------------------------------------------
Selected action: [(44, 78), (14, 5), (23, 71), (90, 80)]
 from position [(43, 77), (13, 6), (22, 70), (91, 81)]
 with remaining budget [222.21825406947914, 222.21825406947914, 222.21825406947914, 222.21825406947914]
 time taken: 44.71454381942749 seconds
  ------------------------------------------------------
Selected action: [(45, 79), (15, 6), (24, 70), (89, 81)]
 from position [(44, 78), (14, 5), (23, 71), (90, 80)]
 with remaining budget [220.80404050710604, 220.80404050710604, 220.80404050710604, 220.80404050710604]
 time taken: 44.16419506072998 seconds
  ------------------------------------------------------
Selected action: [(46, 80), (16, 5), (23, 71), (88, 80)]
 from position [(45, 79), (15, 6), (24, 70), (89, 81)]
 with remaining budget [219.38982694473293, 219.38982694473293, 219.38982694473293, 219.38982694473293]
 time taken: 43.596688985824585 seconds
  ------------------------------------------------------
Selected action: [(45, 81), (17, 6), (22, 72), (87, 81)]
 from position [(46, 80), (16, 5), (23, 71), (88, 80)]
 with remaining budget [217.97561338235982, 217.97561338235982, 217.97561338235982, 217.97561338235982]
 time taken: 43.56250715255737 seconds
  ------------------------------------------------------
Selected action: [(44, 80), (16, 5), (23, 73), (88, 82)]
 from position [(45, 81), (17, 6), (22, 72), (87, 81)]
 with remaining budget [216.56139981998672, 216.56139981998672, 216.56139981998672, 216.56139981998672]
 time taken: 42.99472093582153 seconds
  ------------------------------------------------------
Selected action: [(45, 81), (15, 6), (22, 72), (89, 83)]
 from position [(44, 80), (16, 5), (23, 73), (88, 82)]
 with remaining budget [215.1471862576136, 215.1471862576136, 215.1471862576136, 215.1471862576136]
 time taken: 42.482250928878784 seconds
  ------------------------------------------------------
Selected action: [(46, 80), (16, 7), (21, 73), (88, 84)]
 from position [(45, 81), (15, 6), (22, 72), (89, 83)]
 with remaining budget [213.7329726952405, 213.7329726952405, 213.7329726952405, 213.7329726952405]
 time taken: 42.52832794189453 seconds
  ------------------------------------------------------
Selected action: [(47, 81), (15, 6), (20, 74), (87, 83)]
 from position [(46, 80), (16, 7), (21, 73), (88, 84)]
 with remaining budget [212.3187591328674, 212.3187591328674, 212.3187591328674, 212.3187591328674]
 time taken: 42.04342198371887 seconds
  ------------------------------------------------------
Selected action: [(48, 80), (16, 7), (19, 73), (88, 82)]
 from position [(47, 81), (15, 6), (20, 74), (87, 83)]
 with remaining budget [210.9045455704943, 210.9045455704943, 210.9045455704943, 210.9045455704943]
 time taken: 41.559911012649536 seconds
  ------------------------------------------------------
Selected action: [(49, 79), (17, 6), (18, 72), (89, 81)]
 from position [(48, 80), (16, 7), (19, 73), (88, 82)]
 with remaining budget [209.4903320081212, 209.4903320081212, 209.4903320081212, 209.4903320081212]
 time taken: 41.105839014053345 seconds
  ------------------------------------------------------
Selected action: [(50, 80), (16, 5), (19, 73), (90, 82)]
 from position [(49, 79), (17, 6), (18, 72), (89, 81)]
 with remaining budget [208.07611844574808, 208.07611844574808, 208.07611844574808, 208.07611844574808]
 time taken: 40.427003145217896 seconds
  ------------------------------------------------------
Selected action: [(51, 79), (15, 6), (18, 72), (91, 83)]
 from position [(50, 80), (16, 5), (19, 73), (90, 82)]
 with remaining budget [206.66190488337497, 206.66190488337497, 206.66190488337497, 206.66190488337497]
 time taken: 40.44200921058655 seconds
  ------------------------------------------------------
Selected action: [(50, 78), (14, 7), (17, 71), (92, 84)]
 from position [(51, 79), (15, 6), (18, 72), (91, 83)]
 with remaining budget [205.24769132100187, 205.24769132100187, 205.24769132100187, 205.24769132100187]
 time taken: 40.04980993270874 seconds
  ------------------------------------------------------
Selected action: [(49, 77), (15, 8), (16, 72), (93, 85)]
 from position [(50, 78), (14, 7), (17, 71), (92, 84)]
 with remaining budget [203.83347775862876, 203.83347775862876, 203.83347775862876, 203.83347775862876]
 time taken: 39.54822611808777 seconds
  ------------------------------------------------------
Selected action: [(50, 78), (14, 7), (17, 73), (94, 86)]
 from position [(49, 77), (15, 8), (16, 72), (93, 85)]
 with remaining budget [202.41926419625565, 202.41926419625565, 202.41926419625565, 202.41926419625565]
 time taken: 39.17648005485535 seconds
  ------------------------------------------------------
Selected action: [(51, 79), (15, 8), (16, 74), (93, 85)]
 from position [(50, 78), (14, 7), (17, 73), (94, 86)]
 with remaining budget [201.00505063388255, 201.00505063388255, 201.00505063388255, 201.00505063388255]
 time taken: 38.92648792266846 seconds
  ------------------------------------------------------
Selected action: [(50, 80), (16, 9), (15, 75), (94, 86)]
 from position [(51, 79), (15, 8), (16, 74), (93, 85)]
 with remaining budget [199.59083707150944, 199.59083707150944, 199.59083707150944, 199.59083707150944]
 time taken: 38.394237995147705 seconds
  ------------------------------------------------------
Selected action: [(49, 79), (17, 10), (14, 74), (93, 85)]
 from position [(50, 80), (16, 9), (15, 75), (94, 86)]
 with remaining budget [198.17662350913633, 198.17662350913633, 198.17662350913633, 198.17662350913633]
 time taken: 37.896876096725464 seconds
  ------------------------------------------------------
Selected action: [(48, 78), (18, 11), (13, 73), (92, 84)]
 from position [(49, 79), (17, 10), (14, 74), (93, 85)]
 with remaining budget [196.76240994676323, 196.76240994676323, 196.76240994676323, 196.76240994676323]
 time taken: 37.74949598312378 seconds
  ------------------------------------------------------
Selected action: [(49, 77), (17, 10), (14, 74), (93, 85)]
 from position [(48, 78), (18, 11), (13, 73), (92, 84)]
 with remaining budget [195.34819638439012, 195.34819638439012, 195.34819638439012, 195.34819638439012]
 time taken: 37.551843881607056 seconds
  ------------------------------------------------------
Selected action: [(50, 78), (16, 9), (13, 75), (94, 86)]
 from position [(49, 77), (17, 10), (14, 74), (93, 85)]
 with remaining budget [193.93398282201701, 193.93398282201701, 193.93398282201701, 193.93398282201701]
 time taken: 37.08843517303467 seconds
  ------------------------------------------------------
Selected action: [(49, 77), (17, 8), (14, 76), (93, 85)]
 from position [(50, 78), (16, 9), (13, 75), (94, 86)]
 with remaining budget [192.5197692596439, 192.5197692596439, 192.5197692596439, 192.5197692596439]
 time taken: 36.72801184654236 seconds
  ------------------------------------------------------
Selected action: [(50, 76), (16, 9), (13, 75), (92, 86)]
 from position [(49, 77), (17, 8), (14, 76), (93, 85)]
 with remaining budget [191.1055556972708, 191.1055556972708, 191.1055556972708, 191.1055556972708]
 time taken: 36.595906019210815 seconds
  ------------------------------------------------------
Selected action: [(51, 75), (15, 10), (12, 74), (93, 85)]
 from position [(50, 76), (16, 9), (13, 75), (92, 86)]
 with remaining budget [189.6913421348977, 189.6913421348977, 189.6913421348977, 189.6913421348977]
 time taken: 36.41254496574402 seconds
  ------------------------------------------------------
Selected action: [(50, 76), (16, 11), (13, 73), (92, 86)]
 from position [(51, 75), (15, 10), (12, 74), (93, 85)]
 with remaining budget [188.2771285725246, 188.2771285725246, 188.2771285725246, 188.2771285725246]
 time taken: 35.75387406349182 seconds
  ------------------------------------------------------
Selected action: [(49, 75), (17, 10), (12, 74), (93, 87)]
 from position [(50, 76), (16, 11), (13, 73), (92, 86)]
 with remaining budget [186.86291501015148, 186.86291501015148, 186.86291501015148, 186.86291501015148]
 time taken: 35.848166942596436 seconds
  ------------------------------------------------------
Selected action: [(50, 76), (18, 11), (11, 75), (94, 86)]
 from position [(49, 75), (17, 10), (12, 74), (93, 87)]
 with remaining budget [185.44870144777838, 185.44870144777838, 185.44870144777838, 185.44870144777838]
 time taken: 34.92402720451355 seconds
  ------------------------------------------------------
Selected action: [(49, 75), (19, 12), (10, 74), (93, 87)]
 from position [(50, 76), (18, 11), (11, 75), (94, 86)]
 with remaining budget [184.03448788540527, 184.03448788540527, 184.03448788540527, 184.03448788540527]
 time taken: 34.751429080963135 seconds
  ------------------------------------------------------
Selected action: [(50, 76), (18, 11), (11, 73), (92, 88)]
 from position [(49, 75), (19, 12), (10, 74), (93, 87)]
 with remaining budget [182.62027432303216, 182.62027432303216, 182.62027432303216, 182.62027432303216]
 time taken: 34.426162004470825 seconds
  ------------------------------------------------------
Selected action: [(51, 77), (19, 10), (12, 72), (91, 87)]
 from position [(50, 76), (18, 11), (11, 73), (92, 88)]
 with remaining budget [181.20606076065906, 181.20606076065906, 181.20606076065906, 181.20606076065906]
 time taken: 34.25818490982056 seconds
  ------------------------------------------------------
Selected action: [(50, 78), (18, 9), (11, 73), (92, 88)]
 from position [(51, 77), (19, 10), (12, 72), (91, 87)]
 with remaining budget [179.79184719828595, 179.79184719828595, 179.79184719828595, 179.79184719828595]
 time taken: 33.874596118927 seconds
  ------------------------------------------------------
Selected action: [(49, 79), (17, 10), (10, 74), (93, 87)]
 from position [(50, 78), (18, 9), (11, 73), (92, 88)]
 with remaining budget [179.79184719828595, 179.79184719828595, 179.79184719828595, 179.79184719828595]
 time taken: 33.76312303543091 seconds
  ------------------------------------------------------
Selected action: [(48, 78), (18, 9), (11, 75), (92, 86)]
 from position [(49, 79), (17, 10), (10, 74), (93, 87)]
 with remaining budget [178.37763363591284, 178.37763363591284, 178.37763363591284, 178.37763363591284]
 time taken: 33.51310205459595 seconds
  ------------------------------------------------------
Selected action: [(47, 79), (17, 10), (12, 74), (93, 87)]
 from position [(48, 78), (18, 9), (11, 75), (92, 86)]
 with remaining budget [176.96342007353974, 176.96342007353974, 176.96342007353974, 176.96342007353974]
 time taken: 33.30752491950989 seconds
  ------------------------------------------------------
Selected action: [(48, 78), (16, 11), (13, 73), (94, 86)]
 from position [(47, 79), (17, 10), (12, 74), (93, 87)]
 with remaining budget [176.96342007353974, 176.96342007353974, 176.96342007353974, 176.96342007353974]
 time taken: 33.491299867630005 seconds
  ------------------------------------------------------
Selected action: [(47, 77), (17, 12), (12, 74), (93, 85)]
 from position [(48, 78), (16, 11), (13, 73), (94, 86)]
 with remaining budget [175.54920651116663, 175.54920651116663, 175.54920651116663, 175.54920651116663]
 time taken: 33.135496854782104 seconds
  ------------------------------------------------------
Selected action: [(48, 76), (18, 11), (13, 75), (94, 84)]
 from position [(47, 77), (17, 12), (12, 74), (93, 85)]
 with remaining budget [174.13499294879352, 174.13499294879352, 174.13499294879352, 174.13499294879352]
 time taken: 32.79767608642578 seconds
  ------------------------------------------------------
Selected action: [(49, 75), (17, 10), (12, 74), (95, 83)]
 from position [(48, 76), (18, 11), (13, 75), (94, 84)]
 with remaining budget [172.72077938642042, 172.72077938642042, 172.72077938642042, 172.72077938642042]
 time taken: 32.30615592002869 seconds
  ------------------------------------------------------
Selected action: [(50, 74), (18, 11), (11, 73), (94, 84)]
 from position [(49, 75), (17, 10), (12, 74), (95, 83)]
 with remaining budget [171.3065658240473, 171.3065658240473, 171.3065658240473, 171.3065658240473]
 time taken: 32.18509006500244 seconds
  ------------------------------------------------------
Selected action: [(49, 75), (19, 10), (12, 74), (93, 85)]
 from position [(50, 74), (18, 11), (11, 73), (94, 84)]
 with remaining budget [169.8923522616742, 169.8923522616742, 169.8923522616742, 169.8923522616742]
 time taken: 31.65849494934082 seconds
  ------------------------------------------------------
Selected action: [(50, 76), (18, 11), (11, 75), (94, 84)]
 from position [(49, 75), (19, 10), (12, 74), (93, 85)]
 with remaining budget [168.4781386993011, 168.4781386993011, 168.4781386993011, 168.4781386993011]
 time taken: 31.297261953353882 seconds
  ------------------------------------------------------
Selected action: [(49, 75), (17, 10), (12, 76), (95, 83)]
 from position [(50, 76), (18, 11), (11, 75), (94, 84)]
 with remaining budget [167.063925136928, 167.063925136928, 167.063925136928, 167.063925136928]
 time taken: 31.240506172180176 seconds
  ------------------------------------------------------
Selected action: [(48, 74), (16, 9), (11, 75), (96, 82)]
 from position [(49, 75), (17, 10), (12, 76), (95, 83)]
 with remaining budget [165.64971157455489, 165.64971157455489, 165.64971157455489, 165.64971157455489]
 time taken: 30.949997186660767 seconds
  ------------------------------------------------------
Selected action: [(47, 73), (17, 8), (12, 76), (95, 81)]
 from position [(48, 74), (16, 9), (11, 75), (96, 82)]
 with remaining budget [164.23549801218178, 164.23549801218178, 164.23549801218178, 164.23549801218178]
 time taken: 30.61052894592285 seconds
  ------------------------------------------------------
Selected action: [(46, 72), (18, 7), (11, 77), (96, 80)]
 from position [(47, 73), (17, 8), (12, 76), (95, 81)]
 with remaining budget [162.82128444980867, 162.82128444980867, 162.82128444980867, 162.82128444980867]
 time taken: 30.373109102249146 seconds
  ------------------------------------------------------
Selected action: [(45, 73), (19, 6), (10, 76), (95, 81)]
 from position [(46, 72), (18, 7), (11, 77), (96, 80)]
 with remaining budget [161.40707088743557, 161.40707088743557, 161.40707088743557, 161.40707088743557]
 time taken: 30.037100076675415 seconds
  ------------------------------------------------------
Selected action: [(46, 72), (18, 5), (9, 77), (94, 80)]
 from position [(45, 73), (19, 6), (10, 76), (95, 81)]
 with remaining budget [159.99285732506246, 159.99285732506246, 159.99285732506246, 159.99285732506246]
 time taken: 29.870028018951416 seconds
  ------------------------------------------------------
Selected action: [(45, 71), (19, 6), (10, 78), (93, 79)]
 from position [(46, 72), (18, 5), (9, 77), (94, 80)]
 with remaining budget [158.57864376268935, 158.57864376268935, 158.57864376268935, 158.57864376268935]
 time taken: 29.469421863555908 seconds
  ------------------------------------------------------
Selected action: [(46, 70), (20, 7), (11, 77), (92, 80)]
 from position [(45, 71), (19, 6), (10, 78), (93, 79)]
 with remaining budget [157.16443020031625, 157.16443020031625, 157.16443020031625, 157.16443020031625]
 time taken: 29.220792055130005 seconds
  ------------------------------------------------------
Selected action: [(47, 69), (19, 8), (10, 76), (91, 79)]
 from position [(46, 70), (20, 7), (11, 77), (92, 80)]
 with remaining budget [155.75021663794314, 155.75021663794314, 155.75021663794314, 155.75021663794314]
 time taken: 29.10412096977234 seconds
  ------------------------------------------------------
Selected action: [(46, 70), (20, 7), (11, 77), (92, 78)]
 from position [(47, 69), (19, 8), (10, 76), (91, 79)]
 with remaining budget [154.33600307557003, 154.33600307557003, 154.33600307557003, 154.33600307557003]
 time taken: 28.73201084136963 seconds
  ------------------------------------------------------
Selected action: [(47, 71), (21, 8), (10, 76), (93, 77)]
 from position [(46, 70), (20, 7), (11, 77), (92, 78)]
 with remaining budget [154.33600307557003, 154.33600307557003, 154.33600307557003, 154.33600307557003]
 time taken: 28.62781000137329 seconds
  ------------------------------------------------------
Selected action: [(46, 70), (20, 9), (11, 77), (92, 78)]
 from position [(47, 71), (21, 8), (10, 76), (93, 77)]
 with remaining budget [152.92178951319693, 152.92178951319693, 152.92178951319693, 152.92178951319693]
 time taken: 28.68297505378723 seconds
  ------------------------------------------------------
Selected action: [(47, 71), (19, 8), (12, 78), (91, 77)]
 from position [(46, 70), (20, 9), (11, 77), (92, 78)]
 with remaining budget [151.50757595082382, 151.50757595082382, 151.50757595082382, 151.50757595082382]
 time taken: 28.47559881210327 seconds
  ------------------------------------------------------
Selected action: [(48, 72), (18, 7), (13, 77), (90, 78)]
 from position [(47, 71), (19, 8), (12, 78), (91, 77)]
 with remaining budget [150.0933623884507, 150.0933623884507, 150.0933623884507, 150.0933623884507]
 time taken: 27.901185035705566 seconds
  ------------------------------------------------------
Selected action: [(49, 73), (19, 8), (12, 78), (91, 77)]
 from position [(48, 72), (18, 7), (13, 77), (90, 78)]
 with remaining budget [148.6791488260776, 148.6791488260776, 148.6791488260776, 148.6791488260776]
 time taken: 27.80873703956604 seconds
  ------------------------------------------------------
Selected action: [(48, 74), (20, 7), (11, 79), (92, 76)]
 from position [(49, 73), (19, 8), (12, 78), (91, 77)]
 with remaining budget [147.2649352637045, 147.2649352637045, 147.2649352637045, 147.2649352637045]
 time taken: 27.443161010742188 seconds
  ------------------------------------------------------
Selected action: [(47, 75), (21, 6), (10, 80), (93, 77)]
 from position [(48, 74), (20, 7), (11, 79), (92, 76)]
 with remaining budget [145.8507217013314, 145.8507217013314, 145.8507217013314, 145.8507217013314]
 time taken: 27.374666929244995 seconds
  ------------------------------------------------------
Selected action: [(46, 74), (20, 5), (9, 81), (92, 76)]
 from position [(47, 75), (21, 6), (10, 80), (93, 77)]
 with remaining budget [144.4365081389583, 144.4365081389583, 144.4365081389583, 144.4365081389583]
 time taken: 26.923877954483032 seconds
  ------------------------------------------------------
Selected action: [(45, 75), (19, 4), (8, 80), (91, 75)]
 from position [(46, 74), (20, 5), (9, 81), (92, 76)]
 with remaining budget [143.02229457658518, 143.02229457658518, 143.02229457658518, 143.02229457658518]
 time taken: 26.57994508743286 seconds
  ------------------------------------------------------
Selected action: [(46, 74), (20, 5), (7, 81), (90, 74)]
 from position [(45, 75), (19, 4), (8, 80), (91, 75)]
 with remaining budget [141.60808101421208, 141.60808101421208, 141.60808101421208, 141.60808101421208]
 time taken: 26.355876207351685 seconds
  ------------------------------------------------------
Selected action: [(45, 73), (19, 6), (8, 80), (91, 73)]
 from position [(46, 74), (20, 5), (7, 81), (90, 74)]
 with remaining budget [140.19386745183897, 140.19386745183897, 140.19386745183897, 140.19386745183897]
 time taken: 26.41353702545166 seconds
  ------------------------------------------------------
Selected action: [(46, 74), (20, 7), (7, 79), (90, 74)]
 from position [(45, 73), (19, 6), (8, 80), (91, 73)]
 with remaining budget [138.77965388946586, 138.77965388946586, 138.77965388946586, 138.77965388946586]
 time taken: 26.06616497039795 seconds
  ------------------------------------------------------
Selected action: [(45, 73), (21, 8), (6, 80), (91, 73)]
 from position [(46, 74), (20, 7), (7, 79), (90, 74)]
 with remaining budget [137.36544032709276, 137.36544032709276, 137.36544032709276, 137.36544032709276]
 time taken: 25.886624097824097 seconds
  ------------------------------------------------------
Selected action: [(44, 72), (20, 9), (7, 79), (90, 74)]
 from position [(45, 73), (21, 8), (6, 80), (91, 73)]
 with remaining budget [135.95122676471965, 135.95122676471965, 135.95122676471965, 135.95122676471965]
 time taken: 25.61118483543396 seconds
  ------------------------------------------------------
Selected action: [(43, 73), (19, 10), (6, 78), (89, 75)]
 from position [(44, 72), (20, 9), (7, 79), (90, 74)]
 with remaining budget [134.53701320234654, 134.53701320234654, 134.53701320234654, 134.53701320234654]
 time taken: 25.29083800315857 seconds
  ------------------------------------------------------
Selected action: [(44, 74), (18, 11), (5, 79), (88, 76)]
 from position [(43, 73), (19, 10), (6, 78), (89, 75)]
 with remaining budget [133.12279963997344, 133.12279963997344, 133.12279963997344, 133.12279963997344]
 time taken: 25.087467193603516 seconds
  ------------------------------------------------------
Selected action: [(43, 75), (19, 10), (4, 78), (89, 77)]
 from position [(44, 74), (18, 11), (5, 79), (88, 76)]
 with remaining budget [131.70858607760033, 131.70858607760033, 131.70858607760033, 131.70858607760033]
 time taken: 24.80155301094055 seconds
  ------------------------------------------------------
Selected action: [(42, 74), (20, 9), (5, 77), (90, 76)]
 from position [(43, 75), (19, 10), (4, 78), (89, 77)]
 with remaining budget [130.29437251522722, 130.29437251522722, 130.29437251522722, 130.29437251522722]
 time taken: 25.004573106765747 seconds
  ------------------------------------------------------
Selected action: [(41, 73), (21, 8), (6, 76), (89, 77)]
 from position [(42, 74), (20, 9), (5, 77), (90, 76)]
 with remaining budget [128.88015895285412, 128.88015895285412, 128.88015895285412, 128.88015895285412]
 time taken: 24.36220693588257 seconds
  ------------------------------------------------------
Selected action: [(40, 72), (20, 9), (7, 77), (88, 78)]
 from position [(41, 73), (21, 8), (6, 76), (89, 77)]
 with remaining budget [127.46594539048102, 127.46594539048102, 127.46594539048102, 127.46594539048102]
 time taken: 24.12870192527771 seconds
  ------------------------------------------------------
Selected action: [(41, 71), (21, 8), (6, 78), (87, 77)]
 from position [(40, 72), (20, 9), (7, 77), (88, 78)]
 with remaining budget [126.05173182810793, 126.05173182810793, 126.05173182810793, 126.05173182810793]
 time taken: 24.203629970550537 seconds
  ------------------------------------------------------
Selected action: [(42, 70), (20, 7), (5, 79), (86, 78)]
 from position [(41, 71), (21, 8), (6, 78), (87, 77)]
 with remaining budget [124.63751826573484, 124.63751826573484, 124.63751826573484, 124.63751826573484]
 time taken: 23.96157193183899 seconds
  ------------------------------------------------------
Selected action: [(41, 71), (21, 8), (4, 80), (87, 77)]
 from position [(42, 70), (20, 7), (5, 79), (86, 78)]
 with remaining budget [123.22330470336175, 123.22330470336175, 123.22330470336175, 123.22330470336175]
 time taken: 23.63385796546936 seconds
  ------------------------------------------------------
Selected action: [(42, 70), (20, 7), (5, 81), (88, 76)]
 from position [(41, 71), (21, 8), (4, 80), (87, 77)]
 with remaining budget [121.80909114098866, 121.80909114098866, 121.80909114098866, 121.80909114098866]
 time taken: 23.46027898788452 seconds
  ------------------------------------------------------
Selected action: [(43, 71), (21, 8), (4, 82), (89, 75)]
 from position [(42, 70), (20, 7), (5, 81), (88, 76)]
 with remaining budget [120.39487757861556, 120.39487757861556, 120.39487757861556, 120.39487757861556]
 time taken: 23.477555990219116 seconds
  ------------------------------------------------------
Selected action: [(44, 70), (20, 9), (3, 83), (88, 74)]
 from position [(43, 71), (21, 8), (4, 82), (89, 75)]
 with remaining budget [118.98066401624247, 118.98066401624247, 118.98066401624247, 118.98066401624247]
 time taken: 23.11128807067871 seconds
  ------------------------------------------------------
Selected action: [(43, 69), (21, 8), (4, 84), (87, 73)]
 from position [(44, 70), (20, 9), (3, 83), (88, 74)]
 with remaining budget [117.56645045386938, 117.56645045386938, 117.56645045386938, 117.56645045386938]
 time taken: 22.809774160385132 seconds
  ------------------------------------------------------
Selected action: [(44, 68), (20, 9), (5, 83), (88, 72)]
 from position [(43, 69), (21, 8), (4, 84), (87, 73)]
 with remaining budget [116.15223689149629, 116.15223689149629, 116.15223689149629, 116.15223689149629]
 time taken: 22.777327060699463 seconds
  ------------------------------------------------------
Selected action: [(45, 69), (19, 10), (6, 82), (89, 73)]
 from position [(44, 68), (20, 9), (5, 83), (88, 72)]
 with remaining budget [114.7380233291232, 114.7380233291232, 114.7380233291232, 114.7380233291232]
 time taken: 22.68098497390747 seconds
  ------------------------------------------------------
Selected action: [(46, 70), (20, 9), (7, 81), (88, 74)]
 from position [(45, 69), (19, 10), (6, 82), (89, 73)]
 with remaining budget [113.3238097667501, 113.3238097667501, 113.3238097667501, 113.3238097667501]
 time taken: 22.370605945587158 seconds
  ------------------------------------------------------
Selected action: [(47, 69), (21, 8), (8, 82), (87, 75)]
 from position [(46, 70), (20, 9), (7, 81), (88, 74)]
 with remaining budget [113.3238097667501, 113.3238097667501, 113.3238097667501, 113.3238097667501]
 time taken: 22.44110608100891 seconds
  ------------------------------------------------------
Selected action: [(46, 70), (20, 9), (7, 83), (86, 76)]
 from position [(47, 69), (21, 8), (8, 82), (87, 75)]
 with remaining budget [111.90959620437701, 111.90959620437701, 111.90959620437701, 111.90959620437701]
 time taken: 21.98718810081482 seconds
  ------------------------------------------------------
Selected action: [(47, 69), (21, 10), (8, 82), (87, 75)]
 from position [(46, 70), (20, 9), (7, 83), (86, 76)]
 with remaining budget [110.49538264200392, 110.49538264200392, 110.49538264200392, 110.49538264200392]
 time taken: 22.04354500770569 seconds
  ------------------------------------------------------
Selected action: [(46, 70), (20, 11), (7, 81), (88, 74)]
 from position [(47, 69), (21, 10), (8, 82), (87, 75)]
 with remaining budget [109.08116907963083, 109.08116907963083, 109.08116907963083, 109.08116907963083]
 time taken: 21.69388484954834 seconds
  ------------------------------------------------------
Selected action: [(45, 71), (19, 10), (8, 82), (87, 73)]
 from position [(46, 70), (20, 11), (7, 81), (88, 74)]
 with remaining budget [109.08116907963083, 109.08116907963083, 109.08116907963083, 109.08116907963083]
 time taken: 21.664175033569336 seconds
  ------------------------------------------------------
Selected action: [(46, 72), (20, 9), (9, 81), (86, 72)]
 from position [(45, 71), (19, 10), (8, 82), (87, 73)]
 with remaining budget [109.08116907963083, 109.08116907963083, 109.08116907963083, 109.08116907963083]
 time taken: 21.742748022079468 seconds
  ------------------------------------------------------
Selected action: [(45, 73), (19, 8), (10, 82), (85, 73)]
 from position [(46, 72), (20, 9), (9, 81), (86, 72)]
 with remaining budget [107.66695551725773, 107.66695551725773, 107.66695551725773, 107.66695551725773]
 time taken: 21.72291088104248 seconds
  ------------------------------------------------------
Selected action: [(46, 74), (20, 7), (11, 81), (86, 72)]
 from position [(45, 73), (19, 8), (10, 82), (85, 73)]
 with remaining budget [106.25274195488464, 106.25274195488464, 106.25274195488464, 106.25274195488464]
 time taken: 21.5349760055542 seconds
  ------------------------------------------------------
Selected action: [(45, 75), (21, 8), (10, 80), (87, 73)]
 from position [(46, 74), (20, 7), (11, 81), (86, 72)]
 with remaining budget [104.83852839251155, 104.83852839251155, 104.83852839251155, 104.83852839251155]
 time taken: 21.194427967071533 seconds
  ------------------------------------------------------
Selected action: [(46, 76), (20, 7), (9, 79), (86, 74)]
 from position [(45, 75), (21, 8), (10, 80), (87, 73)]
 with remaining budget [104.83852839251155, 104.83852839251155, 104.83852839251155, 104.83852839251155]
 time taken: 21.111469984054565 seconds
  ------------------------------------------------------
Selected action: [(47, 77), (19, 6), (8, 78), (87, 73)]
 from position [(46, 76), (20, 7), (9, 79), (86, 74)]
 with remaining budget [103.42431483013846, 103.42431483013846, 103.42431483013846, 103.42431483013846]
 time taken: 20.83250093460083 seconds
  ------------------------------------------------------
Selected action: [(48, 76), (20, 5), (7, 77), (88, 74)]
 from position [(47, 77), (19, 6), (8, 78), (87, 73)]
 with remaining budget [102.01010126776536, 102.01010126776536, 102.01010126776536, 102.01010126776536]
 time taken: 20.53413200378418 seconds
  ------------------------------------------------------
Selected action: [(49, 77), (19, 4), (8, 76), (87, 73)]
 from position [(48, 76), (20, 5), (7, 77), (88, 74)]
 with remaining budget [102.01010126776536, 102.01010126776536, 102.01010126776536, 102.01010126776536]
 time taken: 20.653008937835693 seconds
  ------------------------------------------------------
Selected action: [(50, 76), (20, 3), (7, 75), (88, 72)]
 from position [(49, 77), (19, 4), (8, 76), (87, 73)]
 with remaining budget [100.59588770539227, 100.59588770539227, 100.59588770539227, 100.59588770539227]
 time taken: 20.242815017700195 seconds
  ------------------------------------------------------
Selected action: [(51, 77), (19, 2), (8, 74), (87, 73)]
 from position [(50, 76), (20, 3), (7, 75), (88, 72)]
 with remaining budget [99.18167414301918, 99.18167414301918, 99.18167414301918, 99.18167414301918]
 time taken: 20.34401798248291 seconds
  ------------------------------------------------------
Selected action: [(50, 78), (18, 1), (7, 75), (88, 72)]
 from position [(51, 77), (19, 2), (8, 74), (87, 73)]
 with remaining budget [97.76746058064609, 97.76746058064609, 97.76746058064609, 97.76746058064609]
 time taken: 19.88218092918396 seconds
  ------------------------------------------------------
Selected action: [(49, 79), (17, 2), (6, 76), (87, 71)]
 from position [(50, 78), (18, 1), (7, 75), (88, 72)]
 with remaining budget [96.353247018273, 96.353247018273, 96.353247018273, 96.353247018273]
 time taken: 19.56136918067932 seconds
  ------------------------------------------------------
Selected action: [(50, 80), (16, 3), (5, 77), (86, 70)]
 from position [(49, 79), (17, 2), (6, 76), (87, 71)]
 with remaining budget [94.9390334558999, 94.9390334558999, 94.9390334558999, 94.9390334558999]
 time taken: 19.315251111984253 seconds
  ------------------------------------------------------
Selected action: [(49, 81), (15, 2), (4, 76), (85, 69)]
 from position [(50, 80), (16, 3), (5, 77), (86, 70)]
 with remaining budget [93.52481989352681, 93.52481989352681, 93.52481989352681, 93.52481989352681]
 time taken: 19.04805898666382 seconds
  ------------------------------------------------------
Selected action: [(48, 80), (16, 1), (3, 77), (84, 70)]
 from position [(49, 81), (15, 2), (4, 76), (85, 69)]
 with remaining budget [92.11060633115372, 92.11060633115372, 92.11060633115372, 92.11060633115372]
 time taken: 18.686179876327515 seconds
  ------------------------------------------------------
Selected action: [(47, 79), (17, 2), (2, 76), (83, 69)]
 from position [(48, 80), (16, 1), (3, 77), (84, 70)]
 with remaining budget [90.69639276878063, 90.69639276878063, 90.69639276878063, 90.69639276878063]
 time taken: 18.183614015579224 seconds
  ------------------------------------------------------
Selected action: [(46, 78), (16, 3), (3, 77), (82, 70)]
 from position [(47, 79), (17, 2), (2, 76), (83, 69)]
 with remaining budget [89.28217920640753, 89.28217920640753, 89.28217920640753, 89.28217920640753]
 time taken: 18.2118980884552 seconds
  ------------------------------------------------------
Selected action: [(45, 77), (15, 4), (4, 76), (83, 69)]
 from position [(46, 78), (16, 3), (3, 77), (82, 70)]
 with remaining budget [87.86796564403444, 87.86796564403444, 87.86796564403444, 87.86796564403444]
 time taken: 18.085698127746582 seconds
  ------------------------------------------------------
Selected action: [(46, 78), (14, 3), (5, 75), (82, 70)]
 from position [(45, 77), (15, 4), (4, 76), (83, 69)]
 with remaining budget [87.86796564403444, 87.86796564403444, 87.86796564403444, 87.86796564403444]
 time taken: 17.479258060455322 seconds
  ------------------------------------------------------
Selected action: [(45, 79), (13, 2), (6, 74), (83, 71)]
 from position [(46, 78), (14, 3), (5, 75), (82, 70)]
 with remaining budget [86.45375208166135, 86.45375208166135, 86.45375208166135, 86.45375208166135]
 time taken: 16.64018201828003 seconds
  ------------------------------------------------------
Selected action: [(46, 78), (12, 1), (7, 75), (84, 72)]
 from position [(45, 79), (13, 2), (6, 74), (83, 71)]
 with remaining budget [85.03953851928826, 85.03953851928826, 85.03953851928826, 85.03953851928826]
 time taken: 17.492909908294678 seconds
  ------------------------------------------------------
Selected action: [(45, 79), (13, 2), (8, 74), (85, 71)]
 from position [(46, 78), (12, 1), (7, 75), (84, 72)]
 with remaining budget [83.62532495691516, 83.62532495691516, 83.62532495691516, 83.62532495691516]
 time taken: 17.447372913360596 seconds
  ------------------------------------------------------
Selected action: [(46, 78), (12, 3), (7, 75), (84, 70)]
 from position [(45, 79), (13, 2), (8, 74), (85, 71)]
 with remaining budget [83.62532495691516, 83.62532495691516, 83.62532495691516, 83.62532495691516]
 time taken: 16.760179042816162 seconds
  ------------------------------------------------------
Selected action: [(45, 79), (13, 4), (8, 76), (83, 69)]
 from position [(46, 78), (12, 3), (7, 75), (84, 70)]
 with remaining budget [82.21111139454207, 82.21111139454207, 82.21111139454207, 82.21111139454207]
 time taken: 16.74591898918152 seconds
  ------------------------------------------------------
Selected action: [(44, 80), (14, 3), (9, 75), (84, 68)]
 from position [(45, 79), (13, 4), (8, 76), (83, 69)]
 with remaining budget [80.79689783216898, 80.79689783216898, 80.79689783216898, 80.79689783216898]
 time taken: 15.505336999893188 seconds
  ------------------------------------------------------
Selected action: [(43, 79), (13, 2), (10, 76), (83, 67)]
 from position [(44, 80), (14, 3), (9, 75), (84, 68)]
 with remaining budget [79.38268426979589, 79.38268426979589, 79.38268426979589, 79.38268426979589]
 time taken: 16.02342414855957 seconds
  ------------------------------------------------------
Selected action: [(44, 80), (14, 1), (9, 77), (82, 66)]
 from position [(43, 79), (13, 2), (10, 76), (83, 67)]
 with remaining budget [77.9684707074228, 77.9684707074228, 77.9684707074228, 77.9684707074228]
 time taken: 15.3330979347229 seconds
  ------------------------------------------------------
Selected action: [(45, 79), (15, 2), (10, 76), (81, 65)]
 from position [(44, 80), (14, 1), (9, 77), (82, 66)]
 with remaining budget [76.5542571450497, 76.5542571450497, 76.5542571450497, 76.5542571450497]
 time taken: 15.918599128723145 seconds
  ------------------------------------------------------
Selected action: [(46, 80), (16, 3), (9, 77), (82, 64)]
 from position [(45, 79), (15, 2), (10, 76), (81, 65)]
 with remaining budget [75.14004358267661, 75.14004358267661, 75.14004358267661, 75.14004358267661]
 time taken: 14.340336799621582 seconds
  ------------------------------------------------------
Selected action: [(47, 79), (17, 2), (8, 78), (81, 63)]
 from position [(46, 80), (16, 3), (9, 77), (82, 64)]
 with remaining budget [73.72583002030352, 73.72583002030352, 73.72583002030352, 73.72583002030352]
 time taken: 14.727084159851074 seconds
  ------------------------------------------------------
Selected action: [(48, 80), (18, 1), (9, 77), (82, 64)]
 from position [(47, 79), (17, 2), (8, 78), (81, 63)]
 with remaining budget [72.31161645793043, 72.31161645793043, 72.31161645793043, 72.31161645793043]
 time taken: 13.135735988616943 seconds
  ------------------------------------------------------
Selected action: [(47, 81), (19, 2), (10, 78), (83, 65)]
 from position [(48, 80), (18, 1), (9, 77), (82, 64)]
 with remaining budget [72.31161645793043, 72.31161645793043, 72.31161645793043, 72.31161645793043]
 time taken: 14.059820890426636 seconds
  ------------------------------------------------------
Selected action: [(46, 80), (20, 1), (9, 77), (82, 66)]
 from position [(47, 81), (19, 2), (10, 78), (83, 65)]
 with remaining budget [70.89740289555733, 70.89740289555733, 70.89740289555733, 70.89740289555733]
 time taken: 13.890321016311646 seconds
  ------------------------------------------------------
Selected action: [(47, 79), (21, 2), (10, 78), (83, 67)]
 from position [(46, 80), (20, 1), (9, 77), (82, 66)]
 with remaining budget [69.48318933318424, 69.48318933318424, 69.48318933318424, 69.48318933318424]
 time taken: 13.154859066009521 seconds
  ------------------------------------------------------
Selected action: [(48, 80), (22, 1), (11, 77), (82, 68)]
 from position [(47, 79), (21, 2), (10, 78), (83, 67)]
 with remaining budget [68.06897577081115, 68.06897577081115, 68.06897577081115, 68.06897577081115]
 time taken: 11.60411286354065 seconds
  ------------------------------------------------------
Selected action: [(49, 81), (23, 2), (12, 76), (83, 69)]
 from position [(48, 80), (22, 1), (11, 77), (82, 68)]
 with remaining budget [66.65476220843806, 66.65476220843806, 66.65476220843806, 66.65476220843806]
 time taken: 12.16018009185791 seconds
  ------------------------------------------------------
Selected action: [(50, 82), (22, 3), (13, 77), (82, 68)]
 from position [(49, 81), (23, 2), (12, 76), (83, 69)]
 with remaining budget [65.24054864606497, 65.24054864606497, 65.24054864606497, 65.24054864606497]
 time taken: 11.411504983901978 seconds
  ------------------------------------------------------
Selected action: [(49, 81), (23, 2), (14, 76), (81, 69)]
 from position [(50, 82), (22, 3), (13, 77), (82, 68)]
 with remaining budget [63.82633508369187, 63.82633508369187, 63.82633508369187, 63.82633508369187]
 time taken: 11.730277061462402 seconds
  ------------------------------------------------------
Selected action: [(48, 82), (24, 3), (15, 77), (82, 70)]
 from position [(49, 81), (23, 2), (14, 76), (81, 69)]
 with remaining budget [62.41212152131878, 62.41212152131878, 62.41212152131878, 62.41212152131878]
 time taken: 11.393553972244263 seconds
  ------------------------------------------------------
Selected action: [(49, 81), (25, 2), (14, 76), (81, 69)]
 from position [(48, 82), (24, 3), (15, 77), (82, 70)]
 with remaining budget [60.99790795894569, 60.99790795894569, 60.99790795894569, 60.99790795894569]
 time taken: 10.411931991577148 seconds
  ------------------------------------------------------
Selected action: [(50, 82), (24, 3), (15, 75), (80, 68)]
 from position [(49, 81), (25, 2), (14, 76), (81, 69)]
 with remaining budget [59.5836943965726, 59.5836943965726, 59.5836943965726, 59.5836943965726]
 time taken: 9.796473026275635 seconds
  ------------------------------------------------------
Selected action: [(49, 81), (23, 4), (16, 74), (79, 67)]
 from position [(50, 82), (24, 3), (15, 75), (80, 68)]
 with remaining budget [58.169480834199504, 58.169480834199504, 58.169480834199504, 58.169480834199504]
 time taken: 10.356592893600464 seconds
  ------------------------------------------------------
Selected action: [(50, 82), (24, 5), (17, 75), (78, 66)]
 from position [(49, 81), (23, 4), (16, 74), (79, 67)]
 with remaining budget [56.75526727182641, 56.75526727182641, 56.75526727182641, 56.75526727182641]
 time taken: 9.801816940307617 seconds
  ------------------------------------------------------
Selected action: [(51, 81), (25, 4), (18, 74), (79, 67)]
 from position [(50, 82), (24, 5), (17, 75), (78, 66)]
 with remaining budget [55.34105370945332, 55.34105370945332, 55.34105370945332, 55.34105370945332]
 time taken: 9.871187925338745 seconds
  ------------------------------------------------------
Selected action: [(50, 80), (24, 3), (19, 73), (80, 68)]
 from position [(51, 81), (25, 4), (18, 74), (79, 67)]
 with remaining budget [53.92684014708023, 53.92684014708023, 53.92684014708023, 53.92684014708023]
 time taken: 9.292005062103271 seconds
  ------------------------------------------------------
Selected action: [(49, 79), (23, 2), (20, 74), (79, 67)]
 from position [(50, 80), (24, 3), (19, 73), (80, 68)]
 with remaining budget [53.92684014708023, 53.92684014708023, 53.92684014708023, 53.92684014708023]
 time taken: 8.748443126678467 seconds
  ------------------------------------------------------
Selected action: [(50, 80), (24, 1), (19, 75), (78, 66)]
 from position [(49, 79), (23, 2), (20, 74), (79, 67)]
 with remaining budget [53.92684014708023, 53.92684014708023, 53.92684014708023, 53.92684014708023]
 time taken: 9.633579969406128 seconds
  ------------------------------------------------------
Selected action: [(49, 81), (25, 2), (18, 74), (77, 67)]
 from position [(50, 80), (24, 1), (19, 75), (78, 66)]
 with remaining budget [52.512626584707135, 52.512626584707135, 52.512626584707135, 52.512626584707135]
 time taken: 8.294531106948853 seconds
  ------------------------------------------------------
Selected action: [(50, 80), (26, 3), (17, 73), (76, 66)]
 from position [(49, 81), (25, 2), (18, 74), (77, 67)]
 with remaining budget [51.09841302233404, 51.09841302233404, 51.09841302233404, 51.09841302233404]
 time taken: 8.093808889389038 seconds
  ------------------------------------------------------
Selected action: [(51, 79), (25, 2), (18, 72), (77, 65)]
 from position [(50, 80), (26, 3), (17, 73), (76, 66)]
 with remaining budget [49.68419945996095, 49.68419945996095, 49.68419945996095, 49.68419945996095]
 time taken: 8.070142984390259 seconds
  ------------------------------------------------------
Selected action: [(52, 78), (26, 3), (17, 73), (78, 64)]
 from position [(51, 79), (25, 2), (18, 72), (77, 65)]
 with remaining budget [48.26998589758786, 48.26998589758786, 48.26998589758786, 48.26998589758786]
 time taken: 7.443105936050415 seconds
  ------------------------------------------------------
Selected action: [(51, 79), (25, 4), (16, 74), (77, 65)]
 from position [(52, 78), (26, 3), (17, 73), (78, 64)]
 with remaining budget [46.855772335214766, 46.855772335214766, 46.855772335214766, 46.855772335214766]
 time taken: 6.948659181594849 seconds
  ------------------------------------------------------
Selected action: [(52, 80), (24, 5), (17, 75), (78, 66)]
 from position [(51, 79), (25, 4), (16, 74), (77, 65)]
 with remaining budget [46.855772335214766, 46.855772335214766, 46.855772335214766, 46.855772335214766]
 time taken: 7.0832200050354 seconds
  ------------------------------------------------------
Selected action: [(53, 81), (23, 4), (16, 74), (79, 67)]
 from position [(52, 80), (24, 5), (17, 75), (78, 66)]
 with remaining budget [45.441558772841674, 45.441558772841674, 45.441558772841674, 45.441558772841674]
 time taken: 6.48313307762146 seconds
  ------------------------------------------------------
Selected action: [(52, 82), (22, 5), (15, 75), (78, 66)]
 from position [(53, 81), (23, 4), (16, 74), (79, 67)]
 with remaining budget [44.02734521046858, 44.02734521046858, 44.02734521046858, 44.02734521046858]
 time taken: 6.478863954544067 seconds
  ------------------------------------------------------
Selected action: [(51, 83), (21, 4), (16, 76), (77, 65)]
 from position [(52, 82), (22, 5), (15, 75), (78, 66)]
 with remaining budget [42.61313164809549, 42.61313164809549, 42.61313164809549, 42.61313164809549]
 time taken: 6.168589115142822 seconds
  ------------------------------------------------------
Selected action: [(50, 82), (22, 5), (17, 75), (76, 66)]
 from position [(51, 83), (21, 4), (16, 76), (77, 65)]
 with remaining budget [41.1989180857224, 41.1989180857224, 41.1989180857224, 41.1989180857224]
 time taken: 5.809037923812866 seconds
  ------------------------------------------------------
Selected action: [(51, 83), (23, 4), (16, 74), (77, 65)]
 from position [(50, 82), (22, 5), (17, 75), (76, 66)]
 with remaining budget [41.1989180857224, 41.1989180857224, 41.1989180857224, 41.1989180857224]
 time taken: 5.811489820480347 seconds
  ------------------------------------------------------
Selected action: [(52, 82), (24, 3), (17, 75), (76, 66)]
 from position [(51, 83), (23, 4), (16, 74), (77, 65)]
 with remaining budget [41.1989180857224, 41.1989180857224, 41.1989180857224, 41.1989180857224]
 time taken: 5.6696250438690186 seconds
  ------------------------------------------------------
Selected action: [(53, 81), (25, 2), (16, 74), (75, 67)]
 from position [(52, 82), (24, 3), (17, 75), (76, 66)]
 with remaining budget [41.1989180857224, 41.1989180857224, 41.1989180857224, 41.1989180857224]
 time taken: 5.277605056762695 seconds
  ------------------------------------------------------
Selected action: [(54, 82), (24, 3), (17, 75), (76, 66)]
 from position [(53, 81), (25, 2), (16, 74), (75, 67)]
 with remaining budget [39.784704523349305, 39.784704523349305, 39.784704523349305, 39.784704523349305]
 time taken: 5.227807998657227 seconds
  ------------------------------------------------------
Selected action: [(53, 81), (25, 4), (18, 76), (75, 65)]
 from position [(54, 82), (24, 3), (17, 75), (76, 66)]
 with remaining budget [38.37049096097621, 38.37049096097621, 38.37049096097621, 38.37049096097621]
 time taken: 4.979680061340332 seconds
  ------------------------------------------------------
Selected action: [(54, 82), (24, 5), (19, 75), (76, 66)]
 from position [(53, 81), (25, 4), (18, 76), (75, 65)]
 with remaining budget [36.95627739860312, 36.95627739860312, 36.95627739860312, 36.95627739860312]
 time taken: 4.649021148681641 seconds
  ------------------------------------------------------
Selected action: [(53, 81), (23, 4), (18, 76), (75, 65)]
 from position [(54, 82), (24, 5), (19, 75), (76, 66)]
 with remaining budget [36.95627739860312, 36.95627739860312, 36.95627739860312, 36.95627739860312]
 time taken: 4.771351099014282 seconds
  ------------------------------------------------------
Selected action: [(54, 80), (22, 3), (17, 77), (76, 66)]
 from position [(53, 81), (23, 4), (18, 76), (75, 65)]
 with remaining budget [36.95627739860312, 36.95627739860312, 36.95627739860312, 36.95627739860312]
 time taken: 4.474135875701904 seconds
  ------------------------------------------------------
Selected action: [(55, 79), (21, 2), (16, 76), (77, 65)]
 from position [(54, 80), (22, 3), (17, 77), (76, 66)]
 with remaining budget [35.54206383623003, 35.54206383623003, 35.54206383623003, 35.54206383623003]
 time taken: 4.4072980880737305 seconds
  ------------------------------------------------------
Selected action: [(56, 78), (22, 3), (15, 77), (76, 64)]
 from position [(55, 79), (21, 2), (16, 76), (77, 65)]
 with remaining budget [34.127850273856936, 34.127850273856936, 34.127850273856936, 34.127850273856936]
 time taken: 4.208181858062744 seconds
  ------------------------------------------------------
Selected action: [(57, 77), (23, 4), (14, 76), (77, 65)]
 from position [(56, 78), (22, 3), (15, 77), (76, 64)]
 with remaining budget [32.713636711483844, 32.713636711483844, 32.713636711483844, 32.713636711483844]
 time taken: 3.560845136642456 seconds
  ------------------------------------------------------
Selected action: [(58, 76), (24, 5), (13, 75), (76, 64)]
 from position [(57, 77), (23, 4), (14, 76), (77, 65)]
 with remaining budget [31.299423149110748, 31.299423149110748, 31.299423149110748, 31.299423149110748]
 time taken: 3.458894968032837 seconds
  ------------------------------------------------------
Selected action: [(59, 77), (25, 6), (12, 74), (75, 65)]
 from position [(58, 76), (24, 5), (13, 75), (76, 64)]
 with remaining budget [29.885209586737652, 29.885209586737652, 29.885209586737652, 29.885209586737652]
 time taken: 3.2786808013916016 seconds
  ------------------------------------------------------
Selected action: [(58, 76), (26, 7), (13, 75), (74, 66)]
 from position [(59, 77), (25, 6), (12, 74), (75, 65)]
 with remaining budget [28.470996024364556, 28.470996024364556, 28.470996024364556, 28.470996024364556]
 time taken: 3.19461989402771 seconds
  ------------------------------------------------------
│  map 6  steps=213  dist=[301.2274887854705, 301.2274887854705, 301.2274887854705, 301.2274887854705]  rmse=0.10866852354068979  cov=3.53999994695186
6%  iou=0.11331133113311331  [7/50]
Selected action: [(57, 77), (25, 8), (14, 76), (73, 65)]
 from position [(58, 76), (26, 7), (13, 75), (74, 66)]
 with remaining budget [298.5857864376269, 298.5857864376269, 298.5857864376269, 298.5857864376269]
 time taken: 70.09827303886414 seconds
  ------------------------------------------------------
Selected action: [(58, 78), (26, 7), (13, 77), (72, 64)]
 from position [(57, 77), (25, 8), (14, 76), (73, 65)]
 with remaining budget [297.1715728752538, 297.1715728752538, 297.1715728752538, 297.1715728752538]
 time taken: 69.17787289619446 seconds
  ------------------------------------------------------
Selected action: [(59, 79), (27, 8), (12, 76), (73, 63)]
 from position [(58, 78), (26, 7), (13, 77), (72, 64)]
 with remaining budget [295.7573593128807, 295.7573593128807, 295.7573593128807, 295.7573593128807]
 time taken: 68.40579986572266 seconds
  ------------------------------------------------------
Selected action: [(60, 78), (26, 7), (13, 77), (72, 62)]
 from position [(59, 79), (27, 8), (12, 76), (73, 63)]
 with remaining budget [294.3431457505076, 294.3431457505076, 294.3431457505076, 294.3431457505076]
 time taken: 67.69948387145996 seconds
  ------------------------------------------------------
Selected action: [(61, 77), (25, 8), (14, 76), (73, 61)]
 from position [(60, 78), (26, 7), (13, 77), (72, 62)]
 with remaining budget [292.92893218813447, 292.92893218813447, 292.92893218813447, 292.92893218813447]
 time taken: 67.71651887893677 seconds
  ------------------------------------------------------
Selected action: [(60, 76), (24, 7), (13, 77), (72, 60)]
 from position [(61, 77), (25, 8), (14, 76), (73, 61)]
 with remaining budget [291.51471862576136, 291.51471862576136, 291.51471862576136, 291.51471862576136]
 time taken: 66.36857795715332 seconds
  ------------------------------------------------------
Selected action: [(59, 77), (23, 6), (14, 76), (73, 61)]
 from position [(60, 76), (24, 7), (13, 77), (72, 60)]
 with remaining budget [290.10050506338825, 290.10050506338825, 290.10050506338825, 290.10050506338825]
 time taken: 66.21900486946106 seconds
  ------------------------------------------------------
Selected action: [(58, 78), (24, 7), (15, 77), (72, 60)]
 from position [(59, 77), (23, 6), (14, 76), (73, 61)]
 with remaining budget [288.68629150101515, 288.68629150101515, 288.68629150101515, 288.68629150101515]
 time taken: 66.18543982505798 seconds
  ------------------------------------------------------
Selected action: [(57, 77), (25, 8), (16, 76), (71, 61)]
 from position [(58, 78), (24, 7), (15, 77), (72, 60)]
 with remaining budget [287.27207793864204, 287.27207793864204, 287.27207793864204, 287.27207793864204]
 time taken: 65.37979197502136 seconds
  ------------------------------------------------------
Selected action: [(56, 78), (24, 7), (17, 75), (70, 60)]
 from position [(57, 77), (25, 8), (16, 76), (71, 61)]
 with remaining budget [285.85786437626894, 285.85786437626894, 285.85786437626894, 285.85786437626894]
 time taken: 64.95297503471375 seconds
  ------------------------------------------------------
Selected action: [(57, 79), (25, 6), (18, 74), (71, 61)]
 from position [(56, 78), (24, 7), (17, 75), (70, 60)]
 with remaining budget [284.44365081389583, 284.44365081389583, 284.44365081389583, 284.44365081389583]
 time taken: 64.55174398422241 seconds
  ------------------------------------------------------
Selected action: [(56, 80), (24, 7), (19, 73), (70, 60)]
 from position [(57, 79), (25, 6), (18, 74), (71, 61)]
 with remaining budget [283.0294372515227, 283.0294372515227, 283.0294372515227, 283.0294372515227]
 time taken: 64.62737202644348 seconds
  ------------------------------------------------------
Selected action: [(57, 81), (23, 6), (20, 72), (71, 59)]
 from position [(56, 80), (24, 7), (19, 73), (70, 60)]
 with remaining budget [281.6152236891496, 281.6152236891496, 281.6152236891496, 281.6152236891496]
 time taken: 63.28520917892456 seconds
  ------------------------------------------------------
Selected action: [(58, 82), (22, 7), (21, 71), (72, 60)]
 from position [(57, 81), (23, 6), (20, 72), (71, 59)]
 with remaining budget [280.2010101267765, 280.2010101267765, 280.2010101267765, 280.2010101267765]
 time taken: 63.07387900352478 seconds
  ------------------------------------------------------
Selected action: [(57, 81), (21, 8), (20, 70), (71, 59)]
 from position [(58, 82), (22, 7), (21, 71), (72, 60)]
 with remaining budget [278.7867965644034, 278.7867965644034, 278.7867965644034, 278.7867965644034]
 time taken: 62.28918409347534 seconds
  ------------------------------------------------------
Selected action: [(56, 80), (22, 7), (19, 69), (72, 58)]
 from position [(57, 81), (21, 8), (20, 70), (71, 59)]
 with remaining budget [277.3725830020303, 277.3725830020303, 277.3725830020303, 277.3725830020303]
 time taken: 61.26274490356445 seconds
  ------------------------------------------------------
Selected action: [(57, 79), (21, 6), (18, 70), (73, 57)]
 from position [(56, 80), (22, 7), (19, 69), (72, 58)]
 with remaining budget [275.9583694396572, 275.9583694396572, 275.9583694396572, 275.9583694396572]
 time taken: 61.05432605743408 seconds
  ------------------------------------------------------
Selected action: [(58, 78), (20, 7), (19, 71), (72, 56)]
 from position [(57, 79), (21, 6), (18, 70), (73, 57)]
 with remaining budget [274.5441558772841, 274.5441558772841, 274.5441558772841, 274.5441558772841]
 time taken: 60.65052914619446 seconds
  ------------------------------------------------------
Selected action: [(57, 79), (19, 8), (18, 70), (71, 57)]
 from position [(58, 78), (20, 7), (19, 71), (72, 56)]
 with remaining budget [273.129942314911, 273.129942314911, 273.129942314911, 273.129942314911]
 time taken: 60.23025989532471 seconds
  ------------------------------------------------------
Selected action: [(56, 78), (20, 9), (19, 71), (72, 58)]
 from position [(57, 79), (19, 8), (18, 70), (71, 57)]
 with remaining budget [271.71572875253787, 271.71572875253787, 271.71572875253787, 271.71572875253787]
 time taken: 59.49351620674133 seconds
  ------------------------------------------------------
Selected action: [(58, 80), (19, 8), (18, 70), (69, 61)]
 from position [(56, 78), (20, 9), (19, 71), (72, 58)]
 with remaining budget [268.88730162779166, 270.30151519016476, 270.30151519016476, 267.4730880654186]
 time taken: 58.96904897689819 seconds
  ------------------------------------------------------
Selected action: [(67, 63), (56, 82), (20, 7), (19, 71)]
 from position [(58, 80), (19, 8), (18, 70), (69, 61)]
 with remaining budget [248.1593795664338, 180.97561338236025, 206.47308806541858, 213.33095244168766]
 time taken: 59.01858305931091 seconds
  ------------------------------------------------------
Selected action: [(55, 83), (21, 6), (20, 70), (71, 59)]
 from position [(67, 63), (56, 82), (20, 7), (19, 71)]
 with remaining budget [223.18881681795668, 90.47813869930192, 143.47308806541858, 156.36038969321052]
 time taken: 41.97406315803528 seconds
  ------------------------------------------------------
Selected action: [(20, 7), (21, 71), (69, 57), (54, 82)]
 from position [(55, 83), (21, 6), (20, 70), (71, 59)]
 with remaining budget [132.69134213489835, 25.478138699301923, 89.08831175456834, 126.31875913286791]
 time taken: 26.91433310508728 seconds
  ------------------------------------------------------
Selected action: [(20, 72), (71, 55), (53, 81), (19, 6)]
 from position [(20, 7), (21, 71), (69, 57), (54, 82)]
 with remaining budget [67.69134213489835, 0.0, 58.46089475659882, 35.82128444980958]
 time taken: 24.376134157180786 seconds
  ------------------------------------------------------
│  map 7  steps=25  dist=[222.34386859629643, 313.60259755398977, 235.26980047337094, 249.15644120220037]  rmse=0.06738328933547104  cov=6.36999979615
2115%  iou=0.6788990825688074  [8/50]
Selected action: [(19, 73), (72, 54), (54, 82), (18, 7)]
 from position [(20, 72), (71, 55), (53, 81), (19, 6)]
 with remaining budget [298.5857864376269, 298.5857864376269, 298.5857864376269, 298.5857864376269]
 time taken: 70.67631006240845 seconds
  ------------------------------------------------------
Selected action: [(18, 74), (70, 56), (56, 84), (17, 6)]
 from position [(19, 73), (72, 54), (54, 82), (18, 7)]
 with remaining budget [297.1715728752538, 295.7573593128807, 295.7573593128807, 297.1715728752538]
 time taken: 67.41321086883545 seconds
  ------------------------------------------------------
Selected action: [(69, 57), (57, 83), (19, 75), (18, 5)]
 from position [(18, 74), (70, 56), (56, 84), (17, 6)]
 with remaining budget [239.12994231491118, 263.3725830020304, 255.02943725152284, 295.7573593128807]
 time taken: 68.32159495353699 seconds
  ------------------------------------------------------
Selected action: [(71, 55), (18, 76), (56, 84), (17, 6)]
 from position [(69, 57), (57, 83), (19, 75), (18, 5)]
 with remaining budget [236.301515190165, 221.47308806541875, 214.301515190165, 294.3431457505076]
 time taken: 57.51947999000549 seconds
  ------------------------------------------------------
Selected action: [(55, 85), (19, 75), (72, 56), (18, 7)]
 from position [(71, 55), (18, 76), (56, 84), (17, 6)]
 with remaining budget [199.67409819219546, 220.05887450304564, 179.67409819219546, 292.92893218813447]
 time taken: 44.446388959884644 seconds
  ------------------------------------------------------
Selected action: [(70, 54), (56, 84), (18, 76), (17, 6)]
 from position [(55, 85), (19, 75), (72, 56), (18, 7)]
 with remaining budget [162.46089475659903, 179.33095244168777, 117.38982694473356, 291.51471862576136]
 time taken: 43.6335129737854 seconds
  ------------------------------------------------------
Selected action: [(17, 75), (69, 53), (57, 83), (16, 7)]
 from position [(70, 54), (56, 84), (18, 76), (17, 6)]
 with remaining budget [100.76240994676404, 142.94617613083753, 75.4903320081219, 290.10050506338825]
 time taken: 33.165749073028564 seconds
  ------------------------------------------------------
Selected action: [(56, 82), (18, 74), (71, 51), (15, 8)]
 from position [(17, 75), (69, 53), (57, 83), (16, 7)]
 with remaining budget [58.86291501015237, 83.24769132100253, 37.69134213489856, 288.68629150101515]
 time taken: 25.2607581615448 seconds
  ------------------------------------------------------
Selected action: [(70, 52), (55, 81), (17, 73), (14, 7)]
 from position [(56, 82), (18, 74), (71, 51), (15, 8)]
 with remaining budget [23.063925136929036, 43.34819638439087, 0.0, 287.27207793864204]
 time taken: 16.559802055358887 seconds
  ------------------------------------------------------
│  map 8  steps=9  dist=[257.59181266956847, 239.7517357466926, 303.0953657884213, 12.727922061357859]  rmse=0.11409028315860317  cov=4.47999984025955
2%  iou=0.22967327262988751  [9/50]
Selected action: [(69, 53), (56, 80), (18, 74), (13, 8)]
 from position [(70, 52), (55, 81), (17, 73), (14, 7)]
 with remaining budget [298.5857864376269, 298.5857864376269, 298.5857864376269, 298.5857864376269]
 time taken: 71.69954299926758 seconds
  ------------------------------------------------------
Selected action: [(68, 54), (57, 79), (17, 75), (14, 7)]
 from position [(69, 53), (56, 80), (18, 74), (13, 8)]
 with remaining budget [297.1715728752538, 297.1715728752538, 297.1715728752538, 297.1715728752538]
 time taken: 70.02644205093384 seconds
  ------------------------------------------------------
Selected action: [(67, 55), (58, 80), (16, 74), (13, 6)]
 from position [(68, 54), (57, 79), (17, 75), (14, 7)]
 with remaining budget [295.7573593128807, 295.7573593128807, 295.7573593128807, 295.7573593128807]
 time taken: 68.44124221801758 seconds
  ------------------------------------------------------
Selected action: [(68, 54), (59, 79), (17, 75), (14, 7)]
 from position [(67, 55), (58, 80), (16, 74), (13, 6)]
 with remaining budget [294.3431457505076, 294.3431457505076, 294.3431457505076, 294.3431457505076]
 time taken: 68.76241397857666 seconds
  ------------------------------------------------------
Selected action: [(67, 55), (60, 80), (18, 74), (13, 6)]
 from position [(68, 54), (59, 79), (17, 75), (14, 7)]
 with remaining budget [292.92893218813447, 292.92893218813447, 292.92893218813447, 292.92893218813447]
 time taken: 67.73311495780945 seconds
  ------------------------------------------------------
Selected action: [(66, 54), (59, 79), (17, 73), (14, 5)]
 from position [(67, 55), (60, 80), (18, 74), (13, 6)]
 with remaining budget [291.51471862576136, 291.51471862576136, 291.51471862576136, 291.51471862576136]
 time taken: 67.34100294113159 seconds
  ------------------------------------------------------
Selected action: [(67, 55), (60, 80), (16, 74), (15, 6)]
 from position [(66, 54), (59, 79), (17, 73), (14, 5)]
 with remaining budget [290.10050506338825, 290.10050506338825, 290.10050506338825, 290.10050506338825]
 time taken: 67.21349883079529 seconds
  ------------------------------------------------------
Selected action: [(68, 56), (61, 81), (17, 73), (16, 7)]
 from position [(67, 55), (60, 80), (16, 74), (15, 6)]
 with remaining budget [288.68629150101515, 288.68629150101515, 288.68629150101515, 288.68629150101515]
 time taken: 66.23240518569946 seconds
  ------------------------------------------------------
Selected action: [(65, 53), (63, 83), (16, 74), (18, 5)]
 from position [(68, 56), (61, 81), (17, 73), (16, 7)]
 with remaining budget [284.4436508138959, 285.85786437626894, 287.27207793864204, 285.85786437626894]
 time taken: 61.81075882911682 seconds
  ------------------------------------------------------
Selected action: [(64, 52), (62, 84), (17, 6), (15, 75)]
 from position [(65, 53), (63, 83), (16, 74), (18, 5)]
 with remaining budget [283.0294372515228, 284.44365081389583, 218.85786437626894, 214.61522368914964]
 time taken: 64.04602980613708 seconds
  ------------------------------------------------------
Selected action: [(14, 74), (18, 7), (63, 51), (63, 83)]
 from position [(64, 52), (62, 84), (17, 6), (15, 75)]
 with remaining budget [223.9167388793147, 189.21825406947966, 154.21825406947966, 163.30151519016488]
 time taken: 64.04074215888977 seconds
  ------------------------------------------------------
Selected action: [(67, 47), (64, 84), (17, 8), (13, 75)]
 from position [(14, 74), (18, 7), (63, 51), (63, 83)]
 with remaining budget [159.73297269524113, 93.16443020031728, 90.40707088743656, 109.98780669118011]
 time taken: 35.552778005599976 seconds
  ------------------------------------------------------
Selected action: [(16, 7), (65, 83), (12, 76), (69, 45)]
 from position [(67, 47), (64, 84), (17, 8), (13, 75)]
 with remaining budget [92.16443020031733, 91.75021663794419, 20.336003075571085, 41.56139981998726]
 time taken: 21.598511219024658 seconds
  ------------------------------------------------------
Selected action: [(13, 75), (68, 44), (64, 84), (17, 6)]
 from position [(16, 7), (65, 83), (12, 76), (69, 45)]
 with remaining budget [22.921789513198036, 51.50757595082491, 0.0, 0.0]
 time taken: 18.98839497566223 seconds
  ------------------------------------------------------
│  map 9  steps=14  dist=[263.95891930868174, 234.4645363969417, 328.8494842303312, 312.0339683902931]  rmse=0.10678095788946435  cov=7.64999985694885
25%  iou=0.2569520174482007  [10/50]
└─ done

┌─ model=ensemble  policy=mcts
Selected action: [(46, 46), (56, 46), (46, 56), (64, 64)]
 from position [[50, 50], [60, 50], [50, 60], [60, 60]]
 with remaining budget [294.34314575050763, 294.34314575050763, 294.34314575050763, 294.34314575050763]
 time taken: 68.96509289741516 seconds
  ------------------------------------------------------
Selected action: [(42, 42), (60, 42), (42, 60), (68, 68)]
 from position [(46, 46), (56, 46), (46, 56), (64, 64)]
 with remaining budget [288.68629150101526, 288.68629150101526, 288.68629150101526, 288.68629150101526]
 time taken: 59.22727298736572 seconds
  ------------------------------------------------------
Selected action: [(38, 38), (64, 38), (38, 60), (72, 64)]
 from position [(42, 42), (60, 42), (42, 60), (68, 68)]
 with remaining budget [283.0294372515229, 283.0294372515229, 284.68629150101526, 283.0294372515229]
 time taken: 57.53389811515808 seconds
  ------------------------------------------------------
Selected action: [(34, 34), (67, 35), (75, 61), (34, 60)]
 from position [(38, 38), (64, 38), (38, 60), (72, 64)]
 with remaining budget [277.3725830020305, 278.78679656440363, 247.27207793864216, 243.37258300203052]
 time taken: 55.36176800727844 seconds
  ------------------------------------------------------
Selected action: [(30, 56), (78, 64), (30, 30), (70, 32)]
 from position [(34, 34), (67, 35), (75, 61), (34, 60)]
 with remaining budget [253.71572875253815, 245.23044737829957, 189.4314575050762, 195.77460325558386]
 time taken: 52.57487893104553 seconds
  ------------------------------------------------------
Selected action: [(26, 26), (73, 29), (81, 67), (26, 56)]
 from position [(30, 56), (78, 64), (30, 30), (70, 32)]
 with remaining budget [222.05887450304579, 208.1593795664341, 123.10555569727168, 141.83347775862956]
 time taken: 44.25371479988098 seconds
  ------------------------------------------------------
Selected action: [(78, 70), (22, 52), (76, 32), (22, 22)]
 from position [(26, 26), (73, 29), (81, 67), (26, 56)]
 with remaining budget [151.8334777586296, 147.6324676318529, 86.03448788540621, 106.17662350913717]
 time taken: 35.542359828948975 seconds
  ------------------------------------------------------
Selected action: [(79, 35), (18, 18), (18, 48), (81, 67)]
 from position [(78, 70), (22, 52), (76, 32), (22, 22)]
 with remaining budget [116.41926419625652, 111.97561338236052, 21.40707088743669, 28.537013202347893]
 time taken: 23.844406843185425 seconds
  ------------------------------------------------------
Selected action: [(22, 52), (78, 64), (14, 14), (76, 32)]
 from position [(79, 35), (18, 18), (18, 48), (81, 67)]
 with remaining budget [52.37763363591391, 32.92178951319815, 0.0, 0.0]
 time taken: 2.7724251747131348 seconds
  ------------------------------------------------------
Traceback (most recent call last):
  File "/mnt/sdb/Alejandro_C/uncertainty-multiasv/scenario/run_experiments.py", line 404, in <module>
    main()
  File "/mnt/sdb/Alejandro_C/uncertainty-multiasv/scenario/run_experiments.py", line 353, in main
    summary = run_episode(
  File "/mnt/sdb/Alejandro_C/uncertainty-multiasv/scenario/run_experiments.py", line 217, in run_episode
    obs, done, info = env.step(action)
  File "/mnt/sdb/Alejandro_C/uncertainty-multiasv/scenario/extended_scenario.py", line 126, in step
    obs_map, obs_mask = super().step(action)
  File "/mnt/sdb/Alejandro_C/uncertainty-multiasv/scenario/scenario.py", line 159, in step
    r1 = int(np.clip(act[0], 0, self.H - 1))
TypeError: 'int' object is not subscriptable
(alec) azken@azken-W45:/mnt/sdb/Alejandro_C/uncertainty-multiasv$ [200~tmux capture-pane -pS - > file.out
[200~tmux: command not found
(alec) azken@azken-W45:/mnt/sdb/Alejandro_C/uncertainty-multiasv$ tmux capture-pane -pS - > file.out

